# Educational demo, toy model. Not research, not for lab or clinical use.
# Neuron on axis, 0.5 or 1 mm below a 200 um / NA 0.22 fibre tip. 20 pulses per train.
# following_score = fraction of pulses answered by exactly one spike (B's Hodgkin-Huxley neuron + photocycle).
# warming_C_estimate = upper estimate of the peak rise at the hottest point for a long train (steady mean + one pulse).
# Grid points with more than 30 mW/mm^2 at the neuron are not computed (B's fixed step is not accurate there).
switch,wavelength_nm,ref_depth_mm,width_ms,rate_Hz,peak_mW,duty,irradiance_at_ref_mW_mm2,following_score,warming_C_estimate,follows_at_all_lower_rates,within_0.5C,within_1C,within_2C
ChR2 (Williams 2013),470,0.5,0.5,10,0.25,0.005,0.6242,0,0.001043,False,True,True,True
ChR2 (Williams 2013),470,0.5,0.5,10,0.3536,0.005,0.8828,0,0.001475,False,True,True,True
ChR2 (Williams 2013),470,0.5,0.5,10,0.5,0.005,1.248,0,0.002086,False,True,True,True
ChR2 (Williams 2013),470,0.5,0.5,10,0.7071,0.005,1.765,0,0.00295,False,True,True,True
ChR2 (Williams 2013),470,0.5,0.5,10,1,0.005,2.497,0,0.004172,False,True,True,True
ChR2 (Williams 2013),470,0.5,0.5,10,1.414,0.005,3.531,0,0.0059,False,True,True,True
ChR2 (Williams 2013),470,0.5,0.5,10,2,0.005,4.993,0,0.008344,False,True,True,True
ChR2 (Williams 2013),470,0.5,0.5,10,2.828,0.005,7.062,0,0.0118,False,True,True,True
ChR2 (Williams 2013),470,0.5,0.5,10,4,0.005,9.987,0.05,0.01669,False,True,True,True
ChR2 (Williams 2013),470,0.5,0.5,10,5.657,0.005,14.12,0.75,0.0236,False,True,True,True
ChR2 (Williams 2013),470,0.5,0.5,10,8,0.005,19.97,1,0.03338,True,True,True,True
ChR2 (Williams 2013),470,0.5,0.5,10,11.31,0.005,28.25,1,0.0472,True,True,True,True
ChR2 (Williams 2013),470,0.5,0.5,20,0.25,0.01,0.6242,0,0.001522,False,True,True,True
ChR2 (Williams 2013),470,0.5,0.5,20,0.3536,0.01,0.8828,0,0.002153,False,True,True,True
ChR2 (Williams 2013),470,0.5,0.5,20,0.5,0.01,1.248,0,0.003044,False,True,True,True
ChR2 (Williams 2013),470,0.5,0.5,20,0.7071,0.01,1.765,0,0.004305,False,True,True,True
ChR2 (Williams 2013),470,0.5,0.5,20,1,0.01,2.497,0,0.006089,False,True,True,True
ChR2 (Williams 2013),470,0.5,0.5,20,1.414,0.01,3.531,0,0.008611,False,True,True,True
ChR2 (Williams 2013),470,0.5,0.5,20,2,0.01,4.993,0,0.01218,False,True,True,True
ChR2 (Williams 2013),470,0.5,0.5,20,2.828,0.01,7.062,0,0.01722,False,True,True,True
ChR2 (Williams 2013),470,0.5,0.5,20,4,0.01,9.987,0.05,0.02436,False,True,True,True
ChR2 (Williams 2013),470,0.5,0.5,20,5.657,0.01,14.12,0.7,0.03444,False,True,True,True
ChR2 (Williams 2013),470,0.5,0.5,20,8,0.01,19.97,1,0.04871,True,True,True,True
ChR2 (Williams 2013),470,0.5,0.5,20,11.31,0.01,28.25,1,0.06889,True,True,True,True
ChR2 (Williams 2013),470,0.5,0.5,40,0.25,0.02,0.6242,0,0.002481,False,True,True,True
ChR2 (Williams 2013),470,0.5,0.5,40,0.3536,0.02,0.8828,0,0.003509,False,True,True,True
ChR2 (Williams 2013),470,0.5,0.5,40,0.5,0.02,1.248,0,0.004961,False,True,True,True
ChR2 (Williams 2013),470,0.5,0.5,40,0.7071,0.02,1.765,0,0.007016,False,True,True,True
ChR2 (Williams 2013),470,0.5,0.5,40,1,0.02,2.497,0,0.009923,False,True,True,True
ChR2 (Williams 2013),470,0.5,0.5,40,1.414,0.02,3.531,0,0.01403,False,True,True,True
ChR2 (Williams 2013),470,0.5,0.5,40,2,0.02,4.993,0,0.01985,False,True,True,True
ChR2 (Williams 2013),470,0.5,0.5,40,2.828,0.02,7.062,0,0.02806,False,True,True,True
ChR2 (Williams 2013),470,0.5,0.5,40,4,0.02,9.987,0.05,0.03969,False,True,True,True
ChR2 (Williams 2013),470,0.5,0.5,40,5.657,0.02,14.12,0.6,0.05613,False,True,True,True
ChR2 (Williams 2013),470,0.5,0.5,40,8,0.02,19.97,0.95,0.07938,True,True,True,True
ChR2 (Williams 2013),470,0.5,0.5,40,11.31,0.02,28.25,1,0.1123,True,True,True,True
ChR2 (Williams 2013),470,0.5,0.5,60,0.25,0.03,0.6242,0,0.003439,False,True,True,True
ChR2 (Williams 2013),470,0.5,0.5,60,0.3536,0.03,0.8828,0,0.004864,False,True,True,True
ChR2 (Williams 2013),470,0.5,0.5,60,0.5,0.03,1.248,0,0.006878,False,True,True,True
ChR2 (Williams 2013),470,0.5,0.5,60,0.7071,0.03,1.765,0,0.009727,False,True,True,True
ChR2 (Williams 2013),470,0.5,0.5,60,1,0.03,2.497,0,0.01376,False,True,True,True
ChR2 (Williams 2013),470,0.5,0.5,60,1.414,0.03,3.531,0,0.01945,False,True,True,True
ChR2 (Williams 2013),470,0.5,0.5,60,2,0.03,4.993,0,0.02751,False,True,True,True
ChR2 (Williams 2013),470,0.5,0.5,60,2.828,0.03,7.062,0,0.03891,False,True,True,True
ChR2 (Williams 2013),470,0.5,0.5,60,4,0.03,9.987,0.05,0.05502,False,True,True,True
ChR2 (Williams 2013),470,0.5,0.5,60,5.657,0.03,14.12,0.5,0.07782,False,True,True,True
ChR2 (Williams 2013),470,0.5,0.5,60,8,0.03,19.97,0.85,0.11,False,True,True,True
ChR2 (Williams 2013),470,0.5,0.5,60,11.31,0.03,28.25,1,0.1556,True,True,True,True
ChR2 (Williams 2013),470,0.5,0.5,80,0.25,0.04,0.6242,0,0.004397,False,True,True,True
ChR2 (Williams 2013),470,0.5,0.5,80,0.3536,0.04,0.8828,0,0.00622,False,True,True,True
ChR2 (Williams 2013),470,0.5,0.5,80,0.5,0.04,1.248,0,0.008795,False,True,True,True
ChR2 (Williams 2013),470,0.5,0.5,80,0.7071,0.04,1.765,0,0.01244,False,True,True,True
ChR2 (Williams 2013),470,0.5,0.5,80,1,0.04,2.497,0,0.01759,False,True,True,True
ChR2 (Williams 2013),470,0.5,0.5,80,1.414,0.04,3.531,0,0.02488,False,True,True,True
ChR2 (Williams 2013),470,0.5,0.5,80,2,0.04,4.993,0,0.03518,False,True,True,True
ChR2 (Williams 2013),470,0.5,0.5,80,2.828,0.04,7.062,0,0.04975,False,True,True,True
ChR2 (Williams 2013),470,0.5,0.5,80,4,0.04,9.987,0.05,0.07036,False,True,True,True
ChR2 (Williams 2013),470,0.5,0.5,80,5.657,0.04,14.12,0.2,0.0995,False,True,True,True
ChR2 (Williams 2013),470,0.5,0.5,80,8,0.04,19.97,0.6,0.1407,False,True,True,True
ChR2 (Williams 2013),470,0.5,0.5,80,11.31,0.04,28.25,0.85,0.199,False,True,True,True
ChR2 (Williams 2013),470,0.5,0.5,100,0.25,0.05,0.6242,0,0.005356,False,True,True,True
ChR2 (Williams 2013),470,0.5,0.5,100,0.3536,0.05,0.8828,0,0.007575,False,True,True,True
ChR2 (Williams 2013),470,0.5,0.5,100,0.5,0.05,1.248,0,0.01071,False,True,True,True
ChR2 (Williams 2013),470,0.5,0.5,100,0.7071,0.05,1.765,0,0.01515,False,True,True,True
ChR2 (Williams 2013),470,0.5,0.5,100,1,0.05,2.497,0,0.02142,False,True,True,True
ChR2 (Williams 2013),470,0.5,0.5,100,1.414,0.05,3.531,0,0.0303,False,True,True,True
ChR2 (Williams 2013),470,0.5,0.5,100,2,0.05,4.993,0,0.04285,False,True,True,True
ChR2 (Williams 2013),470,0.5,0.5,100,2.828,0.05,7.062,0,0.06059,False,True,True,True
ChR2 (Williams 2013),470,0.5,0.5,100,4,0.05,9.987,0.1,0.08569,False,True,True,True
ChR2 (Williams 2013),470,0.5,0.5,100,5.657,0.05,14.12,0.05,0.1212,False,True,True,True
ChR2 (Williams 2013),470,0.5,0.5,100,8,0.05,19.97,0.45,0.1714,False,True,True,True
ChR2 (Williams 2013),470,0.5,0.5,100,11.31,0.05,28.25,0.7,0.2424,False,True,True,True
ChR2 (Williams 2013),470,0.5,0.5,125,0.25,0.0625,0.6242,0,0.006554,False,True,True,True
ChR2 (Williams 2013),470,0.5,0.5,125,0.3536,0.0625,0.8828,0,0.00927,False,True,True,True
ChR2 (Williams 2013),470,0.5,0.5,125,0.5,0.0625,1.248,0,0.01311,False,True,True,True
ChR2 (Williams 2013),470,0.5,0.5,125,0.7071,0.0625,1.765,0,0.01854,False,True,True,True
ChR2 (Williams 2013),470,0.5,0.5,125,1,0.0625,2.497,0,0.02622,False,True,True,True
ChR2 (Williams 2013),470,0.5,0.5,125,1.414,0.0625,3.531,0,0.03707,False,True,True,True
ChR2 (Williams 2013),470,0.5,0.5,125,2,0.0625,4.993,0,0.05243,False,True,True,True
ChR2 (Williams 2013),470,0.5,0.5,125,2.828,0.0625,7.062,0,0.07415,False,True,True,True
ChR2 (Williams 2013),470,0.5,0.5,125,4,0.0625,9.987,0.65,0.1049,False,True,True,True
ChR2 (Williams 2013),470,0.5,0.5,125,5.657,0.0625,14.12,1,0.1483,False,True,True,True
ChR2 (Williams 2013),470,0.5,0.5,125,8,0.0625,19.97,1,0.2097,False,True,True,True
ChR2 (Williams 2013),470,0.5,0.5,125,11.31,0.0625,28.25,1,0.2966,False,True,True,True
ChR2 (Williams 2013),470,0.5,0.5,150,0.25,0.075,0.6242,0,0.007752,False,True,True,True
ChR2 (Williams 2013),470,0.5,0.5,150,0.3536,0.075,0.8828,0,0.01096,False,True,True,True
ChR2 (Williams 2013),470,0.5,0.5,150,0.5,0.075,1.248,0,0.0155,False,True,True,True
ChR2 (Williams 2013),470,0.5,0.5,150,0.7071,0.075,1.765,0,0.02193,False,True,True,True
ChR2 (Williams 2013),470,0.5,0.5,150,1,0.075,2.497,0,0.03101,False,True,True,True
ChR2 (Williams 2013),470,0.5,0.5,150,1.414,0.075,3.531,0,0.04385,False,True,True,True
ChR2 (Williams 2013),470,0.5,0.5,150,2,0.075,4.993,0,0.06202,False,True,True,True
ChR2 (Williams 2013),470,0.5,0.5,150,2.828,0.075,7.062,0,0.0877,False,True,True,True
ChR2 (Williams 2013),470,0.5,0.5,150,4,0.075,9.987,0.05,0.124,False,True,True,True
ChR2 (Williams 2013),470,0.5,0.5,150,5.657,0.075,14.12,0.65,0.1754,False,True,True,True
ChR2 (Williams 2013),470,0.5,0.5,150,8,0.075,19.97,1,0.2481,False,True,True,True
ChR2 (Williams 2013),470,0.5,0.5,150,11.31,0.075,28.25,1,0.3508,False,True,True,True
ChR2 (Williams 2013),470,0.5,0.5,200,0.25,0.1,0.6242,0,0.01015,False,True,True,True
ChR2 (Williams 2013),470,0.5,0.5,200,0.3536,0.1,0.8828,0,0.01435,False,True,True,True
ChR2 (Williams 2013),470,0.5,0.5,200,0.5,0.1,1.248,0,0.0203,False,True,True,True
ChR2 (Williams 2013),470,0.5,0.5,200,0.7071,0.1,1.765,0,0.0287,False,True,True,True
ChR2 (Williams 2013),470,0.5,0.5,200,1,0.1,2.497,0,0.04059,False,True,True,True
ChR2 (Williams 2013),470,0.5,0.5,200,1.414,0.1,3.531,0,0.05741,False,True,True,True
ChR2 (Williams 2013),470,0.5,0.5,200,2,0.1,4.993,0,0.08118,False,True,True,True
ChR2 (Williams 2013),470,0.5,0.5,200,2.828,0.1,7.062,0,0.1148,False,True,True,True
ChR2 (Williams 2013),470,0.5,0.5,200,4,0.1,9.987,0.05,0.1624,False,True,True,True
ChR2 (Williams 2013),470,0.5,0.5,200,5.657,0.1,14.12,0.05,0.2296,False,True,True,True
ChR2 (Williams 2013),470,0.5,0.5,200,8,0.1,19.97,0.1,0.3247,False,True,True,True
ChR2 (Williams 2013),470,0.5,0.5,200,11.31,0.1,28.25,0.2,0.4592,False,True,True,True
ChR2 (Williams 2013),470,0.5,1,10,0.25,0.01,0.6242,0,0.002079,False,True,True,True
ChR2 (Williams 2013),470,0.5,1,10,0.3536,0.01,0.8828,0,0.00294,False,True,True,True
ChR2 (Williams 2013),470,0.5,1,10,0.5,0.01,1.248,0,0.004157,False,True,True,True
ChR2 (Williams 2013),470,0.5,1,10,0.7071,0.01,1.765,0,0.005879,False,True,True,True
ChR2 (Williams 2013),470,0.5,1,10,1,0.01,2.497,0,0.008314,False,True,True,True
ChR2 (Williams 2013),470,0.5,1,10,1.414,0.01,3.531,0.45,0.01176,False,True,True,True
ChR2 (Williams 2013),470,0.5,1,10,2,0.01,4.993,1,0.01663,True,True,True,True
ChR2 (Williams 2013),470,0.5,1,10,2.828,0.01,7.062,1,0.02352,True,True,True,True
ChR2 (Williams 2013),470,0.5,1,10,4,0.01,9.987,1,0.03326,True,True,True,True
ChR2 (Williams 2013),470,0.5,1,10,5.657,0.01,14.12,1,0.04703,True,True,True,True
ChR2 (Williams 2013),470,0.5,1,10,8,0.01,19.97,1,0.06651,True,True,True,True
ChR2 (Williams 2013),470,0.5,1,10,11.31,0.01,28.25,1,0.09406,True,True,True,True
ChR2 (Williams 2013),470,0.5,1,20,0.25,0.02,0.6242,0,0.003037,False,True,True,True
ChR2 (Williams 2013),470,0.5,1,20,0.3536,0.02,0.8828,0,0.004295,False,True,True,True
ChR2 (Williams 2013),470,0.5,1,20,0.5,0.02,1.248,0,0.006074,False,True,True,True
ChR2 (Williams 2013),470,0.5,1,20,0.7071,0.02,1.765,0,0.00859,False,True,True,True
ChR2 (Williams 2013),470,0.5,1,20,1,0.02,2.497,0,0.01215,False,True,True,True
ChR2 (Williams 2013),470,0.5,1,20,1.414,0.02,3.531,0.45,0.01718,False,True,True,True
ChR2 (Williams 2013),470,0.5,1,20,2,0.02,4.993,0.9,0.0243,False,True,True,True
ChR2 (Williams 2013),470,0.5,1,20,2.828,0.02,7.062,1,0.03436,True,True,True,True
ChR2 (Williams 2013),470,0.5,1,20,4,0.02,9.987,1,0.04859,True,True,True,True
ChR2 (Williams 2013),470,0.5,1,20,5.657,0.02,14.12,1,0.06872,True,True,True,True
ChR2 (Williams 2013),470,0.5,1,20,8,0.02,19.97,1,0.09718,True,True,True,True
ChR2 (Williams 2013),470,0.5,1,20,11.31,0.02,28.25,1,0.1374,True,True,True,True
ChR2 (Williams 2013),470,0.5,1,40,0.25,0.04,0.6242,0,0.004954,False,True,True,True
ChR2 (Williams 2013),470,0.5,1,40,0.3536,0.04,0.8828,0,0.007007,False,True,True,True
ChR2 (Williams 2013),470,0.5,1,40,0.5,0.04,1.248,0,0.009908,False,True,True,True
ChR2 (Williams 2013),470,0.5,1,40,0.7071,0.04,1.765,0,0.01401,False,True,True,True
ChR2 (Williams 2013),470,0.5,1,40,1,0.04,2.497,0,0.01982,False,True,True,True
ChR2 (Williams 2013),470,0.5,1,40,1.414,0.04,3.531,0.35,0.02802,False,True,True,True
ChR2 (Williams 2013),470,0.5,1,40,2,0.04,4.993,0.8,0.03963,False,True,True,True
ChR2 (Williams 2013),470,0.5,1,40,2.828,0.04,7.062,1,0.05605,True,True,True,True
ChR2 (Williams 2013),470,0.5,1,40,4,0.04,9.987,1,0.07926,True,True,True,True
ChR2 (Williams 2013),470,0.5,1,40,5.657,0.04,14.12,1,0.1121,True,True,True,True
ChR2 (Williams 2013),470,0.5,1,40,8,0.04,19.97,1,0.1585,True,True,True,True
ChR2 (Williams 2013),470,0.5,1,40,11.31,0.04,28.25,1,0.2242,True,True,True,True
ChR2 (Williams 2013),470,0.5,1,60,0.25,0.06,0.6242,0,0.006871,False,True,True,True
ChR2 (Williams 2013),470,0.5,1,60,0.3536,0.06,0.8828,0,0.009718,False,True,True,True
ChR2 (Williams 2013),470,0.5,1,60,0.5,0.06,1.248,0,0.01374,False,True,True,True
ChR2 (Williams 2013),470,0.5,1,60,0.7071,0.06,1.765,0,0.01943,False,True,True,True
ChR2 (Williams 2013),470,0.5,1,60,1,0.06,2.497,0,0.02748,False,True,True,True
ChR2 (Williams 2013),470,0.5,1,60,1.414,0.06,3.531,0.25,0.03887,False,True,True,True
ChR2 (Williams 2013),470,0.5,1,60,2,0.06,4.993,0.65,0.05497,False,True,True,True
ChR2 (Williams 2013),470,0.5,1,60,2.828,0.06,7.062,0.9,0.07773,False,True,True,True
ChR2 (Williams 2013),470,0.5,1,60,4,0.06,9.987,1,0.1099,True,True,True,True
ChR2 (Williams 2013),470,0.5,1,60,5.657,0.06,14.12,1,0.1555,True,True,True,True
ChR2 (Williams 2013),470,0.5,1,60,8,0.06,19.97,1,0.2199,True,True,True,True
ChR2 (Williams 2013),470,0.5,1,60,11.31,0.06,28.25,1,0.3109,True,True,True,True
ChR2 (Williams 2013),470,0.5,1,80,0.25,0.08,0.6242,0,0.008788,False,True,True,True
ChR2 (Williams 2013),470,0.5,1,80,0.3536,0.08,0.8828,0,0.01243,False,True,True,True
ChR2 (Williams 2013),470,0.5,1,80,0.5,0.08,1.248,0,0.01758,False,True,True,True
ChR2 (Williams 2013),470,0.5,1,80,0.7071,0.08,1.765,0,0.02485,False,True,True,True
ChR2 (Williams 2013),470,0.5,1,80,1,0.08,2.497,0,0.03515,False,True,True,True
ChR2 (Williams 2013),470,0.5,1,80,1.414,0.08,3.531,0.05,0.04971,False,True,True,True
ChR2 (Williams 2013),470,0.5,1,80,2,0.08,4.993,0.45,0.0703,False,True,True,True
ChR2 (Williams 2013),470,0.5,1,80,2.828,0.08,7.062,0.7,0.09942,False,True,True,True
ChR2 (Williams 2013),470,0.5,1,80,4,0.08,9.987,0.85,0.1406,False,True,True,True
ChR2 (Williams 2013),470,0.5,1,80,5.657,0.08,14.12,0.95,0.1988,True,True,True,True
ChR2 (Williams 2013),470,0.5,1,80,8,0.08,19.97,1,0.2812,True,True,True,True
ChR2 (Williams 2013),470,0.5,1,80,11.31,0.08,28.25,1,0.3977,True,True,True,True
ChR2 (Williams 2013),470,0.5,1,100,0.25,0.1,0.6242,0,0.0107,False,True,True,True
ChR2 (Williams 2013),470,0.5,1,100,0.3536,0.1,0.8828,0,0.01514,False,True,True,True
ChR2 (Williams 2013),470,0.5,1,100,0.5,0.1,1.248,0,0.02141,False,True,True,True
ChR2 (Williams 2013),470,0.5,1,100,0.7071,0.1,1.765,0,0.03028,False,True,True,True
ChR2 (Williams 2013),470,0.5,1,100,1,0.1,2.497,0,0.04282,False,True,True,True
ChR2 (Williams 2013),470,0.5,1,100,1.414,0.1,3.531,0.05,0.06055,False,True,True,True
ChR2 (Williams 2013),470,0.5,1,100,2,0.1,4.993,0.2,0.08564,False,True,True,True
ChR2 (Williams 2013),470,0.5,1,100,2.828,0.1,7.062,0.5,0.1211,False,True,True,True
ChR2 (Williams 2013),470,0.5,1,100,4,0.1,9.987,0.65,0.1713,False,True,True,True
ChR2 (Williams 2013),470,0.5,1,100,5.657,0.1,14.12,0.75,0.2422,False,True,True,True
ChR2 (Williams 2013),470,0.5,1,100,8,0.1,19.97,0.9,0.3425,False,True,True,True
ChR2 (Williams 2013),470,0.5,1,100,11.31,0.1,28.25,0.95,0.4844,True,True,True,True
ChR2 (Williams 2013),470,0.5,1,125,0.25,0.125,0.6242,0,0.0131,False,True,True,True
ChR2 (Williams 2013),470,0.5,1,125,0.3536,0.125,0.8828,0,0.01853,False,True,True,True
ChR2 (Williams 2013),470,0.5,1,125,0.5,0.125,1.248,0,0.0262,False,True,True,True
ChR2 (Williams 2013),470,0.5,1,125,0.7071,0.125,1.765,0,0.03705,False,True,True,True
ChR2 (Williams 2013),470,0.5,1,125,1,0.125,2.497,0,0.0524,False,True,True,True
ChR2 (Williams 2013),470,0.5,1,125,1.414,0.125,3.531,0.9,0.07411,False,True,True,True
ChR2 (Williams 2013),470,0.5,1,125,2,0.125,4.993,1,0.1048,False,True,True,True
ChR2 (Williams 2013),470,0.5,1,125,2.828,0.125,7.062,1,0.1482,False,True,True,True
ChR2 (Williams 2013),470,0.5,1,125,4,0.125,9.987,1,0.2096,False,True,True,True
ChR2 (Williams 2013),470,0.5,1,125,5.657,0.125,14.12,1,0.2964,False,True,True,True
ChR2 (Williams 2013),470,0.5,1,125,8,0.125,19.97,1,0.4192,False,True,True,True
ChR2 (Williams 2013),470,0.5,1,125,11.31,0.125,28.25,1,0.5929,True,False,True,True
ChR2 (Williams 2013),470,0.5,1,150,0.25,0.15,0.6242,0,0.0155,False,True,True,True
ChR2 (Williams 2013),470,0.5,1,150,0.3536,0.15,0.8828,0,0.02192,False,True,True,True
ChR2 (Williams 2013),470,0.5,1,150,0.5,0.15,1.248,0,0.03099,False,True,True,True
ChR2 (Williams 2013),470,0.5,1,150,0.7071,0.15,1.765,0,0.04383,False,True,True,True
ChR2 (Williams 2013),470,0.5,1,150,1,0.15,2.497,0,0.06199,False,True,True,True
ChR2 (Williams 2013),470,0.5,1,150,1.414,0.15,3.531,0.45,0.08766,False,True,True,True
ChR2 (Williams 2013),470,0.5,1,150,2,0.15,4.993,0.8,0.124,False,True,True,True
ChR2 (Williams 2013),470,0.5,1,150,2.828,0.15,7.062,1,0.1753,False,True,True,True
ChR2 (Williams 2013),470,0.5,1,150,4,0.15,9.987,1,0.2479,False,True,True,True
ChR2 (Williams 2013),470,0.5,1,150,5.657,0.15,14.12,1,0.3506,False,True,True,True
ChR2 (Williams 2013),470,0.5,1,150,8,0.15,19.97,1,0.4959,False,True,True,True
ChR2 (Williams 2013),470,0.5,1,150,11.31,0.15,28.25,1,0.7013,True,False,True,True
ChR2 (Williams 2013),470,0.5,1,200,0.25,0.2,0.6242,0,0.02029,False,True,True,True
ChR2 (Williams 2013),470,0.5,1,200,0.3536,0.2,0.8828,0,0.0287,False,True,True,True
ChR2 (Williams 2013),470,0.5,1,200,0.5,0.2,1.248,0,0.04058,False,True,True,True
ChR2 (Williams 2013),470,0.5,1,200,0.7071,0.2,1.765,0,0.05738,False,True,True,True
ChR2 (Williams 2013),470,0.5,1,200,1,0.2,2.497,0,0.08115,False,True,True,True
ChR2 (Williams 2013),470,0.5,1,200,1.414,0.2,3.531,0.05,0.1148,False,True,True,True
ChR2 (Williams 2013),470,0.5,1,200,2,0.2,4.993,0.1,0.1623,False,True,True,True
ChR2 (Williams 2013),470,0.5,1,200,2.828,0.2,7.062,0.15,0.2295,False,True,True,True
ChR2 (Williams 2013),470,0.5,1,200,4,0.2,9.987,0.25,0.3246,False,True,True,True
ChR2 (Williams 2013),470,0.5,1,200,5.657,0.2,14.12,0.3,0.4591,False,True,True,True
ChR2 (Williams 2013),470,0.5,1,200,8,0.2,19.97,0.35,0.6492,False,False,True,True
ChR2 (Williams 2013),470,0.5,1,200,11.31,0.2,28.25,0.35,0.9182,False,False,True,True
ChR2 (Williams 2013),470,0.5,2,10,0.25,0.02,0.6242,0,0.004119,False,True,True,True
ChR2 (Williams 2013),470,0.5,2,10,0.3536,0.02,0.8828,0,0.005826,False,True,True,True
ChR2 (Williams 2013),470,0.5,2,10,0.5,0.02,1.248,0.5,0.008238,False,True,True,True
ChR2 (Williams 2013),470,0.5,2,10,0.7071,0.02,1.765,0.95,0.01165,True,True,True,True
ChR2 (Williams 2013),470,0.5,2,10,1,0.02,2.497,1,0.01648,True,True,True,True
ChR2 (Williams 2013),470,0.5,2,10,1.414,0.02,3.531,1,0.0233,True,True,True,True
ChR2 (Williams 2013),470,0.5,2,10,2,0.02,4.993,1,0.03295,True,True,True,True
ChR2 (Williams 2013),470,0.5,2,10,2.828,0.02,7.062,1,0.0466,True,True,True,True
ChR2 (Williams 2013),470,0.5,2,10,4,0.02,9.987,1,0.06591,True,True,True,True
ChR2 (Williams 2013),470,0.5,2,10,5.657,0.02,14.12,1,0.0932,True,True,True,True
ChR2 (Williams 2013),470,0.5,2,10,8,0.02,19.97,1,0.1318,True,True,True,True
ChR2 (Williams 2013),470,0.5,2,10,11.31,0.02,28.25,1,0.1864,True,True,True,True
ChR2 (Williams 2013),470,0.5,2,20,0.25,0.04,0.6242,0,0.006036,False,True,True,True
ChR2 (Williams 2013),470,0.5,2,20,0.3536,0.04,0.8828,0,0.008537,False,True,True,True
ChR2 (Williams 2013),470,0.5,2,20,0.5,0.04,1.248,0.5,0.01207,False,True,True,True
ChR2 (Williams 2013),470,0.5,2,20,0.7071,0.04,1.765,0.85,0.01707,False,True,True,True
ChR2 (Williams 2013),470,0.5,2,20,1,0.04,2.497,1,0.02414,True,True,True,True
ChR2 (Williams 2013),470,0.5,2,20,1.414,0.04,3.531,1,0.03414,True,True,True,True
ChR2 (Williams 2013),470,0.5,2,20,2,0.04,4.993,1,0.04829,True,True,True,True
ChR2 (Williams 2013),470,0.5,2,20,2.828,0.04,7.062,1,0.06829,True,True,True,True
ChR2 (Williams 2013),470,0.5,2,20,4,0.04,9.987,1,0.09657,True,True,True,True
ChR2 (Williams 2013),470,0.5,2,20,5.657,0.04,14.12,1,0.1366,True,True,True,True
ChR2 (Williams 2013),470,0.5,2,20,8,0.04,19.97,1,0.1931,True,True,True,True
ChR2 (Williams 2013),470,0.5,2,20,11.31,0.04,28.25,1,0.2732,True,True,True,True
ChR2 (Williams 2013),470,0.5,2,40,0.25,0.08,0.6242,0,0.00987,False,True,True,True
ChR2 (Williams 2013),470,0.5,2,40,0.3536,0.08,0.8828,0,0.01396,False,True,True,True
ChR2 (Williams 2013),470,0.5,2,40,0.5,0.08,1.248,0.4,0.01974,False,True,True,True
ChR2 (Williams 2013),470,0.5,2,40,0.7071,0.08,1.765,0.75,0.02792,False,True,True,True
ChR2 (Williams 2013),470,0.5,2,40,1,0.08,2.497,0.95,0.03948,True,True,True,True
ChR2 (Williams 2013),470,0.5,2,40,1.414,0.08,3.531,1,0.05583,True,True,True,True
ChR2 (Williams 2013),470,0.5,2,40,2,0.08,4.993,1,0.07896,True,True,True,True
ChR2 (Williams 2013),470,0.5,2,40,2.828,0.08,7.062,1,0.1117,True,True,True,True
ChR2 (Williams 2013),470,0.5,2,40,4,0.08,9.987,1,0.1579,True,True,True,True
ChR2 (Williams 2013),470,0.5,2,40,5.657,0.08,14.12,1,0.2233,True,True,True,True
ChR2 (Williams 2013),470,0.5,2,40,8,0.08,19.97,1,0.3158,True,True,True,True
ChR2 (Williams 2013),470,0.5,2,40,11.31,0.08,28.25,1,0.4466,True,True,True,True
ChR2 (Williams 2013),470,0.5,2,60,0.25,0.12,0.6242,0,0.0137,False,True,True,True
ChR2 (Williams 2013),470,0.5,2,60,0.3536,0.12,0.8828,0,0.01938,False,True,True,True
ChR2 (Williams 2013),470,0.5,2,60,0.5,0.12,1.248,0.25,0.02741,False,True,True,True
ChR2 (Williams 2013),470,0.5,2,60,0.7071,0.12,1.765,0.6,0.03876,False,True,True,True
ChR2 (Williams 2013),470,0.5,2,60,1,0.12,2.497,0.8,0.05481,False,True,True,True
ChR2 (Williams 2013),470,0.5,2,60,1.414,0.12,3.531,0.95,0.07752,True,True,True,True
ChR2 (Williams 2013),470,0.5,2,60,2,0.12,4.993,1,0.1096,True,True,True,True
ChR2 (Williams 2013),470,0.5,2,60,2.828,0.12,7.062,1,0.155,True,True,True,True
ChR2 (Williams 2013),470,0.5,2,60,4,0.12,9.987,1,0.2193,True,True,True,True
ChR2 (Williams 2013),470,0.5,2,60,5.657,0.12,14.12,1,0.3101,True,True,True,True
ChR2 (Williams 2013),470,0.5,2,60,8,0.12,19.97,1,0.4385,True,True,True,True
ChR2 (Williams 2013),470,0.5,2,60,11.31,0.12,28.25,1,0.6201,True,False,True,True
ChR2 (Williams 2013),470,0.5,2,80,0.25,0.16,0.6242,0,0.01754,False,True,True,True
ChR2 (Williams 2013),470,0.5,2,80,0.3536,0.16,0.8828,0,0.0248,False,True,True,True
ChR2 (Williams 2013),470,0.5,2,80,0.5,0.16,1.248,0.1,0.03507,False,True,True,True
ChR2 (Williams 2013),470,0.5,2,80,0.7071,0.16,1.765,0.35,0.0496,False,True,True,True
ChR2 (Williams 2013),470,0.5,2,80,1,0.16,2.497,0.55,0.07015,False,True,True,True
ChR2 (Williams 2013),470,0.5,2,80,1.414,0.16,3.531,0.7,0.0992,False,True,True,True
ChR2 (Williams 2013),470,0.5,2,80,2,0.16,4.993,0.8,0.1403,False,True,True,True
ChR2 (Williams 2013),470,0.5,2,80,2.828,0.16,7.062,0.95,0.1984,True,True,True,True
ChR2 (Williams 2013),470,0.5,2,80,4,0.16,9.987,1,0.2806,True,True,True,True
ChR2 (Williams 2013),470,0.5,2,80,5.657,0.16,14.12,1,0.3968,True,True,True,True
ChR2 (Williams 2013),470,0.5,2,80,8,0.16,19.97,1,0.5612,True,False,True,True
ChR2 (Williams 2013),470,0.5,2,80,11.31,0.16,28.25,1,0.7936,True,False,True,True
ChR2 (Williams 2013),470,0.5,2,100,0.25,0.2,0.6242,0,0.02137,False,True,True,True
ChR2 (Williams 2013),470,0.5,2,100,0.3536,0.2,0.8828,0,0.03023,False,True,True,True
ChR2 (Williams 2013),470,0.5,2,100,0.5,0.2,1.248,0.05,0.04274,False,True,True,True
ChR2 (Williams 2013),470,0.5,2,100,0.7071,0.2,1.765,0.1,0.06045,False,True,True,True
ChR2 (Williams 2013),470,0.5,2,100,1,0.2,2.497,0.4,0.08548,False,True,True,True
ChR2 (Williams 2013),470,0.5,2,100,1.414,0.2,3.531,0.45,0.1209,False,True,True,True
ChR2 (Williams 2013),470,0.5,2,100,2,0.2,4.993,0.5,0.171,False,True,True,True
ChR2 (Williams 2013),470,0.5,2,100,2.828,0.2,7.062,0.55,0.2418,False,True,True,True
ChR2 (Williams 2013),470,0.5,2,100,4,0.2,9.987,0.6,0.3419,False,True,True,True
ChR2 (Williams 2013),470,0.5,2,100,5.657,0.2,14.12,0.8,0.4836,False,True,True,True
ChR2 (Williams 2013),470,0.5,2,100,8,0.2,19.97,0.8,0.6839,False,False,True,True
ChR2 (Williams 2013),470,0.5,2,100,11.31,0.2,28.25,0.9,0.9671,False,False,True,True
ChR2 (Williams 2013),470,0.5,2,125,0.25,0.25,0.6242,0,0.02616,False,True,True,True
ChR2 (Williams 2013),470,0.5,2,125,0.3536,0.25,0.8828,0,0.037,False,True,True,True
ChR2 (Williams 2013),470,0.5,2,125,0.5,0.25,1.248,0.75,0.05233,False,True,True,True
ChR2 (Williams 2013),470,0.5,2,125,0.7071,0.25,1.765,1,0.074,False,True,True,True
ChR2 (Williams 2013),470,0.5,2,125,1,0.25,2.497,1,0.1047,False,True,True,True
ChR2 (Williams 2013),470,0.5,2,125,1.414,0.25,3.531,0.25,0.148,False,True,True,True
ChR2 (Williams 2013),470,0.5,2,125,2,0.25,4.993,0.35,0.2093,False,True,True,True
ChR2 (Williams 2013),470,0.5,2,125,2.828,0.25,7.062,0.35,0.296,False,True,True,True
ChR2 (Williams 2013),470,0.5,2,125,4,0.25,9.987,0.45,0.4186,False,True,True,True
ChR2 (Williams 2013),470,0.5,2,125,5.657,0.25,14.12,0.55,0.592,False,False,True,True
ChR2 (Williams 2013),470,0.5,2,125,8,0.25,19.97,0.6,0.8372,False,False,True,True
ChR2 (Williams 2013),470,0.5,2,125,11.31,0.25,28.25,0.6,1.184,False,False,False,True
ChR2 (Williams 2013),470,0.5,2,150,0.25,0.3,0.6242,0,0.03096,False,True,True,True
ChR2 (Williams 2013),470,0.5,2,150,0.3536,0.3,0.8828,0,0.04378,False,True,True,True
ChR2 (Williams 2013),470,0.5,2,150,0.5,0.3,1.248,0.45,0.06191,False,True,True,True
ChR2 (Williams 2013),470,0.5,2,150,0.7071,0.3,1.765,0.7,0.08755,False,True,True,True
ChR2 (Williams 2013),470,0.5,2,150,1,0.3,2.497,0.85,0.1238,False,True,True,True
ChR2 (Williams 2013),470,0.5,2,150,1.414,0.3,3.531,0.95,0.1751,False,True,True,True
ChR2 (Williams 2013),470,0.5,2,150,2,0.3,4.993,1,0.2476,False,True,True,True
ChR2 (Williams 2013),470,0.5,2,150,2.828,0.3,7.062,1,0.3502,False,True,True,True
ChR2 (Williams 2013),470,0.5,2,150,4,0.3,9.987,1,0.4953,False,True,True,True
ChR2 (Williams 2013),470,0.5,2,150,5.657,0.3,14.12,1,0.7004,False,False,True,True
ChR2 (Williams 2013),470,0.5,2,150,8,0.3,19.97,1,0.9906,False,False,True,True
ChR2 (Williams 2013),470,0.5,2,150,11.31,0.3,28.25,1,1.401,False,False,False,True
ChR2 (Williams 2013),470,0.5,2,200,0.25,0.4,0.6242,0,0.04054,False,True,True,True
ChR2 (Williams 2013),470,0.5,2,200,0.3536,0.4,0.8828,0,0.05734,False,True,True,True
ChR2 (Williams 2013),470,0.5,2,200,0.5,0.4,1.248,0.05,0.08108,False,True,True,True
ChR2 (Williams 2013),470,0.5,2,200,0.7071,0.4,1.765,0.1,0.1147,False,True,True,True
ChR2 (Williams 2013),470,0.5,2,200,1,0.4,2.497,0.15,0.1622,False,True,True,True
ChR2 (Williams 2013),470,0.5,2,200,1.414,0.4,3.531,0.2,0.2293,False,True,True,True
ChR2 (Williams 2013),470,0.5,2,200,2,0.4,4.993,0.25,0.3243,False,True,True,True
ChR2 (Williams 2013),470,0.5,2,200,2.828,0.4,7.062,0.25,0.4586,False,True,True,True
ChR2 (Williams 2013),470,0.5,2,200,4,0.4,9.987,0.3,0.6486,False,False,True,True
ChR2 (Williams 2013),470,0.5,2,200,5.657,0.4,14.12,0.3,0.9173,False,False,True,True
ChR2 (Williams 2013),470,0.5,2,200,8,0.4,19.97,0.3,1.297,False,False,False,True
ChR2 (Williams 2013),470,0.5,2,200,11.31,0.4,28.25,0.3,1.835,False,False,False,True
ChR2 (Williams 2013),470,0.5,5,10,0.25,0.05,0.6242,0.35,0.01004,False,True,True,True
ChR2 (Williams 2013),470,0.5,5,10,0.3536,0.05,0.8828,0.5,0.0142,False,True,True,True
ChR2 (Williams 2013),470,0.5,5,10,0.5,0.05,1.248,0.65,0.02008,False,True,True,True
ChR2 (Williams 2013),470,0.5,5,10,0.7071,0.05,1.765,1,0.0284,True,True,True,True
ChR2 (Williams 2013),470,0.5,5,10,1,0.05,2.497,1,0.04017,True,True,True,True
ChR2 (Williams 2013),470,0.5,5,10,1.414,0.05,3.531,1,0.05681,True,True,True,True
ChR2 (Williams 2013),470,0.5,5,10,2,0.05,4.993,1,0.08034,True,True,True,True
ChR2 (Williams 2013),470,0.5,5,10,2.828,0.05,7.062,1,0.1136,True,True,True,True
ChR2 (Williams 2013),470,0.5,5,10,4,0.05,9.987,1,0.1607,True,True,True,True
ChR2 (Williams 2013),470,0.5,5,10,5.657,0.05,14.12,1,0.2272,True,True,True,True
ChR2 (Williams 2013),470,0.5,5,10,8,0.05,19.97,1,0.3213,True,True,True,True
ChR2 (Williams 2013),470,0.5,5,10,11.31,0.05,28.25,1,0.4545,True,True,True,True
ChR2 (Williams 2013),470,0.5,5,20,0.25,0.1,0.6242,0.3,0.01483,False,True,True,True
ChR2 (Williams 2013),470,0.5,5,20,0.3536,0.1,0.8828,0.45,0.02098,False,True,True,True
ChR2 (Williams 2013),470,0.5,5,20,0.5,0.1,1.248,0.6,0.02967,False,True,True,True
ChR2 (Williams 2013),470,0.5,5,20,0.7071,0.1,1.765,0.8,0.04196,False,True,True,True
ChR2 (Williams 2013),470,0.5,5,20,1,0.1,2.497,1,0.05934,True,True,True,True
ChR2 (Williams 2013),470,0.5,5,20,1.414,0.1,3.531,1,0.08391,True,True,True,True
ChR2 (Williams 2013),470,0.5,5,20,2,0.1,4.993,1,0.1187,True,True,True,True
ChR2 (Williams 2013),470,0.5,5,20,2.828,0.1,7.062,1,0.1678,True,True,True,True
ChR2 (Williams 2013),470,0.5,5,20,4,0.1,9.987,1,0.2373,True,True,True,True
ChR2 (Williams 2013),470,0.5,5,20,5.657,0.1,14.12,1,0.3357,True,True,True,True
ChR2 (Williams 2013),470,0.5,5,20,8,0.1,19.97,1,0.4747,True,True,True,True
ChR2 (Williams 2013),470,0.5,5,20,11.31,0.1,28.25,1,0.6713,True,False,True,True
ChR2 (Williams 2013),470,0.5,5,40,0.25,0.2,0.6242,0.2,0.02442,False,True,True,True
ChR2 (Williams 2013),470,0.5,5,40,0.3536,0.2,0.8828,0.35,0.03454,False,True,True,True
ChR2 (Williams 2013),470,0.5,5,40,0.5,0.2,1.248,0.45,0.04884,False,True,True,True
ChR2 (Williams 2013),470,0.5,5,40,0.7071,0.2,1.765,0.55,0.06907,False,True,True,True
ChR2 (Williams 2013),470,0.5,5,40,1,0.2,2.497,0.85,0.09767,False,True,True,True
ChR2 (Williams 2013),470,0.5,5,40,1.414,0.2,3.531,1,0.1381,True,True,True,True
ChR2 (Williams 2013),470,0.5,5,40,2,0.2,4.993,1,0.1953,True,True,True,True
ChR2 (Williams 2013),470,0.5,5,40,2.828,0.2,7.062,1,0.2763,True,True,True,True
ChR2 (Williams 2013),470,0.5,5,40,4,0.2,9.987,1,0.3907,True,True,True,True
ChR2 (Williams 2013),470,0.5,5,40,5.657,0.2,14.12,1,0.5525,True,False,True,True
ChR2 (Williams 2013),470,0.5,5,40,8,0.2,19.97,1,0.7814,True,False,True,True
ChR2 (Williams 2013),470,0.5,5,40,11.31,0.2,28.25,1,1.105,True,False,False,True
ChR2 (Williams 2013),470,0.5,5,60,0.25,0.3,0.6242,0.05,0.034,False,True,True,True
ChR2 (Williams 2013),470,0.5,5,60,0.3536,0.3,0.8828,0.15,0.04809,False,True,True,True
ChR2 (Williams 2013),470,0.5,5,60,0.5,0.3,1.248,0.25,0.06801,False,True,True,True
ChR2 (Williams 2013),470,0.5,5,60,0.7071,0.3,1.765,0.35,0.09617,False,True,True,True
ChR2 (Williams 2013),470,0.5,5,60,1,0.3,2.497,0.4,0.136,False,True,True,True
ChR2 (Williams 2013),470,0.5,5,60,1.414,0.3,3.531,0.55,0.1923,False,True,True,True
ChR2 (Williams 2013),470,0.5,5,60,2,0.3,4.993,1,0.272,True,True,True,True
ChR2 (Williams 2013),470,0.5,5,60,2.828,0.3,7.062,1,0.3847,True,True,True,True
ChR2 (Williams 2013),470,0.5,5,60,4,0.3,9.987,1,0.544,True,False,True,True
ChR2 (Williams 2013),470,0.5,5,60,5.657,0.3,14.12,1,0.7694,True,False,True,True
ChR2 (Williams 2013),470,0.5,5,60,8,0.3,19.97,1,1.088,True,False,False,True
ChR2 (Williams 2013),470,0.5,5,60,11.31,0.3,28.25,1,1.539,True,False,False,True
ChR2 (Williams 2013),470,0.5,5,80,0.25,0.4,0.6242,0.05,0.04359,False,True,True,True
ChR2 (Williams 2013),470,0.5,5,80,0.3536,0.4,0.8828,0.05,0.06165,False,True,True,True
ChR2 (Williams 2013),470,0.5,5,80,0.5,0.4,1.248,0.15,0.08717,False,True,True,True
ChR2 (Williams 2013),470,0.5,5,80,0.7071,0.4,1.765,0.2,0.1233,False,True,True,True
ChR2 (Williams 2013),470,0.5,5,80,1,0.4,2.497,0.25,0.1743,False,True,True,True
ChR2 (Williams 2013),470,0.5,5,80,1.414,0.4,3.531,0.35,0.2466,False,True,True,True
ChR2 (Williams 2013),470,0.5,5,80,2,0.4,4.993,0.4,0.3487,False,True,True,True
ChR2 (Williams 2013),470,0.5,5,80,2.828,0.4,7.062,0.6,0.4931,False,True,True,True
ChR2 (Williams 2013),470,0.5,5,80,4,0.4,9.987,1,0.6974,True,False,True,True
ChR2 (Williams 2013),470,0.5,5,80,5.657,0.4,14.12,1,0.9863,True,False,True,True
ChR2 (Williams 2013),470,0.5,5,80,8,0.4,19.97,1,1.395,True,False,False,True
ChR2 (Williams 2013),470,0.5,5,80,11.31,0.4,28.25,1,1.973,True,False,False,True
ChR2 (Williams 2013),470,0.5,5,100,0.25,0.5,0.6242,0.05,0.05317,False,True,True,True
ChR2 (Williams 2013),470,0.5,5,100,0.3536,0.5,0.8828,0.05,0.07521,False,True,True,True
ChR2 (Williams 2013),470,0.5,5,100,0.5,0.5,1.248,0.05,0.1063,False,True,True,True
ChR2 (Williams 2013),470,0.5,5,100,0.7071,0.5,1.765,0.1,0.1504,False,True,True,True
ChR2 (Williams 2013),470,0.5,5,100,1,0.5,2.497,0.1,0.2127,False,True,True,True
ChR2 (Williams 2013),470,0.5,5,100,1.414,0.5,3.531,0.1,0.3008,False,True,True,True
ChR2 (Williams 2013),470,0.5,5,100,2,0.5,4.993,0.15,0.4254,False,True,True,True
ChR2 (Williams 2013),470,0.5,5,100,2.828,0.5,7.062,0.15,0.6016,False,False,True,True
ChR2 (Williams 2013),470,0.5,5,100,4,0.5,9.987,0.2,0.8507,False,False,True,True
ChR2 (Williams 2013),470,0.5,5,100,5.657,0.5,14.12,0.2,1.203,False,False,False,True
ChR2 (Williams 2013),470,0.5,5,100,8,0.5,19.97,0.2,1.701,False,False,False,True
ChR2 (Williams 2013),470,0.5,5,100,11.31,0.5,28.25,0.2,2.406,False,False,False,False
ChR2 (Williams 2013),470,0.5,5,125,0.25,0.625,0.6242,0.05,0.06515,False,True,True,True
ChR2 (Williams 2013),470,0.5,5,125,0.3536,0.625,0.8828,0.05,0.09215,False,True,True,True
ChR2 (Williams 2013),470,0.5,5,125,0.5,0.625,1.248,0.05,0.1303,False,True,True,True
ChR2 (Williams 2013),470,0.5,5,125,0.7071,0.625,1.765,0.05,0.1843,False,True,True,True
ChR2 (Williams 2013),470,0.5,5,125,1,0.625,2.497,0.05,0.2606,False,True,True,True
ChR2 (Williams 2013),470,0.5,5,125,1.414,0.625,3.531,0.05,0.3686,False,True,True,True
ChR2 (Williams 2013),470,0.5,5,125,2,0.625,4.993,0.05,0.5212,False,False,True,True
ChR2 (Williams 2013),470,0.5,5,125,2.828,0.625,7.062,0.05,0.7371,False,False,True,True
ChR2 (Williams 2013),470,0.5,5,125,4,0.625,9.987,0.05,1.042,False,False,False,True
ChR2 (Williams 2013),470,0.5,5,125,5.657,0.625,14.12,0.05,1.474,False,False,False,True
ChR2 (Williams 2013),470,0.5,5,125,8,0.625,19.97,0.05,2.085,False,False,False,False
ChR2 (Williams 2013),470,0.5,5,125,11.31,0.625,28.25,0.05,2.948,False,False,False,False
ChR2 (Williams 2013),470,0.5,5,150,0.25,0.75,0.6242,0.1,0.07713,False,True,True,True
ChR2 (Williams 2013),470,0.5,5,150,0.3536,0.75,0.8828,0.1,0.1091,False,True,True,True
ChR2 (Williams 2013),470,0.5,5,150,0.5,0.75,1.248,0.1,0.1543,False,True,True,True
ChR2 (Williams 2013),470,0.5,5,150,0.7071,0.75,1.765,0.05,0.2182,False,True,True,True
ChR2 (Williams 2013),470,0.5,5,150,1,0.75,2.497,0.05,0.3085,False,True,True,True
ChR2 (Williams 2013),470,0.5,5,150,1.414,0.75,3.531,0.05,0.4363,False,True,True,True
ChR2 (Williams 2013),470,0.5,5,150,2,0.75,4.993,0.05,0.6171,False,False,True,True
ChR2 (Williams 2013),470,0.5,5,150,2.828,0.75,7.062,0.05,0.8726,False,False,True,True
ChR2 (Williams 2013),470,0.5,5,150,4,0.75,9.987,0.05,1.234,False,False,False,True
ChR2 (Williams 2013),470,0.5,5,150,5.657,0.75,14.12,0.05,1.745,False,False,False,True
ChR2 (Williams 2013),470,0.5,5,150,8,0.75,19.97,0.05,2.468,False,False,False,False
ChR2 (Williams 2013),470,0.5,5,150,11.31,0.75,28.25,0.05,3.491,False,False,False,False
ChR2 (Williams 2013),470,0.5,10,10,0.25,0.1,0.6242,0.1,0.01912,False,True,True,True
ChR2 (Williams 2013),470,0.5,10,10,0.3536,0.1,0.8828,0.15,0.02704,False,True,True,True
ChR2 (Williams 2013),470,0.5,10,10,0.5,0.1,1.248,0.25,0.03823,False,True,True,True
ChR2 (Williams 2013),470,0.5,10,10,0.7071,0.1,1.765,0.9,0.05407,False,True,True,True
ChR2 (Williams 2013),470,0.5,10,10,1,0.1,2.497,0.9,0.07647,False,True,True,True
ChR2 (Williams 2013),470,0.5,10,10,1.414,0.1,3.531,0.95,0.1081,True,True,True,True
ChR2 (Williams 2013),470,0.5,10,10,2,0.1,4.993,0.95,0.1529,True,True,True,True
ChR2 (Williams 2013),470,0.5,10,10,2.828,0.1,7.062,0.95,0.2163,True,True,True,True
ChR2 (Williams 2013),470,0.5,10,10,4,0.1,9.987,0.95,0.3059,True,True,True,True
ChR2 (Williams 2013),470,0.5,10,10,5.657,0.1,14.12,0.95,0.4326,True,True,True,True
ChR2 (Williams 2013),470,0.5,10,10,8,0.1,19.97,0.95,0.6117,True,False,True,True
ChR2 (Williams 2013),470,0.5,10,10,11.31,0.1,28.25,0.95,0.8651,True,False,True,True
ChR2 (Williams 2013),470,0.5,10,20,0.25,0.2,0.6242,0.1,0.0287,False,True,True,True
ChR2 (Williams 2013),470,0.5,10,20,0.3536,0.2,0.8828,0.15,0.04059,False,True,True,True
ChR2 (Williams 2013),470,0.5,10,20,0.5,0.2,1.248,0.2,0.0574,False,True,True,True
ChR2 (Williams 2013),470,0.5,10,20,0.7071,0.2,1.765,0.4,0.08118,False,True,True,True
ChR2 (Williams 2013),470,0.5,10,20,1,0.2,2.497,0.9,0.1148,False,True,True,True
ChR2 (Williams 2013),470,0.5,10,20,1.414,0.2,3.531,0.95,0.1624,True,True,True,True
ChR2 (Williams 2013),470,0.5,10,20,2,0.2,4.993,0.95,0.2296,True,True,True,True
ChR2 (Williams 2013),470,0.5,10,20,2.828,0.2,7.062,0.95,0.3247,True,True,True,True
ChR2 (Williams 2013),470,0.5,10,20,4,0.2,9.987,0.95,0.4592,True,True,True,True
ChR2 (Williams 2013),470,0.5,10,20,5.657,0.2,14.12,0.95,0.6494,True,False,True,True
ChR2 (Williams 2013),470,0.5,10,20,8,0.2,19.97,0.95,0.9184,True,False,True,True
ChR2 (Williams 2013),470,0.5,10,20,11.31,0.2,28.25,0.95,1.299,True,False,False,True
ChR2 (Williams 2013),470,0.5,10,40,0.25,0.4,0.6242,0,0.04787,False,True,True,True
ChR2 (Williams 2013),470,0.5,10,40,0.3536,0.4,0.8828,0.05,0.06771,False,True,True,True
ChR2 (Williams 2013),470,0.5,10,40,0.5,0.4,1.248,0.15,0.09574,False,True,True,True
ChR2 (Williams 2013),470,0.5,10,40,0.7071,0.4,1.765,0.2,0.1354,False,True,True,True
ChR2 (Williams 2013),470,0.5,10,40,1,0.4,2.497,0.3,0.1915,False,True,True,True
ChR2 (Williams 2013),470,0.5,10,40,1.414,0.4,3.531,0.95,0.2708,True,True,True,True
ChR2 (Williams 2013),470,0.5,10,40,2,0.4,4.993,0.95,0.383,True,True,True,True
ChR2 (Williams 2013),470,0.5,10,40,2.828,0.4,7.062,0.95,0.5416,True,False,True,True
ChR2 (Williams 2013),470,0.5,10,40,4,0.4,9.987,0.95,0.7659,True,False,True,True
ChR2 (Williams 2013),470,0.5,10,40,5.657,0.4,14.12,0.95,1.083,True,False,False,True
ChR2 (Williams 2013),470,0.5,10,40,8,0.4,19.97,0.95,1.532,True,False,False,True
ChR2 (Williams 2013),470,0.5,10,40,11.31,0.4,28.25,0.95,2.166,True,False,False,False
ChR2 (Williams 2013),470,0.5,10,60,0.25,0.6,0.6242,0,0.06704,False,True,True,True
ChR2 (Williams 2013),470,0.5,10,60,0.3536,0.6,0.8828,0,0.09482,False,True,True,True
ChR2 (Williams 2013),470,0.5,10,60,0.5,0.6,1.248,0,0.1341,False,True,True,True
ChR2 (Williams 2013),470,0.5,10,60,0.7071,0.6,1.765,0.05,0.1896,False,True,True,True
ChR2 (Williams 2013),470,0.5,10,60,1,0.6,2.497,0.05,0.2682,False,True,True,True
ChR2 (Williams 2013),470,0.5,10,60,1.414,0.6,3.531,0.1,0.3792,False,True,True,True
ChR2 (Williams 2013),470,0.5,10,60,2,0.6,4.993,0.1,0.5363,False,False,True,True
ChR2 (Williams 2013),470,0.5,10,60,2.828,0.6,7.062,0.15,0.7584,False,False,True,True
ChR2 (Williams 2013),470,0.5,10,60,4,0.6,9.987,0.2,1.073,False,False,False,True
ChR2 (Williams 2013),470,0.5,10,60,5.657,0.6,14.12,0.6,1.517,False,False,False,True
ChR2 (Williams 2013),470,0.5,10,60,8,0.6,19.97,0.95,2.145,True,False,False,False
ChR2 (Williams 2013),470,0.5,10,60,11.31,0.6,28.25,0.95,3.034,True,False,False,False
ChR2 (Williams 2013),470,0.5,10,80,0.25,0.8,0.6242,0.05,0.08621,False,True,True,True
ChR2 (Williams 2013),470,0.5,10,80,0.3536,0.8,0.8828,0,0.1219,False,True,True,True
ChR2 (Williams 2013),470,0.5,10,80,0.5,0.8,1.248,0,0.1724,False,True,True,True
ChR2 (Williams 2013),470,0.5,10,80,0.7071,0.8,1.765,0,0.2438,False,True,True,True
ChR2 (Williams 2013),470,0.5,10,80,1,0.8,2.497,0,0.3448,False,True,True,True
ChR2 (Williams 2013),470,0.5,10,80,1.414,0.8,3.531,0,0.4877,False,True,True,True
ChR2 (Williams 2013),470,0.5,10,80,2,0.8,4.993,0,0.6897,False,False,True,True
ChR2 (Williams 2013),470,0.5,10,80,2.828,0.8,7.062,0,0.9753,False,False,True,True
ChR2 (Williams 2013),470,0.5,10,80,4,0.8,9.987,0,1.379,False,False,False,True
ChR2 (Williams 2013),470,0.5,10,80,5.657,0.8,14.12,0,1.951,False,False,False,True
ChR2 (Williams 2013),470,0.5,10,80,8,0.8,19.97,0,2.759,False,False,False,False
ChR2 (Williams 2013),470,0.5,10,80,11.31,0.8,28.25,0,3.901,False,False,False,False
Chronos (simplified),470,0.5,0.5,10,0.25,0.005,0.6242,0,0.001043,False,True,True,True
Chronos (simplified),470,0.5,0.5,10,0.3536,0.005,0.8828,0,0.001475,False,True,True,True
Chronos (simplified),470,0.5,0.5,10,0.5,0.005,1.248,0,0.002086,False,True,True,True
Chronos (simplified),470,0.5,0.5,10,0.7071,0.005,1.765,0,0.00295,False,True,True,True
Chronos (simplified),470,0.5,0.5,10,1,0.005,2.497,0,0.004172,False,True,True,True
Chronos (simplified),470,0.5,0.5,10,1.414,0.005,3.531,0,0.0059,False,True,True,True
Chronos (simplified),470,0.5,0.5,10,2,0.005,4.993,0,0.008344,False,True,True,True
Chronos (simplified),470,0.5,0.5,10,2.828,0.005,7.062,0,0.0118,False,True,True,True
Chronos (simplified),470,0.5,0.5,10,4,0.005,9.987,0,0.01669,False,True,True,True
Chronos (simplified),470,0.5,0.5,10,5.657,0.005,14.12,1,0.0236,True,True,True,True
Chronos (simplified),470,0.5,0.5,10,8,0.005,19.97,1,0.03338,True,True,True,True
Chronos (simplified),470,0.5,0.5,10,11.31,0.005,28.25,1,0.0472,True,True,True,True
Chronos (simplified),470,0.5,0.5,20,0.25,0.01,0.6242,0,0.001522,False,True,True,True
Chronos (simplified),470,0.5,0.5,20,0.3536,0.01,0.8828,0,0.002153,False,True,True,True
Chronos (simplified),470,0.5,0.5,20,0.5,0.01,1.248,0,0.003044,False,True,True,True
Chronos (simplified),470,0.5,0.5,20,0.7071,0.01,1.765,0,0.004305,False,True,True,True
Chronos (simplified),470,0.5,0.5,20,1,0.01,2.497,0,0.006089,False,True,True,True
Chronos (simplified),470,0.5,0.5,20,1.414,0.01,3.531,0,0.008611,False,True,True,True
Chronos (simplified),470,0.5,0.5,20,2,0.01,4.993,0,0.01218,False,True,True,True
Chronos (simplified),470,0.5,0.5,20,2.828,0.01,7.062,0,0.01722,False,True,True,True
Chronos (simplified),470,0.5,0.5,20,4,0.01,9.987,0,0.02436,False,True,True,True
Chronos (simplified),470,0.5,0.5,20,5.657,0.01,14.12,1,0.03444,True,True,True,True
Chronos (simplified),470,0.5,0.5,20,8,0.01,19.97,1,0.04871,True,True,True,True
Chronos (simplified),470,0.5,0.5,20,11.31,0.01,28.25,1,0.06889,True,True,True,True
Chronos (simplified),470,0.5,0.5,40,0.25,0.02,0.6242,0,0.002481,False,True,True,True
Chronos (simplified),470,0.5,0.5,40,0.3536,0.02,0.8828,0,0.003509,False,True,True,True
Chronos (simplified),470,0.5,0.5,40,0.5,0.02,1.248,0,0.004961,False,True,True,True
Chronos (simplified),470,0.5,0.5,40,0.7071,0.02,1.765,0,0.007016,False,True,True,True
Chronos (simplified),470,0.5,0.5,40,1,0.02,2.497,0,0.009923,False,True,True,True
Chronos (simplified),470,0.5,0.5,40,1.414,0.02,3.531,0,0.01403,False,True,True,True
Chronos (simplified),470,0.5,0.5,40,2,0.02,4.993,0,0.01985,False,True,True,True
Chronos (simplified),470,0.5,0.5,40,2.828,0.02,7.062,0,0.02806,False,True,True,True
Chronos (simplified),470,0.5,0.5,40,4,0.02,9.987,0,0.03969,False,True,True,True
Chronos (simplified),470,0.5,0.5,40,5.657,0.02,14.12,0.95,0.05613,True,True,True,True
Chronos (simplified),470,0.5,0.5,40,8,0.02,19.97,1,0.07938,True,True,True,True
Chronos (simplified),470,0.5,0.5,40,11.31,0.02,28.25,1,0.1123,True,True,True,True
Chronos (simplified),470,0.5,0.5,60,0.25,0.03,0.6242,0,0.003439,False,True,True,True
Chronos (simplified),470,0.5,0.5,60,0.3536,0.03,0.8828,0,0.004864,False,True,True,True
Chronos (simplified),470,0.5,0.5,60,0.5,0.03,1.248,0,0.006878,False,True,True,True
Chronos (simplified),470,0.5,0.5,60,0.7071,0.03,1.765,0,0.009727,False,True,True,True
Chronos (simplified),470,0.5,0.5,60,1,0.03,2.497,0,0.01376,False,True,True,True
Chronos (simplified),470,0.5,0.5,60,1.414,0.03,3.531,0,0.01945,False,True,True,True
Chronos (simplified),470,0.5,0.5,60,2,0.03,4.993,0,0.02751,False,True,True,True
Chronos (simplified),470,0.5,0.5,60,2.828,0.03,7.062,0,0.03891,False,True,True,True
Chronos (simplified),470,0.5,0.5,60,4,0.03,9.987,0,0.05502,False,True,True,True
Chronos (simplified),470,0.5,0.5,60,5.657,0.03,14.12,0.9,0.07782,False,True,True,True
Chronos (simplified),470,0.5,0.5,60,8,0.03,19.97,1,0.11,True,True,True,True
Chronos (simplified),470,0.5,0.5,60,11.31,0.03,28.25,1,0.1556,True,True,True,True
Chronos (simplified),470,0.5,0.5,80,0.25,0.04,0.6242,0,0.004397,False,True,True,True
Chronos (simplified),470,0.5,0.5,80,0.3536,0.04,0.8828,0,0.00622,False,True,True,True
Chronos (simplified),470,0.5,0.5,80,0.5,0.04,1.248,0,0.008795,False,True,True,True
Chronos (simplified),470,0.5,0.5,80,0.7071,0.04,1.765,0,0.01244,False,True,True,True
Chronos (simplified),470,0.5,0.5,80,1,0.04,2.497,0,0.01759,False,True,True,True
Chronos (simplified),470,0.5,0.5,80,1.414,0.04,3.531,0,0.02488,False,True,True,True
Chronos (simplified),470,0.5,0.5,80,2,0.04,4.993,0,0.03518,False,True,True,True
Chronos (simplified),470,0.5,0.5,80,2.828,0.04,7.062,0,0.04975,False,True,True,True
Chronos (simplified),470,0.5,0.5,80,4,0.04,9.987,0,0.07036,False,True,True,True
Chronos (simplified),470,0.5,0.5,80,5.657,0.04,14.12,0.6,0.0995,False,True,True,True
Chronos (simplified),470,0.5,0.5,80,8,0.04,19.97,1,0.1407,True,True,True,True
Chronos (simplified),470,0.5,0.5,80,11.31,0.04,28.25,1,0.199,True,True,True,True
Chronos (simplified),470,0.5,0.5,100,0.25,0.05,0.6242,0,0.005356,False,True,True,True
Chronos (simplified),470,0.5,0.5,100,0.3536,0.05,0.8828,0,0.007575,False,True,True,True
Chronos (simplified),470,0.5,0.5,100,0.5,0.05,1.248,0,0.01071,False,True,True,True
Chronos (simplified),470,0.5,0.5,100,0.7071,0.05,1.765,0,0.01515,False,True,True,True
Chronos (simplified),470,0.5,0.5,100,1,0.05,2.497,0,0.02142,False,True,True,True
Chronos (simplified),470,0.5,0.5,100,1.414,0.05,3.531,0,0.0303,False,True,True,True
Chronos (simplified),470,0.5,0.5,100,2,0.05,4.993,0,0.04285,False,True,True,True
Chronos (simplified),470,0.5,0.5,100,2.828,0.05,7.062,0,0.06059,False,True,True,True
Chronos (simplified),470,0.5,0.5,100,4,0.05,9.987,0,0.08569,False,True,True,True
Chronos (simplified),470,0.5,0.5,100,5.657,0.05,14.12,1,0.1212,False,True,True,True
Chronos (simplified),470,0.5,0.5,100,8,0.05,19.97,1,0.1714,True,True,True,True
Chronos (simplified),470,0.5,0.5,100,11.31,0.05,28.25,1,0.2424,True,True,True,True
Chronos (simplified),470,0.5,0.5,125,0.25,0.0625,0.6242,0,0.006554,False,True,True,True
Chronos (simplified),470,0.5,0.5,125,0.3536,0.0625,0.8828,0,0.00927,False,True,True,True
Chronos (simplified),470,0.5,0.5,125,0.5,0.0625,1.248,0,0.01311,False,True,True,True
Chronos (simplified),470,0.5,0.5,125,0.7071,0.0625,1.765,0,0.01854,False,True,True,True
Chronos (simplified),470,0.5,0.5,125,1,0.0625,2.497,0,0.02622,False,True,True,True
Chronos (simplified),470,0.5,0.5,125,1.414,0.0625,3.531,0,0.03707,False,True,True,True
Chronos (simplified),470,0.5,0.5,125,2,0.0625,4.993,0,0.05243,False,True,True,True
Chronos (simplified),470,0.5,0.5,125,2.828,0.0625,7.062,0,0.07415,False,True,True,True
Chronos (simplified),470,0.5,0.5,125,4,0.0625,9.987,0,0.1049,False,True,True,True
Chronos (simplified),470,0.5,0.5,125,5.657,0.0625,14.12,1,0.1483,False,True,True,True
Chronos (simplified),470,0.5,0.5,125,8,0.0625,19.97,1,0.2097,True,True,True,True
Chronos (simplified),470,0.5,0.5,125,11.31,0.0625,28.25,1,0.2966,True,True,True,True
Chronos (simplified),470,0.5,0.5,150,0.25,0.075,0.6242,0,0.007752,False,True,True,True
Chronos (simplified),470,0.5,0.5,150,0.3536,0.075,0.8828,0,0.01096,False,True,True,True
Chronos (simplified),470,0.5,0.5,150,0.5,0.075,1.248,0,0.0155,False,True,True,True
Chronos (simplified),470,0.5,0.5,150,0.7071,0.075,1.765,0,0.02193,False,True,True,True
Chronos (simplified),470,0.5,0.5,150,1,0.075,2.497,0,0.03101,False,True,True,True
Chronos (simplified),470,0.5,0.5,150,1.414,0.075,3.531,0,0.04385,False,True,True,True
Chronos (simplified),470,0.5,0.5,150,2,0.075,4.993,0,0.06202,False,True,True,True
Chronos (simplified),470,0.5,0.5,150,2.828,0.075,7.062,0,0.0877,False,True,True,True
Chronos (simplified),470,0.5,0.5,150,4,0.075,9.987,0,0.124,False,True,True,True
Chronos (simplified),470,0.5,0.5,150,5.657,0.075,14.12,0.45,0.1754,False,True,True,True
Chronos (simplified),470,0.5,0.5,150,8,0.075,19.97,1,0.2481,True,True,True,True
Chronos (simplified),470,0.5,0.5,150,11.31,0.075,28.25,1,0.3508,True,True,True,True
Chronos (simplified),470,0.5,0.5,200,0.25,0.1,0.6242,0,0.01015,False,True,True,True
Chronos (simplified),470,0.5,0.5,200,0.3536,0.1,0.8828,0,0.01435,False,True,True,True
Chronos (simplified),470,0.5,0.5,200,0.5,0.1,1.248,0,0.0203,False,True,True,True
Chronos (simplified),470,0.5,0.5,200,0.7071,0.1,1.765,0,0.0287,False,True,True,True
Chronos (simplified),470,0.5,0.5,200,1,0.1,2.497,0,0.04059,False,True,True,True
Chronos (simplified),470,0.5,0.5,200,1.414,0.1,3.531,0,0.05741,False,True,True,True
Chronos (simplified),470,0.5,0.5,200,2,0.1,4.993,0,0.08118,False,True,True,True
Chronos (simplified),470,0.5,0.5,200,2.828,0.1,7.062,0,0.1148,False,True,True,True
Chronos (simplified),470,0.5,0.5,200,4,0.1,9.987,0,0.1624,False,True,True,True
Chronos (simplified),470,0.5,0.5,200,5.657,0.1,14.12,0.05,0.2296,False,True,True,True
Chronos (simplified),470,0.5,0.5,200,8,0.1,19.97,0.1,0.3247,False,True,True,True
Chronos (simplified),470,0.5,0.5,200,11.31,0.1,28.25,0.35,0.4592,False,True,True,True
Chronos (simplified),470,0.5,1,10,0.25,0.01,0.6242,0,0.002079,False,True,True,True
Chronos (simplified),470,0.5,1,10,0.3536,0.01,0.8828,0,0.00294,False,True,True,True
Chronos (simplified),470,0.5,1,10,0.5,0.01,1.248,0,0.004157,False,True,True,True
Chronos (simplified),470,0.5,1,10,0.7071,0.01,1.765,0,0.005879,False,True,True,True
Chronos (simplified),470,0.5,1,10,1,0.01,2.497,0,0.008314,False,True,True,True
Chronos (simplified),470,0.5,1,10,1.414,0.01,3.531,0.5,0.01176,False,True,True,True
Chronos (simplified),470,0.5,1,10,2,0.01,4.993,1,0.01663,True,True,True,True
Chronos (simplified),470,0.5,1,10,2.828,0.01,7.062,1,0.02352,True,True,True,True
Chronos (simplified),470,0.5,1,10,4,0.01,9.987,1,0.03326,True,True,True,True
Chronos (simplified),470,0.5,1,10,5.657,0.01,14.12,1,0.04703,True,True,True,True
Chronos (simplified),470,0.5,1,10,8,0.01,19.97,1,0.06651,True,True,True,True
Chronos (simplified),470,0.5,1,10,11.31,0.01,28.25,1,0.09406,True,True,True,True
Chronos (simplified),470,0.5,1,20,0.25,0.02,0.6242,0,0.003037,False,True,True,True
Chronos (simplified),470,0.5,1,20,0.3536,0.02,0.8828,0,0.004295,False,True,True,True
Chronos (simplified),470,0.5,1,20,0.5,0.02,1.248,0,0.006074,False,True,True,True
Chronos (simplified),470,0.5,1,20,0.7071,0.02,1.765,0,0.00859,False,True,True,True
Chronos (simplified),470,0.5,1,20,1,0.02,2.497,0,0.01215,False,True,True,True
Chronos (simplified),470,0.5,1,20,1.414,0.02,3.531,0.5,0.01718,False,True,True,True
Chronos (simplified),470,0.5,1,20,2,0.02,4.993,1,0.0243,True,True,True,True
Chronos (simplified),470,0.5,1,20,2.828,0.02,7.062,1,0.03436,True,True,True,True
Chronos (simplified),470,0.5,1,20,4,0.02,9.987,1,0.04859,True,True,True,True
Chronos (simplified),470,0.5,1,20,5.657,0.02,14.12,1,0.06872,True,True,True,True
Chronos (simplified),470,0.5,1,20,8,0.02,19.97,1,0.09718,True,True,True,True
Chronos (simplified),470,0.5,1,20,11.31,0.02,28.25,1,0.1374,True,True,True,True
Chronos (simplified),470,0.5,1,40,0.25,0.04,0.6242,0,0.004954,False,True,True,True
Chronos (simplified),470,0.5,1,40,0.3536,0.04,0.8828,0,0.007007,False,True,True,True
Chronos (simplified),470,0.5,1,40,0.5,0.04,1.248,0,0.009908,False,True,True,True
Chronos (simplified),470,0.5,1,40,0.7071,0.04,1.765,0,0.01401,False,True,True,True
Chronos (simplified),470,0.5,1,40,1,0.04,2.497,0,0.01982,False,True,True,True
Chronos (simplified),470,0.5,1,40,1.414,0.04,3.531,0.45,0.02802,False,True,True,True
Chronos (simplified),470,0.5,1,40,2,0.04,4.993,1,0.03963,True,True,True,True
Chronos (simplified),470,0.5,1,40,2.828,0.04,7.062,1,0.05605,True,True,True,True
Chronos (simplified),470,0.5,1,40,4,0.04,9.987,1,0.07926,True,True,True,True
Chronos (simplified),470,0.5,1,40,5.657,0.04,14.12,1,0.1121,True,True,True,True
Chronos (simplified),470,0.5,1,40,8,0.04,19.97,1,0.1585,True,True,True,True
Chronos (simplified),470,0.5,1,40,11.31,0.04,28.25,1,0.2242,True,True,True,True
Chronos (simplified),470,0.5,1,60,0.25,0.06,0.6242,0,0.006871,False,True,True,True
Chronos (simplified),470,0.5,1,60,0.3536,0.06,0.8828,0,0.009718,False,True,True,True
Chronos (simplified),470,0.5,1,60,0.5,0.06,1.248,0,0.01374,False,True,True,True
Chronos (simplified),470,0.5,1,60,0.7071,0.06,1.765,0,0.01943,False,True,True,True
Chronos (simplified),470,0.5,1,60,1,0.06,2.497,0,0.02748,False,True,True,True
Chronos (simplified),470,0.5,1,60,1.414,0.06,3.531,0.45,0.03887,False,True,True,True
Chronos (simplified),470,0.5,1,60,2,0.06,4.993,1,0.05497,True,True,True,True
Chronos (simplified),470,0.5,1,60,2.828,0.06,7.062,1,0.07773,True,True,True,True
Chronos (simplified),470,0.5,1,60,4,0.06,9.987,1,0.1099,True,True,True,True
Chronos (simplified),470,0.5,1,60,5.657,0.06,14.12,1,0.1555,True,True,True,True
Chronos (simplified),470,0.5,1,60,8,0.06,19.97,1,0.2199,True,True,True,True
Chronos (simplified),470,0.5,1,60,11.31,0.06,28.25,1,0.3109,True,True,True,True
Chronos (simplified),470,0.5,1,80,0.25,0.08,0.6242,0,0.008788,False,True,True,True
Chronos (simplified),470,0.5,1,80,0.3536,0.08,0.8828,0,0.01243,False,True,True,True
Chronos (simplified),470,0.5,1,80,0.5,0.08,1.248,0,0.01758,False,True,True,True
Chronos (simplified),470,0.5,1,80,0.7071,0.08,1.765,0,0.02485,False,True,True,True
Chronos (simplified),470,0.5,1,80,1,0.08,2.497,0,0.03515,False,True,True,True
Chronos (simplified),470,0.5,1,80,1.414,0.08,3.531,0.15,0.04971,False,True,True,True
Chronos (simplified),470,0.5,1,80,2,0.08,4.993,1,0.0703,True,True,True,True
Chronos (simplified),470,0.5,1,80,2.828,0.08,7.062,1,0.09942,True,True,True,True
Chronos (simplified),470,0.5,1,80,4,0.08,9.987,1,0.1406,True,True,True,True
Chronos (simplified),470,0.5,1,80,5.657,0.08,14.12,1,0.1988,True,True,True,True
Chronos (simplified),470,0.5,1,80,8,0.08,19.97,1,0.2812,True,True,True,True
Chronos (simplified),470,0.5,1,80,11.31,0.08,28.25,1,0.3977,True,True,True,True
Chronos (simplified),470,0.5,1,100,0.25,0.1,0.6242,0,0.0107,False,True,True,True
Chronos (simplified),470,0.5,1,100,0.3536,0.1,0.8828,0,0.01514,False,True,True,True
Chronos (simplified),470,0.5,1,100,0.5,0.1,1.248,0,0.02141,False,True,True,True
Chronos (simplified),470,0.5,1,100,0.7071,0.1,1.765,0,0.03028,False,True,True,True
Chronos (simplified),470,0.5,1,100,1,0.1,2.497,0,0.04282,False,True,True,True
Chronos (simplified),470,0.5,1,100,1.414,0.1,3.531,0.7,0.06055,False,True,True,True
Chronos (simplified),470,0.5,1,100,2,0.1,4.993,1,0.08564,True,True,True,True
Chronos (simplified),470,0.5,1,100,2.828,0.1,7.062,1,0.1211,True,True,True,True
Chronos (simplified),470,0.5,1,100,4,0.1,9.987,1,0.1713,True,True,True,True
Chronos (simplified),470,0.5,1,100,5.657,0.1,14.12,1,0.2422,True,True,True,True
Chronos (simplified),470,0.5,1,100,8,0.1,19.97,1,0.3425,True,True,True,True
Chronos (simplified),470,0.5,1,100,11.31,0.1,28.25,1,0.4844,True,True,True,True
Chronos (simplified),470,0.5,1,125,0.25,0.125,0.6242,0,0.0131,False,True,True,True
Chronos (simplified),470,0.5,1,125,0.3536,0.125,0.8828,0,0.01853,False,True,True,True
Chronos (simplified),470,0.5,1,125,0.5,0.125,1.248,0,0.0262,False,True,True,True
Chronos (simplified),470,0.5,1,125,0.7071,0.125,1.765,0,0.03705,False,True,True,True
Chronos (simplified),470,0.5,1,125,1,0.125,2.497,0,0.0524,False,True,True,True
Chronos (simplified),470,0.5,1,125,1.414,0.125,3.531,1,0.07411,False,True,True,True
Chronos (simplified),470,0.5,1,125,2,0.125,4.993,1,0.1048,True,True,True,True
Chronos (simplified),470,0.5,1,125,2.828,0.125,7.062,1,0.1482,True,True,True,True
Chronos (simplified),470,0.5,1,125,4,0.125,9.987,1,0.2096,True,True,True,True
Chronos (simplified),470,0.5,1,125,5.657,0.125,14.12,1,0.2964,True,True,True,True
Chronos (simplified),470,0.5,1,125,8,0.125,19.97,1,0.4192,True,True,True,True
Chronos (simplified),470,0.5,1,125,11.31,0.125,28.25,1,0.5929,True,False,True,True
Chronos (simplified),470,0.5,1,150,0.25,0.15,0.6242,0,0.0155,False,True,True,True
Chronos (simplified),470,0.5,1,150,0.3536,0.15,0.8828,0,0.02192,False,True,True,True
Chronos (simplified),470,0.5,1,150,0.5,0.15,1.248,0,0.03099,False,True,True,True
Chronos (simplified),470,0.5,1,150,0.7071,0.15,1.765,0,0.04383,False,True,True,True
Chronos (simplified),470,0.5,1,150,1,0.15,2.497,0,0.06199,False,True,True,True
Chronos (simplified),470,0.5,1,150,1.414,0.15,3.531,0.15,0.08766,False,True,True,True
Chronos (simplified),470,0.5,1,150,2,0.15,4.993,0.85,0.124,False,True,True,True
Chronos (simplified),470,0.5,1,150,2.828,0.15,7.062,1,0.1753,True,True,True,True
Chronos (simplified),470,0.5,1,150,4,0.15,9.987,1,0.2479,True,True,True,True
Chronos (simplified),470,0.5,1,150,5.657,0.15,14.12,1,0.3506,True,True,True,True
Chronos (simplified),470,0.5,1,150,8,0.15,19.97,1,0.4959,True,True,True,True
Chronos (simplified),470,0.5,1,150,11.31,0.15,28.25,1,0.7013,True,False,True,True
Chronos (simplified),470,0.5,1,200,0.25,0.2,0.6242,0,0.02029,False,True,True,True
Chronos (simplified),470,0.5,1,200,0.3536,0.2,0.8828,0,0.0287,False,True,True,True
Chronos (simplified),470,0.5,1,200,0.5,0.2,1.248,0,0.04058,False,True,True,True
Chronos (simplified),470,0.5,1,200,0.7071,0.2,1.765,0,0.05738,False,True,True,True
Chronos (simplified),470,0.5,1,200,1,0.2,2.497,0,0.08115,False,True,True,True
Chronos (simplified),470,0.5,1,200,1.414,0.2,3.531,0.05,0.1148,False,True,True,True
Chronos (simplified),470,0.5,1,200,2,0.2,4.993,0.05,0.1623,False,True,True,True
Chronos (simplified),470,0.5,1,200,2.828,0.2,7.062,0.2,0.2295,False,True,True,True
Chronos (simplified),470,0.5,1,200,4,0.2,9.987,0.35,0.3246,False,True,True,True
Chronos (simplified),470,0.5,1,200,5.657,0.2,14.12,0.65,0.4591,False,True,True,True
Chronos (simplified),470,0.5,1,200,8,0.2,19.97,0.7,0.6492,False,False,True,True
Chronos (simplified),470,0.5,1,200,11.31,0.2,28.25,0.8,0.9182,False,False,True,True
Chronos (simplified),470,0.5,2,10,0.25,0.02,0.6242,0,0.004119,False,True,True,True
Chronos (simplified),470,0.5,2,10,0.3536,0.02,0.8828,0,0.005826,False,True,True,True
Chronos (simplified),470,0.5,2,10,0.5,0.02,1.248,0.6,0.008238,False,True,True,True
Chronos (simplified),470,0.5,2,10,0.7071,0.02,1.765,1,0.01165,True,True,True,True
Chronos (simplified),470,0.5,2,10,1,0.02,2.497,1,0.01648,True,True,True,True
Chronos (simplified),470,0.5,2,10,1.414,0.02,3.531,1,0.0233,True,True,True,True
Chronos (simplified),470,0.5,2,10,2,0.02,4.993,1,0.03295,True,True,True,True
Chronos (simplified),470,0.5,2,10,2.828,0.02,7.062,1,0.0466,True,True,True,True
Chronos (simplified),470,0.5,2,10,4,0.02,9.987,1,0.06591,True,True,True,True
Chronos (simplified),470,0.5,2,10,5.657,0.02,14.12,1,0.0932,True,True,True,True
Chronos (simplified),470,0.5,2,10,8,0.02,19.97,1,0.1318,True,True,True,True
Chronos (simplified),470,0.5,2,10,11.31,0.02,28.25,1,0.1864,True,True,True,True
Chronos (simplified),470,0.5,2,20,0.25,0.04,0.6242,0,0.006036,False,True,True,True
Chronos (simplified),470,0.5,2,20,0.3536,0.04,0.8828,0,0.008537,False,True,True,True
Chronos (simplified),470,0.5,2,20,0.5,0.04,1.248,0.55,0.01207,False,True,True,True
Chronos (simplified),470,0.5,2,20,0.7071,0.04,1.765,1,0.01707,True,True,True,True
Chronos (simplified),470,0.5,2,20,1,0.04,2.497,1,0.02414,True,True,True,True
Chronos (simplified),470,0.5,2,20,1.414,0.04,3.531,1,0.03414,True,True,True,True
Chronos (simplified),470,0.5,2,20,2,0.04,4.993,1,0.04829,True,True,True,True
Chronos (simplified),470,0.5,2,20,2.828,0.04,7.062,1,0.06829,True,True,True,True
Chronos (simplified),470,0.5,2,20,4,0.04,9.987,1,0.09657,True,True,True,True
Chronos (simplified),470,0.5,2,20,5.657,0.04,14.12,1,0.1366,True,True,True,True
Chronos (simplified),470,0.5,2,20,8,0.04,19.97,1,0.1931,True,True,True,True
Chronos (simplified),470,0.5,2,20,11.31,0.04,28.25,1,0.2732,True,True,True,True
Chronos (simplified),470,0.5,2,40,0.25,0.08,0.6242,0,0.00987,False,True,True,True
Chronos (simplified),470,0.5,2,40,0.3536,0.08,0.8828,0,0.01396,False,True,True,True
Chronos (simplified),470,0.5,2,40,0.5,0.08,1.248,0.55,0.01974,False,True,True,True
Chronos (simplified),470,0.5,2,40,0.7071,0.08,1.765,1,0.02792,True,True,True,True
Chronos (simplified),470,0.5,2,40,1,0.08,2.497,1,0.03948,True,True,True,True
Chronos (simplified),470,0.5,2,40,1.414,0.08,3.531,1,0.05583,True,True,True,True
Chronos (simplified),470,0.5,2,40,2,0.08,4.993,1,0.07896,True,True,True,True
Chronos (simplified),470,0.5,2,40,2.828,0.08,7.062,1,0.1117,True,True,True,True
Chronos (simplified),470,0.5,2,40,4,0.08,9.987,1,0.1579,True,True,True,True
Chronos (simplified),470,0.5,2,40,5.657,0.08,14.12,1,0.2233,True,True,True,True
Chronos (simplified),470,0.5,2,40,8,0.08,19.97,1,0.3158,True,True,True,True
Chronos (simplified),470,0.5,2,40,11.31,0.08,28.25,1,0.4466,True,True,True,True
Chronos (simplified),470,0.5,2,60,0.25,0.12,0.6242,0,0.0137,False,True,True,True
Chronos (simplified),470,0.5,2,60,0.3536,0.12,0.8828,0,0.01938,False,True,True,True
Chronos (simplified),470,0.5,2,60,0.5,0.12,1.248,0.5,0.02741,False,True,True,True
Chronos (simplified),470,0.5,2,60,0.7071,0.12,1.765,1,0.03876,True,True,True,True
Chronos (simplified),470,0.5,2,60,1,0.12,2.497,1,0.05481,True,True,True,True
Chronos (simplified),470,0.5,2,60,1.414,0.12,3.531,1,0.07752,True,True,True,True
Chronos (simplified),470,0.5,2,60,2,0.12,4.993,1,0.1096,True,True,True,True
Chronos (simplified),470,0.5,2,60,2.828,0.12,7.062,1,0.155,True,True,True,True
Chronos (simplified),470,0.5,2,60,4,0.12,9.987,1,0.2193,True,True,True,True
Chronos (simplified),470,0.5,2,60,5.657,0.12,14.12,1,0.3101,True,True,True,True
Chronos (simplified),470,0.5,2,60,8,0.12,19.97,1,0.4385,True,True,True,True
Chronos (simplified),470,0.5,2,60,11.31,0.12,28.25,1,0.6201,True,False,True,True
Chronos (simplified),470,0.5,2,80,0.25,0.16,0.6242,0,0.01754,False,True,True,True
Chronos (simplified),470,0.5,2,80,0.3536,0.16,0.8828,0,0.0248,False,True,True,True
Chronos (simplified),470,0.5,2,80,0.5,0.16,1.248,0.25,0.03507,False,True,True,True
Chronos (simplified),470,0.5,2,80,0.7071,0.16,1.765,0.85,0.0496,False,True,True,True
Chronos (simplified),470,0.5,2,80,1,0.16,2.497,1,0.07015,True,True,True,True
Chronos (simplified),470,0.5,2,80,1.414,0.16,3.531,1,0.0992,True,True,True,True
Chronos (simplified),470,0.5,2,80,2,0.16,4.993,1,0.1403,True,True,True,True
Chronos (simplified),470,0.5,2,80,2.828,0.16,7.062,1,0.1984,True,True,True,True
Chronos (simplified),470,0.5,2,80,4,0.16,9.987,1,0.2806,True,True,True,True
Chronos (simplified),470,0.5,2,80,5.657,0.16,14.12,1,0.3968,True,True,True,True
Chronos (simplified),470,0.5,2,80,8,0.16,19.97,1,0.5612,True,False,True,True
Chronos (simplified),470,0.5,2,80,11.31,0.16,28.25,1,0.7936,True,False,True,True
Chronos (simplified),470,0.5,2,100,0.25,0.2,0.6242,0,0.02137,False,True,True,True
Chronos (simplified),470,0.5,2,100,0.3536,0.2,0.8828,0,0.03023,False,True,True,True
Chronos (simplified),470,0.5,2,100,0.5,0.2,1.248,0.7,0.04274,False,True,True,True
Chronos (simplified),470,0.5,2,100,0.7071,0.2,1.765,1,0.06045,False,True,True,True
Chronos (simplified),470,0.5,2,100,1,0.2,2.497,1,0.08548,True,True,True,True
Chronos (simplified),470,0.5,2,100,1.414,0.2,3.531,1,0.1209,True,True,True,True
Chronos (simplified),470,0.5,2,100,2,0.2,4.993,1,0.171,True,True,True,True
Chronos (simplified),470,0.5,2,100,2.828,0.2,7.062,1,0.2418,True,True,True,True
Chronos (simplified),470,0.5,2,100,4,0.2,9.987,1,0.3419,True,True,True,True
Chronos (simplified),470,0.5,2,100,5.657,0.2,14.12,1,0.4836,True,True,True,True
Chronos (simplified),470,0.5,2,100,8,0.2,19.97,1,0.6839,True,False,True,True
Chronos (simplified),470,0.5,2,100,11.31,0.2,28.25,1,0.9671,True,False,True,True
Chronos (simplified),470,0.5,2,125,0.25,0.25,0.6242,0,0.02616,False,True,True,True
Chronos (simplified),470,0.5,2,125,0.3536,0.25,0.8828,0,0.037,False,True,True,True
Chronos (simplified),470,0.5,2,125,0.5,0.25,1.248,1,0.05233,False,True,True,True
Chronos (simplified),470,0.5,2,125,0.7071,0.25,1.765,1,0.074,False,True,True,True
Chronos (simplified),470,0.5,2,125,1,0.25,2.497,1,0.1047,True,True,True,True
Chronos (simplified),470,0.5,2,125,1.414,0.25,3.531,1,0.148,True,True,True,True
Chronos (simplified),470,0.5,2,125,2,0.25,4.993,1,0.2093,True,True,True,True
Chronos (simplified),470,0.5,2,125,2.828,0.25,7.062,1,0.296,True,True,True,True
Chronos (simplified),470,0.5,2,125,4,0.25,9.987,1,0.4186,True,True,True,True
Chronos (simplified),470,0.5,2,125,5.657,0.25,14.12,1,0.592,True,False,True,True
Chronos (simplified),470,0.5,2,125,8,0.25,19.97,1,0.8372,True,False,True,True
Chronos (simplified),470,0.5,2,125,11.31,0.25,28.25,1,1.184,True,False,False,True
Chronos (simplified),470,0.5,2,150,0.25,0.3,0.6242,0,0.03096,False,True,True,True
Chronos (simplified),470,0.5,2,150,0.3536,0.3,0.8828,0,0.04378,False,True,True,True
Chronos (simplified),470,0.5,2,150,0.5,0.3,1.248,0.2,0.06191,False,True,True,True
Chronos (simplified),470,0.5,2,150,0.7071,0.3,1.765,0.8,0.08755,False,True,True,True
Chronos (simplified),470,0.5,2,150,1,0.3,2.497,1,0.1238,True,True,True,True
Chronos (simplified),470,0.5,2,150,1.414,0.3,3.531,1,0.1751,True,True,True,True
Chronos (simplified),470,0.5,2,150,2,0.3,4.993,1,0.2476,True,True,True,True
Chronos (simplified),470,0.5,2,150,2.828,0.3,7.062,1,0.3502,True,True,True,True
Chronos (simplified),470,0.5,2,150,4,0.3,9.987,1,0.4953,True,True,True,True
Chronos (simplified),470,0.5,2,150,5.657,0.3,14.12,1,0.7004,True,False,True,True
Chronos (simplified),470,0.5,2,150,8,0.3,19.97,1,0.9906,True,False,True,True
Chronos (simplified),470,0.5,2,150,11.31,0.3,28.25,1,1.401,True,False,False,True
Chronos (simplified),470,0.5,2,200,0.25,0.4,0.6242,0,0.04054,False,True,True,True
Chronos (simplified),470,0.5,2,200,0.3536,0.4,0.8828,0,0.05734,False,True,True,True
Chronos (simplified),470,0.5,2,200,0.5,0.4,1.248,0.05,0.08108,False,True,True,True
Chronos (simplified),470,0.5,2,200,0.7071,0.4,1.765,0.1,0.1147,False,True,True,True
Chronos (simplified),470,0.5,2,200,1,0.4,2.497,0.2,0.1622,False,True,True,True
Chronos (simplified),470,0.5,2,200,1.414,0.4,3.531,0.3,0.2293,False,True,True,True
Chronos (simplified),470,0.5,2,200,2,0.4,4.993,0.45,0.3243,False,True,True,True
Chronos (simplified),470,0.5,2,200,2.828,0.4,7.062,0.5,0.4586,False,True,True,True
Chronos (simplified),470,0.5,2,200,4,0.4,9.987,0.6,0.6486,False,False,True,True
Chronos (simplified),470,0.5,2,200,5.657,0.4,14.12,0.65,0.9173,False,False,True,True
Chronos (simplified),470,0.5,2,200,8,0.4,19.97,0.65,1.297,False,False,False,True
Chronos (simplified),470,0.5,2,200,11.31,0.4,28.25,0.65,1.835,False,False,False,True
Chronos (simplified),470,0.5,5,10,0.25,0.05,0.6242,0.35,0.01004,False,True,True,True
Chronos (simplified),470,0.5,5,10,0.3536,0.05,0.8828,0.65,0.0142,False,True,True,True
Chronos (simplified),470,0.5,5,10,0.5,0.05,1.248,0.85,0.02008,False,True,True,True
Chronos (simplified),470,0.5,5,10,0.7071,0.05,1.765,1,0.0284,True,True,True,True
Chronos (simplified),470,0.5,5,10,1,0.05,2.497,1,0.04017,True,True,True,True
Chronos (simplified),470,0.5,5,10,1.414,0.05,3.531,1,0.05681,True,True,True,True
Chronos (simplified),470,0.5,5,10,2,0.05,4.993,1,0.08034,True,True,True,True
Chronos (simplified),470,0.5,5,10,2.828,0.05,7.062,1,0.1136,True,True,True,True
Chronos (simplified),470,0.5,5,10,4,0.05,9.987,1,0.1607,True,True,True,True
Chronos (simplified),470,0.5,5,10,5.657,0.05,14.12,1,0.2272,True,True,True,True
Chronos (simplified),470,0.5,5,10,8,0.05,19.97,1,0.3213,True,True,True,True
Chronos (simplified),470,0.5,5,10,11.31,0.05,28.25,1,0.4545,True,True,True,True
Chronos (simplified),470,0.5,5,20,0.25,0.1,0.6242,0.3,0.01483,False,True,True,True
Chronos (simplified),470,0.5,5,20,0.3536,0.1,0.8828,0.6,0.02098,False,True,True,True
Chronos (simplified),470,0.5,5,20,0.5,0.1,1.248,0.75,0.02967,False,True,True,True
Chronos (simplified),470,0.5,5,20,0.7071,0.1,1.765,0.95,0.04196,True,True,True,True
Chronos (simplified),470,0.5,5,20,1,0.1,2.497,1,0.05934,True,True,True,True
Chronos (simplified),470,0.5,5,20,1.414,0.1,3.531,1,0.08391,True,True,True,True
Chronos (simplified),470,0.5,5,20,2,0.1,4.993,1,0.1187,True,True,True,True
Chronos (simplified),470,0.5,5,20,2.828,0.1,7.062,1,0.1678,True,True,True,True
Chronos (simplified),470,0.5,5,20,4,0.1,9.987,1,0.2373,True,True,True,True
Chronos (simplified),470,0.5,5,20,5.657,0.1,14.12,1,0.3357,True,True,True,True
Chronos (simplified),470,0.5,5,20,8,0.1,19.97,1,0.4747,True,True,True,True
Chronos (simplified),470,0.5,5,20,11.31,0.1,28.25,1,0.6713,True,False,True,True
Chronos (simplified),470,0.5,5,40,0.25,0.2,0.6242,0.3,0.02442,False,True,True,True
Chronos (simplified),470,0.5,5,40,0.3536,0.2,0.8828,0.55,0.03454,False,True,True,True
Chronos (simplified),470,0.5,5,40,0.5,0.2,1.248,0.7,0.04884,False,True,True,True
Chronos (simplified),470,0.5,5,40,0.7071,0.2,1.765,0.85,0.06907,False,True,True,True
Chronos (simplified),470,0.5,5,40,1,0.2,2.497,1,0.09767,True,True,True,True
Chronos (simplified),470,0.5,5,40,1.414,0.2,3.531,1,0.1381,True,True,True,True
Chronos (simplified),470,0.5,5,40,2,0.2,4.993,1,0.1953,True,True,True,True
Chronos (simplified),470,0.5,5,40,2.828,0.2,7.062,1,0.2763,True,True,True,True
Chronos (simplified),470,0.5,5,40,4,0.2,9.987,1,0.3907,True,True,True,True
Chronos (simplified),470,0.5,5,40,5.657,0.2,14.12,1,0.5525,True,False,True,True
Chronos (simplified),470,0.5,5,40,8,0.2,19.97,1,0.7814,True,False,True,True
Chronos (simplified),470,0.5,5,40,11.31,0.2,28.25,1,1.105,True,False,False,True
Chronos (simplified),470,0.5,5,60,0.25,0.3,0.6242,0.25,0.034,False,True,True,True
Chronos (simplified),470,0.5,5,60,0.3536,0.3,0.8828,0.5,0.04809,False,True,True,True
Chronos (simplified),470,0.5,5,60,0.5,0.3,1.248,0.65,0.06801,False,True,True,True
Chronos (simplified),470,0.5,5,60,0.7071,0.3,1.765,0.8,0.09617,False,True,True,True
Chronos (simplified),470,0.5,5,60,1,0.3,2.497,1,0.136,True,True,True,True
Chronos (simplified),470,0.5,5,60,1.414,0.3,3.531,1,0.1923,True,True,True,True
Chronos (simplified),470,0.5,5,60,2,0.3,4.993,1,0.272,True,True,True,True
Chronos (simplified),470,0.5,5,60,2.828,0.3,7.062,1,0.3847,True,True,True,True
Chronos (simplified),470,0.5,5,60,4,0.3,9.987,1,0.544,True,False,True,True
Chronos (simplified),470,0.5,5,60,5.657,0.3,14.12,1,0.7694,True,False,True,True
Chronos (simplified),470,0.5,5,60,8,0.3,19.97,1,1.088,True,False,False,True
Chronos (simplified),470,0.5,5,60,11.31,0.3,28.25,1,1.539,True,False,False,True
Chronos (simplified),470,0.5,5,80,0.25,0.4,0.6242,0.05,0.04359,False,True,True,True
Chronos (simplified),470,0.5,5,80,0.3536,0.4,0.8828,0.3,0.06165,False,True,True,True
Chronos (simplified),470,0.5,5,80,0.5,0.4,1.248,0.45,0.08717,False,True,True,True
Chronos (simplified),470,0.5,5,80,0.7071,0.4,1.765,0.55,0.1233,False,True,True,True
Chronos (simplified),470,0.5,5,80,1,0.4,2.497,0.7,0.1743,False,True,True,True
Chronos (simplified),470,0.5,5,80,1.414,0.4,3.531,0.95,0.2466,True,True,True,True
Chronos (simplified),470,0.5,5,80,2,0.4,4.993,1,0.3487,True,True,True,True
Chronos (simplified),470,0.5,5,80,2.828,0.4,7.062,1,0.4931,True,True,True,True
Chronos (simplified),470,0.5,5,80,4,0.4,9.987,1,0.6974,True,False,True,True
Chronos (simplified),470,0.5,5,80,5.657,0.4,14.12,1,0.9863,True,False,True,True
Chronos (simplified),470,0.5,5,80,8,0.4,19.97,1,1.395,True,False,False,True
Chronos (simplified),470,0.5,5,80,11.31,0.4,28.25,1,1.973,True,False,False,True
Chronos (simplified),470,0.5,5,100,0.25,0.5,0.6242,0.05,0.05317,False,True,True,True
Chronos (simplified),470,0.5,5,100,0.3536,0.5,0.8828,0.15,0.07521,False,True,True,True
Chronos (simplified),470,0.5,5,100,0.5,0.5,1.248,0.4,0.1063,False,True,True,True
Chronos (simplified),470,0.5,5,100,0.7071,0.5,1.765,0.5,0.1504,False,True,True,True
Chronos (simplified),470,0.5,5,100,1,0.5,2.497,0.6,0.2127,False,True,True,True
Chronos (simplified),470,0.5,5,100,1.414,0.5,3.531,0.75,0.3008,False,True,True,True
Chronos (simplified),470,0.5,5,100,2,0.5,4.993,1,0.4254,True,True,True,True
Chronos (simplified),470,0.5,5,100,2.828,0.5,7.062,1,0.6016,True,False,True,True
Chronos (simplified),470,0.5,5,100,4,0.5,9.987,1,0.8507,True,False,True,True
Chronos (simplified),470,0.5,5,100,5.657,0.5,14.12,1,1.203,True,False,False,True
Chronos (simplified),470,0.5,5,100,8,0.5,19.97,1,1.701,True,False,False,True
Chronos (simplified),470,0.5,5,100,11.31,0.5,28.25,1,2.406,True,False,False,False
Chronos (simplified),470,0.5,5,125,0.25,0.625,0.6242,0.45,0.06515,False,True,True,True
Chronos (simplified),470,0.5,5,125,0.3536,0.625,0.8828,0.05,0.09215,False,True,True,True
Chronos (simplified),470,0.5,5,125,0.5,0.625,1.248,0.05,0.1303,False,True,True,True
Chronos (simplified),470,0.5,5,125,0.7071,0.625,1.765,0.25,0.1843,False,True,True,True
Chronos (simplified),470,0.5,5,125,1,0.625,2.497,0.95,0.2606,False,True,True,True
Chronos (simplified),470,0.5,5,125,1.414,0.625,3.531,1,0.3686,False,True,True,True
Chronos (simplified),470,0.5,5,125,2,0.625,4.993,1,0.5212,True,False,True,True
Chronos (simplified),470,0.5,5,125,2.828,0.625,7.062,1,0.7371,True,False,True,True
Chronos (simplified),470,0.5,5,125,4,0.625,9.987,1,1.042,True,False,False,True
Chronos (simplified),470,0.5,5,125,5.657,0.625,14.12,1,1.474,True,False,False,True
Chronos (simplified),470,0.5,5,125,8,0.625,19.97,1,2.085,True,False,False,False
Chronos (simplified),470,0.5,5,125,11.31,0.625,28.25,1,2.948,True,False,False,False
Chronos (simplified),470,0.5,5,150,0.25,0.75,0.6242,0.15,0.07713,False,True,True,True
Chronos (simplified),470,0.5,5,150,0.3536,0.75,0.8828,0.3,0.1091,False,True,True,True
Chronos (simplified),470,0.5,5,150,0.5,0.75,1.248,0.4,0.1543,False,True,True,True
Chronos (simplified),470,0.5,5,150,0.7071,0.75,1.765,0.45,0.2182,False,True,True,True
Chronos (simplified),470,0.5,5,150,1,0.75,2.497,0.05,0.3085,False,True,True,True
Chronos (simplified),470,0.5,5,150,1.414,0.75,3.531,0.05,0.4363,False,True,True,True
Chronos (simplified),470,0.5,5,150,2,0.75,4.993,0.05,0.6171,False,False,True,True
Chronos (simplified),470,0.5,5,150,2.828,0.75,7.062,0.05,0.8726,False,False,True,True
Chronos (simplified),470,0.5,5,150,4,0.75,9.987,0.05,1.234,False,False,False,True
Chronos (simplified),470,0.5,5,150,5.657,0.75,14.12,0.05,1.745,False,False,False,True
Chronos (simplified),470,0.5,5,150,8,0.75,19.97,0.05,2.468,False,False,False,False
Chronos (simplified),470,0.5,5,150,11.31,0.75,28.25,0.05,3.491,False,False,False,False
Chronos (simplified),470,0.5,10,10,0.25,0.1,0.6242,0.15,0.01912,False,True,True,True
Chronos (simplified),470,0.5,10,10,0.3536,0.1,0.8828,0.25,0.02704,False,True,True,True
Chronos (simplified),470,0.5,10,10,0.5,0.1,1.248,0.3,0.03823,False,True,True,True
Chronos (simplified),470,0.5,10,10,0.7071,0.1,1.765,0.45,0.05407,False,True,True,True
Chronos (simplified),470,0.5,10,10,1,0.1,2.497,0.95,0.07647,True,True,True,True
Chronos (simplified),470,0.5,10,10,1.414,0.1,3.531,0.9,0.1081,False,True,True,True
Chronos (simplified),470,0.5,10,10,2,0.1,4.993,0.9,0.1529,False,True,True,True
Chronos (simplified),470,0.5,10,10,2.828,0.1,7.062,0.9,0.2163,False,True,True,True
Chronos (simplified),470,0.5,10,10,4,0.1,9.987,0.9,0.3059,False,True,True,True
Chronos (simplified),470,0.5,10,10,5.657,0.1,14.12,0.9,0.4326,False,True,True,True
Chronos (simplified),470,0.5,10,10,8,0.1,19.97,0.9,0.6117,False,False,True,True
Chronos (simplified),470,0.5,10,10,11.31,0.1,28.25,0.9,0.8651,False,False,True,True
Chronos (simplified),470,0.5,10,20,0.25,0.2,0.6242,0.15,0.0287,False,True,True,True
Chronos (simplified),470,0.5,10,20,0.3536,0.2,0.8828,0.25,0.04059,False,True,True,True
Chronos (simplified),470,0.5,10,20,0.5,0.2,1.248,0.3,0.0574,False,True,True,True
Chronos (simplified),470,0.5,10,20,0.7071,0.2,1.765,0.4,0.08118,False,True,True,True
Chronos (simplified),470,0.5,10,20,1,0.2,2.497,0.95,0.1148,True,True,True,True
Chronos (simplified),470,0.5,10,20,1.414,0.2,3.531,0.95,0.1624,False,True,True,True
Chronos (simplified),470,0.5,10,20,2,0.2,4.993,0.9,0.2296,False,True,True,True
Chronos (simplified),470,0.5,10,20,2.828,0.2,7.062,0.9,0.3247,False,True,True,True
Chronos (simplified),470,0.5,10,20,4,0.2,9.987,0.9,0.4592,False,True,True,True
Chronos (simplified),470,0.5,10,20,5.657,0.2,14.12,0.9,0.6494,False,False,True,True
Chronos (simplified),470,0.5,10,20,8,0.2,19.97,0.9,0.9184,False,False,True,True
Chronos (simplified),470,0.5,10,20,11.31,0.2,28.25,0.9,1.299,False,False,False,True
Chronos (simplified),470,0.5,10,40,0.25,0.4,0.6242,0.15,0.04787,False,True,True,True
Chronos (simplified),470,0.5,10,40,0.3536,0.4,0.8828,0.25,0.06771,False,True,True,True
Chronos (simplified),470,0.5,10,40,0.5,0.4,1.248,0.25,0.09574,False,True,True,True
Chronos (simplified),470,0.5,10,40,0.7071,0.4,1.765,0.35,0.1354,False,True,True,True
Chronos (simplified),470,0.5,10,40,1,0.4,2.497,0.95,0.1915,True,True,True,True
Chronos (simplified),470,0.5,10,40,1.414,0.4,3.531,0.95,0.2708,False,True,True,True
Chronos (simplified),470,0.5,10,40,2,0.4,4.993,0.9,0.383,False,True,True,True
Chronos (simplified),470,0.5,10,40,2.828,0.4,7.062,0.9,0.5416,False,False,True,True
Chronos (simplified),470,0.5,10,40,4,0.4,9.987,0.9,0.7659,False,False,True,True
Chronos (simplified),470,0.5,10,40,5.657,0.4,14.12,0.9,1.083,False,False,False,True
Chronos (simplified),470,0.5,10,40,8,0.4,19.97,0.9,1.532,False,False,False,True
Chronos (simplified),470,0.5,10,40,11.31,0.4,28.25,0.9,2.166,False,False,False,False
Chronos (simplified),470,0.5,10,60,0.25,0.6,0.6242,0.05,0.06704,False,True,True,True
Chronos (simplified),470,0.5,10,60,0.3536,0.6,0.8828,0.1,0.09482,False,True,True,True
Chronos (simplified),470,0.5,10,60,0.5,0.6,1.248,0.15,0.1341,False,True,True,True
Chronos (simplified),470,0.5,10,60,0.7071,0.6,1.765,0.2,0.1896,False,True,True,True
Chronos (simplified),470,0.5,10,60,1,0.6,2.497,0.3,0.2682,False,True,True,True
Chronos (simplified),470,0.5,10,60,1.414,0.6,3.531,0.95,0.3792,False,True,True,True
Chronos (simplified),470,0.5,10,60,2,0.6,4.993,0.95,0.5363,False,False,True,True
Chronos (simplified),470,0.5,10,60,2.828,0.6,7.062,0.95,0.7584,False,False,True,True
Chronos (simplified),470,0.5,10,60,4,0.6,9.987,0.95,1.073,False,False,False,True
Chronos (simplified),470,0.5,10,60,5.657,0.6,14.12,0.95,1.517,False,False,False,True
Chronos (simplified),470,0.5,10,60,8,0.6,19.97,0.95,2.145,False,False,False,False
Chronos (simplified),470,0.5,10,60,11.31,0.6,28.25,0.95,3.034,False,False,False,False
Chronos (simplified),470,0.5,10,80,0.25,0.8,0.6242,0.05,0.08621,False,True,True,True
Chronos (simplified),470,0.5,10,80,0.3536,0.8,0.8828,0.05,0.1219,False,True,True,True
Chronos (simplified),470,0.5,10,80,0.5,0.8,1.248,0.05,0.1724,False,True,True,True
Chronos (simplified),470,0.5,10,80,0.7071,0.8,1.765,0.05,0.2438,False,True,True,True
Chronos (simplified),470,0.5,10,80,1,0.8,2.497,0.1,0.3448,False,True,True,True
Chronos (simplified),470,0.5,10,80,1.414,0.8,3.531,0.15,0.4877,False,True,True,True
Chronos (simplified),470,0.5,10,80,2,0.8,4.993,0.2,0.6897,False,False,True,True
Chronos (simplified),470,0.5,10,80,2.828,0.8,7.062,0.25,0.9753,False,False,True,True
Chronos (simplified),470,0.5,10,80,4,0.8,9.987,0.75,1.379,False,False,False,True
Chronos (simplified),470,0.5,10,80,5.657,0.8,14.12,0.95,1.951,False,False,False,True
Chronos (simplified),470,0.5,10,80,8,0.8,19.97,0.95,2.759,False,False,False,False
Chronos (simplified),470,0.5,10,80,11.31,0.8,28.25,0.95,3.901,False,False,False,False
ChrimsonR (simplified),590,0.5,0.5,10,0.25,0.005,1.006,0,0.0006619,False,True,True,True
ChrimsonR (simplified),590,0.5,0.5,10,0.3536,0.005,1.423,0,0.0009362,False,True,True,True
ChrimsonR (simplified),590,0.5,0.5,10,0.5,0.005,2.012,0,0.001324,False,True,True,True
ChrimsonR (simplified),590,0.5,0.5,10,0.7071,0.005,2.845,0,0.001872,False,True,True,True
ChrimsonR (simplified),590,0.5,0.5,10,1,0.005,4.024,0,0.002648,False,True,True,True
ChrimsonR (simplified),590,0.5,0.5,10,1.414,0.005,5.691,0,0.003744,False,True,True,True
ChrimsonR (simplified),590,0.5,0.5,10,2,0.005,8.048,0,0.005295,False,True,True,True
ChrimsonR (simplified),590,0.5,0.5,10,2.828,0.005,11.38,0.3,0.007489,False,True,True,True
ChrimsonR (simplified),590,0.5,0.5,10,4,0.005,16.1,0.6,0.01059,False,True,True,True
ChrimsonR (simplified),590,0.5,0.5,10,5.657,0.005,22.76,0.85,0.01498,False,True,True,True
ChrimsonR (simplified),590,0.5,0.5,20,0.25,0.01,1.006,0,0.0009878,False,True,True,True
ChrimsonR (simplified),590,0.5,0.5,20,0.3536,0.01,1.423,0,0.001397,False,True,True,True
ChrimsonR (simplified),590,0.5,0.5,20,0.5,0.01,2.012,0,0.001976,False,True,True,True
ChrimsonR (simplified),590,0.5,0.5,20,0.7071,0.01,2.845,0,0.002794,False,True,True,True
ChrimsonR (simplified),590,0.5,0.5,20,1,0.01,4.024,0,0.003951,False,True,True,True
ChrimsonR (simplified),590,0.5,0.5,20,1.414,0.01,5.691,0,0.005588,False,True,True,True
ChrimsonR (simplified),590,0.5,0.5,20,2,0.01,8.048,0,0.007903,False,True,True,True
ChrimsonR (simplified),590,0.5,0.5,20,2.828,0.01,11.38,0.3,0.01118,False,True,True,True
ChrimsonR (simplified),590,0.5,0.5,20,4,0.01,16.1,0.55,0.01581,False,True,True,True
ChrimsonR (simplified),590,0.5,0.5,20,5.657,0.01,22.76,0.7,0.02235,False,True,True,True
ChrimsonR (simplified),590,0.5,0.5,40,0.25,0.02,1.006,0,0.00164,False,True,True,True
ChrimsonR (simplified),590,0.5,0.5,40,0.3536,0.02,1.423,0,0.002319,False,True,True,True
ChrimsonR (simplified),590,0.5,0.5,40,0.5,0.02,2.012,0,0.003279,False,True,True,True
ChrimsonR (simplified),590,0.5,0.5,40,0.7071,0.02,2.845,0,0.004637,False,True,True,True
ChrimsonR (simplified),590,0.5,0.5,40,1,0.02,4.024,0,0.006558,False,True,True,True
ChrimsonR (simplified),590,0.5,0.5,40,1.414,0.02,5.691,0,0.009275,False,True,True,True
ChrimsonR (simplified),590,0.5,0.5,40,2,0.02,8.048,0,0.01312,False,True,True,True
ChrimsonR (simplified),590,0.5,0.5,40,2.828,0.02,11.38,0.15,0.01855,False,True,True,True
ChrimsonR (simplified),590,0.5,0.5,40,4,0.02,16.1,0.4,0.02623,False,True,True,True
ChrimsonR (simplified),590,0.5,0.5,40,5.657,0.02,22.76,0.55,0.0371,False,True,True,True
ChrimsonR (simplified),590,0.5,0.5,60,0.25,0.03,1.006,0,0.002291,False,True,True,True
ChrimsonR (simplified),590,0.5,0.5,60,0.3536,0.03,1.423,0,0.003241,False,True,True,True
ChrimsonR (simplified),590,0.5,0.5,60,0.5,0.03,2.012,0,0.004583,False,True,True,True
ChrimsonR (simplified),590,0.5,0.5,60,0.7071,0.03,2.845,0,0.006481,False,True,True,True
ChrimsonR (simplified),590,0.5,0.5,60,1,0.03,4.024,0,0.009165,False,True,True,True
ChrimsonR (simplified),590,0.5,0.5,60,1.414,0.03,5.691,0,0.01296,False,True,True,True
ChrimsonR (simplified),590,0.5,0.5,60,2,0.03,8.048,0,0.01833,False,True,True,True
ChrimsonR (simplified),590,0.5,0.5,60,2.828,0.03,11.38,0.1,0.02592,False,True,True,True
ChrimsonR (simplified),590,0.5,0.5,60,4,0.03,16.1,0.25,0.03666,False,True,True,True
ChrimsonR (simplified),590,0.5,0.5,60,5.657,0.03,22.76,0.35,0.05185,False,True,True,True
ChrimsonR (simplified),590,0.5,0.5,80,0.25,0.04,1.006,0,0.002943,False,True,True,True
ChrimsonR (simplified),590,0.5,0.5,80,0.3536,0.04,1.423,0,0.004163,False,True,True,True
ChrimsonR (simplified),590,0.5,0.5,80,0.5,0.04,2.012,0,0.005886,False,True,True,True
ChrimsonR (simplified),590,0.5,0.5,80,0.7071,0.04,2.845,0,0.008324,False,True,True,True
ChrimsonR (simplified),590,0.5,0.5,80,1,0.04,4.024,0,0.01177,False,True,True,True
ChrimsonR (simplified),590,0.5,0.5,80,1.414,0.04,5.691,0,0.01665,False,True,True,True
ChrimsonR (simplified),590,0.5,0.5,80,2,0.04,8.048,0,0.02354,False,True,True,True
ChrimsonR (simplified),590,0.5,0.5,80,2.828,0.04,11.38,0.05,0.0333,False,True,True,True
ChrimsonR (simplified),590,0.5,0.5,80,4,0.04,16.1,0.15,0.04709,False,True,True,True
ChrimsonR (simplified),590,0.5,0.5,80,5.657,0.04,22.76,0.3,0.0666,False,True,True,True
ChrimsonR (simplified),590,0.5,0.5,100,0.25,0.05,1.006,0,0.003595,False,True,True,True
ChrimsonR (simplified),590,0.5,0.5,100,0.3536,0.05,1.423,0,0.005085,False,True,True,True
ChrimsonR (simplified),590,0.5,0.5,100,0.5,0.05,2.012,0,0.00719,False,True,True,True
ChrimsonR (simplified),590,0.5,0.5,100,0.7071,0.05,2.845,0,0.01017,False,True,True,True
ChrimsonR (simplified),590,0.5,0.5,100,1,0.05,4.024,0,0.01438,False,True,True,True
ChrimsonR (simplified),590,0.5,0.5,100,1.414,0.05,5.691,0,0.02034,False,True,True,True
ChrimsonR (simplified),590,0.5,0.5,100,2,0.05,8.048,0,0.02876,False,True,True,True
ChrimsonR (simplified),590,0.5,0.5,100,2.828,0.05,11.38,0.05,0.04067,False,True,True,True
ChrimsonR (simplified),590,0.5,0.5,100,4,0.05,16.1,0.05,0.05752,False,True,True,True
ChrimsonR (simplified),590,0.5,0.5,100,5.657,0.05,22.76,0.1,0.08134,False,True,True,True
ChrimsonR (simplified),590,0.5,0.5,125,0.25,0.0625,1.006,0,0.00441,False,True,True,True
ChrimsonR (simplified),590,0.5,0.5,125,0.3536,0.0625,1.423,0,0.006237,False,True,True,True
ChrimsonR (simplified),590,0.5,0.5,125,0.5,0.0625,2.012,0,0.008819,False,True,True,True
ChrimsonR (simplified),590,0.5,0.5,125,0.7071,0.0625,2.845,0,0.01247,False,True,True,True
ChrimsonR (simplified),590,0.5,0.5,125,1,0.0625,4.024,0,0.01764,False,True,True,True
ChrimsonR (simplified),590,0.5,0.5,125,1.414,0.0625,5.691,0,0.02494,False,True,True,True
ChrimsonR (simplified),590,0.5,0.5,125,2,0.0625,8.048,0,0.03528,False,True,True,True
ChrimsonR (simplified),590,0.5,0.5,125,2.828,0.0625,11.38,0.1,0.04989,False,True,True,True
ChrimsonR (simplified),590,0.5,0.5,125,4,0.0625,16.1,0.1,0.07055,False,True,True,True
ChrimsonR (simplified),590,0.5,0.5,125,5.657,0.0625,22.76,0.15,0.09978,False,True,True,True
ChrimsonR (simplified),590,0.5,0.5,150,0.25,0.075,1.006,0,0.005224,False,True,True,True
ChrimsonR (simplified),590,0.5,0.5,150,0.3536,0.075,1.423,0,0.007389,False,True,True,True
ChrimsonR (simplified),590,0.5,0.5,150,0.5,0.075,2.012,0,0.01045,False,True,True,True
ChrimsonR (simplified),590,0.5,0.5,150,0.7071,0.075,2.845,0,0.01478,False,True,True,True
ChrimsonR (simplified),590,0.5,0.5,150,1,0.075,4.024,0,0.0209,False,True,True,True
ChrimsonR (simplified),590,0.5,0.5,150,1.414,0.075,5.691,0,0.02955,False,True,True,True
ChrimsonR (simplified),590,0.5,0.5,150,2,0.075,8.048,0,0.04179,False,True,True,True
ChrimsonR (simplified),590,0.5,0.5,150,2.828,0.075,11.38,0.45,0.05911,False,True,True,True
ChrimsonR (simplified),590,0.5,0.5,150,4,0.075,16.1,0.65,0.08359,False,True,True,True
ChrimsonR (simplified),590,0.5,0.5,150,5.657,0.075,22.76,0.75,0.1182,False,True,True,True
ChrimsonR (simplified),590,0.5,0.5,200,0.25,0.1,1.006,0,0.006854,False,True,True,True
ChrimsonR (simplified),590,0.5,0.5,200,0.3536,0.1,1.423,0,0.009694,False,True,True,True
ChrimsonR (simplified),590,0.5,0.5,200,0.5,0.1,2.012,0,0.01371,False,True,True,True
ChrimsonR (simplified),590,0.5,0.5,200,0.7071,0.1,2.845,0,0.01938,False,True,True,True
ChrimsonR (simplified),590,0.5,0.5,200,1,0.1,4.024,0,0.02741,False,True,True,True
ChrimsonR (simplified),590,0.5,0.5,200,1.414,0.1,5.691,0,0.03877,False,True,True,True
ChrimsonR (simplified),590,0.5,0.5,200,2,0.1,8.048,0,0.05483,False,True,True,True
ChrimsonR (simplified),590,0.5,0.5,200,2.828,0.1,11.38,0.05,0.07754,False,True,True,True
ChrimsonR (simplified),590,0.5,0.5,200,4,0.1,16.1,0.1,0.1097,False,True,True,True
ChrimsonR (simplified),590,0.5,0.5,200,5.657,0.1,22.76,0.15,0.1551,False,True,True,True
ChrimsonR (simplified),590,0.5,1,10,0.25,0.01,1.006,0,0.001319,False,True,True,True
ChrimsonR (simplified),590,0.5,1,10,0.3536,0.01,1.423,0,0.001865,False,True,True,True
ChrimsonR (simplified),590,0.5,1,10,0.5,0.01,2.012,0,0.002638,False,True,True,True
ChrimsonR (simplified),590,0.5,1,10,0.7071,0.01,2.845,0.15,0.00373,False,True,True,True
ChrimsonR (simplified),590,0.5,1,10,1,0.01,4.024,0.5,0.005275,False,True,True,True
ChrimsonR (simplified),590,0.5,1,10,1.414,0.01,5.691,0.7,0.00746,False,True,True,True
ChrimsonR (simplified),590,0.5,1,10,2,0.01,8.048,1,0.01055,True,True,True,True
ChrimsonR (simplified),590,0.5,1,10,2.828,0.01,11.38,1,0.01492,True,True,True,True
ChrimsonR (simplified),590,0.5,1,10,4,0.01,16.1,1,0.0211,True,True,True,True
ChrimsonR (simplified),590,0.5,1,10,5.657,0.01,22.76,1,0.02984,True,True,True,True
ChrimsonR (simplified),590,0.5,1,20,0.25,0.02,1.006,0,0.001971,False,True,True,True
ChrimsonR (simplified),590,0.5,1,20,0.3536,0.02,1.423,0,0.002787,False,True,True,True
ChrimsonR (simplified),590,0.5,1,20,0.5,0.02,2.012,0,0.003941,False,True,True,True
ChrimsonR (simplified),590,0.5,1,20,0.7071,0.02,2.845,0.15,0.005574,False,True,True,True
ChrimsonR (simplified),590,0.5,1,20,1,0.02,4.024,0.45,0.007882,False,True,True,True
ChrimsonR (simplified),590,0.5,1,20,1.414,0.02,5.691,0.6,0.01115,False,True,True,True
ChrimsonR (simplified),590,0.5,1,20,2,0.02,8.048,0.8,0.01576,False,True,True,True
ChrimsonR (simplified),590,0.5,1,20,2.828,0.02,11.38,1,0.02229,True,True,True,True
ChrimsonR (simplified),590,0.5,1,20,4,0.02,16.1,1,0.03153,True,True,True,True
ChrimsonR (simplified),590,0.5,1,20,5.657,0.02,22.76,1,0.04459,True,True,True,True
ChrimsonR (simplified),590,0.5,1,40,0.25,0.04,1.006,0,0.003274,False,True,True,True
ChrimsonR (simplified),590,0.5,1,40,0.3536,0.04,1.423,0,0.004631,False,True,True,True
ChrimsonR (simplified),590,0.5,1,40,0.5,0.04,2.012,0,0.006548,False,True,True,True
ChrimsonR (simplified),590,0.5,1,40,0.7071,0.04,2.845,0.05,0.00926,False,True,True,True
ChrimsonR (simplified),590,0.5,1,40,1,0.04,4.024,0.3,0.0131,False,True,True,True
ChrimsonR (simplified),590,0.5,1,40,1.414,0.04,5.691,0.45,0.01852,False,True,True,True
ChrimsonR (simplified),590,0.5,1,40,2,0.04,8.048,0.55,0.02619,False,True,True,True
ChrimsonR (simplified),590,0.5,1,40,2.828,0.04,11.38,0.7,0.03704,False,True,True,True
ChrimsonR (simplified),590,0.5,1,40,4,0.04,16.1,0.95,0.05239,True,True,True,True
ChrimsonR (simplified),590,0.5,1,40,5.657,0.04,22.76,1,0.07409,True,True,True,True
ChrimsonR (simplified),590,0.5,1,60,0.25,0.06,1.006,0,0.004578,False,True,True,True
ChrimsonR (simplified),590,0.5,1,60,0.3536,0.06,1.423,0,0.006475,False,True,True,True
ChrimsonR (simplified),590,0.5,1,60,0.5,0.06,2.012,0,0.009155,False,True,True,True
ChrimsonR (simplified),590,0.5,1,60,0.7071,0.06,2.845,0.05,0.01295,False,True,True,True
ChrimsonR (simplified),590,0.5,1,60,1,0.06,4.024,0.15,0.01831,False,True,True,True
ChrimsonR (simplified),590,0.5,1,60,1.414,0.06,5.691,0.3,0.02589,False,True,True,True
ChrimsonR (simplified),590,0.5,1,60,2,0.06,8.048,0.4,0.03662,False,True,True,True
ChrimsonR (simplified),590,0.5,1,60,2.828,0.06,11.38,0.45,0.05179,False,True,True,True
ChrimsonR (simplified),590,0.5,1,60,4,0.06,16.1,0.5,0.07324,False,True,True,True
ChrimsonR (simplified),590,0.5,1,60,5.657,0.06,22.76,0.6,0.1036,False,True,True,True
ChrimsonR (simplified),590,0.5,1,80,0.25,0.08,1.006,0,0.005881,False,True,True,True
ChrimsonR (simplified),590,0.5,1,80,0.3536,0.08,1.423,0,0.008318,False,True,True,True
ChrimsonR (simplified),590,0.5,1,80,0.5,0.08,2.012,0,0.01176,False,True,True,True
ChrimsonR (simplified),590,0.5,1,80,0.7071,0.08,2.845,0.05,0.01663,False,True,True,True
ChrimsonR (simplified),590,0.5,1,80,1,0.08,4.024,0.1,0.02352,False,True,True,True
ChrimsonR (simplified),590,0.5,1,80,1.414,0.08,5.691,0.25,0.03327,False,True,True,True
ChrimsonR (simplified),590,0.5,1,80,2,0.08,8.048,0.3,0.04705,False,True,True,True
ChrimsonR (simplified),590,0.5,1,80,2.828,0.08,11.38,0.4,0.06654,False,True,True,True
ChrimsonR (simplified),590,0.5,1,80,4,0.08,16.1,0.4,0.0941,False,True,True,True
ChrimsonR (simplified),590,0.5,1,80,5.657,0.08,22.76,0.45,0.1331,False,True,True,True
ChrimsonR (simplified),590,0.5,1,100,0.25,0.1,1.006,0,0.007185,False,True,True,True
ChrimsonR (simplified),590,0.5,1,100,0.3536,0.1,1.423,0,0.01016,False,True,True,True
ChrimsonR (simplified),590,0.5,1,100,0.5,0.1,2.012,0,0.01437,False,True,True,True
ChrimsonR (simplified),590,0.5,1,100,0.7071,0.1,2.845,0.05,0.02032,False,True,True,True
ChrimsonR (simplified),590,0.5,1,100,1,0.1,4.024,0.05,0.02874,False,True,True,True
ChrimsonR (simplified),590,0.5,1,100,1.414,0.1,5.691,0.1,0.04064,False,True,True,True
ChrimsonR (simplified),590,0.5,1,100,2,0.1,8.048,0.1,0.05748,False,True,True,True
ChrimsonR (simplified),590,0.5,1,100,2.828,0.1,11.38,0.15,0.08128,False,True,True,True
ChrimsonR (simplified),590,0.5,1,100,4,0.1,16.1,0.15,0.115,False,True,True,True
ChrimsonR (simplified),590,0.5,1,100,5.657,0.1,22.76,0.15,0.1626,False,True,True,True
ChrimsonR (simplified),590,0.5,1,125,0.25,0.125,1.006,0,0.008814,False,True,True,True
ChrimsonR (simplified),590,0.5,1,125,0.3536,0.125,1.423,0,0.01247,False,True,True,True
ChrimsonR (simplified),590,0.5,1,125,0.5,0.125,2.012,0,0.01763,False,True,True,True
ChrimsonR (simplified),590,0.5,1,125,0.7071,0.125,2.845,0.1,0.02493,False,True,True,True
ChrimsonR (simplified),590,0.5,1,125,1,0.125,4.024,0.1,0.03526,False,True,True,True
ChrimsonR (simplified),590,0.5,1,125,1.414,0.125,5.691,0.1,0.04986,False,True,True,True
ChrimsonR (simplified),590,0.5,1,125,2,0.125,8.048,0.05,0.07051,False,True,True,True
ChrimsonR (simplified),590,0.5,1,125,2.828,0.125,11.38,0.05,0.09972,False,True,True,True
ChrimsonR (simplified),590,0.5,1,125,4,0.125,16.1,0.05,0.141,False,True,True,True
ChrimsonR (simplified),590,0.5,1,125,5.657,0.125,22.76,0.05,0.1994,False,True,True,True
ChrimsonR (simplified),590,0.5,1,150,0.25,0.15,1.006,0,0.01044,False,True,True,True
ChrimsonR (simplified),590,0.5,1,150,0.3536,0.15,1.423,0,0.01477,False,True,True,True
ChrimsonR (simplified),590,0.5,1,150,0.5,0.15,2.012,0,0.02089,False,True,True,True
ChrimsonR (simplified),590,0.5,1,150,0.7071,0.15,2.845,0.3,0.02954,False,True,True,True
ChrimsonR (simplified),590,0.5,1,150,1,0.15,4.024,0.5,0.04177,False,True,True,True
ChrimsonR (simplified),590,0.5,1,150,1.414,0.15,5.691,0.65,0.05908,False,True,True,True
ChrimsonR (simplified),590,0.5,1,150,2,0.15,8.048,0.7,0.08355,False,True,True,True
ChrimsonR (simplified),590,0.5,1,150,2.828,0.15,11.38,0.8,0.1182,False,True,True,True
ChrimsonR (simplified),590,0.5,1,150,4,0.15,16.1,0.85,0.1671,False,True,True,True
ChrimsonR (simplified),590,0.5,1,150,5.657,0.15,22.76,0.05,0.2363,False,True,True,True
ChrimsonR (simplified),590,0.5,1,200,0.25,0.2,1.006,0,0.0137,False,True,True,True
ChrimsonR (simplified),590,0.5,1,200,0.3536,0.2,1.423,0,0.01938,False,True,True,True
ChrimsonR (simplified),590,0.5,1,200,0.5,0.2,2.012,0,0.0274,False,True,True,True
ChrimsonR (simplified),590,0.5,1,200,0.7071,0.2,2.845,0.05,0.03876,False,True,True,True
ChrimsonR (simplified),590,0.5,1,200,1,0.2,4.024,0.1,0.05481,False,True,True,True
ChrimsonR (simplified),590,0.5,1,200,1.414,0.2,5.691,0.15,0.07751,False,True,True,True
ChrimsonR (simplified),590,0.5,1,200,2,0.2,8.048,0.15,0.1096,False,True,True,True
ChrimsonR (simplified),590,0.5,1,200,2.828,0.2,11.38,0.2,0.155,False,True,True,True
ChrimsonR (simplified),590,0.5,1,200,4,0.2,16.1,0.2,0.2192,False,True,True,True
ChrimsonR (simplified),590,0.5,1,200,5.657,0.2,22.76,0.2,0.31,False,True,True,True
ChrimsonR (simplified),590,0.5,2,10,0.25,0.02,1.006,0.2,0.002613,False,True,True,True
ChrimsonR (simplified),590,0.5,2,10,0.3536,0.02,1.423,0.45,0.003696,False,True,True,True
ChrimsonR (simplified),590,0.5,2,10,0.5,0.02,2.012,0.65,0.005226,False,True,True,True
ChrimsonR (simplified),590,0.5,2,10,0.7071,0.02,2.845,0.95,0.007391,True,True,True,True
ChrimsonR (simplified),590,0.5,2,10,1,0.02,4.024,1,0.01045,True,True,True,True
ChrimsonR (simplified),590,0.5,2,10,1.414,0.02,5.691,1,0.01478,True,True,True,True
ChrimsonR (simplified),590,0.5,2,10,2,0.02,8.048,1,0.0209,True,True,True,True
ChrimsonR (simplified),590,0.5,2,10,2.828,0.02,11.38,1,0.02956,True,True,True,True
ChrimsonR (simplified),590,0.5,2,10,4,0.02,16.1,1,0.04181,True,True,True,True
ChrimsonR (simplified),590,0.5,2,10,5.657,0.02,22.76,1,0.05913,True,True,True,True
ChrimsonR (simplified),590,0.5,2,20,0.25,0.04,1.006,0.2,0.003917,False,True,True,True
ChrimsonR (simplified),590,0.5,2,20,0.3536,0.04,1.423,0.4,0.00554,False,True,True,True
ChrimsonR (simplified),590,0.5,2,20,0.5,0.04,2.012,0.55,0.007833,False,True,True,True
ChrimsonR (simplified),590,0.5,2,20,0.7071,0.04,2.845,0.7,0.01108,False,True,True,True
ChrimsonR (simplified),590,0.5,2,20,1,0.04,4.024,1,0.01567,True,True,True,True
ChrimsonR (simplified),590,0.5,2,20,1.414,0.04,5.691,1,0.02216,True,True,True,True
ChrimsonR (simplified),590,0.5,2,20,2,0.04,8.048,1,0.03133,True,True,True,True
ChrimsonR (simplified),590,0.5,2,20,2.828,0.04,11.38,1,0.04431,True,True,True,True
ChrimsonR (simplified),590,0.5,2,20,4,0.04,16.1,1,0.06267,True,True,True,True
ChrimsonR (simplified),590,0.5,2,20,5.657,0.04,22.76,1,0.08862,True,True,True,True
ChrimsonR (simplified),590,0.5,2,40,0.25,0.08,1.006,0.05,0.006524,False,True,True,True
ChrimsonR (simplified),590,0.5,2,40,0.3536,0.08,1.423,0.25,0.009227,False,True,True,True
ChrimsonR (simplified),590,0.5,2,40,0.5,0.08,2.012,0.4,0.01305,False,True,True,True
ChrimsonR (simplified),590,0.5,2,40,0.7071,0.08,2.845,0.5,0.01845,False,True,True,True
ChrimsonR (simplified),590,0.5,2,40,1,0.08,4.024,0.55,0.02609,False,True,True,True
ChrimsonR (simplified),590,0.5,2,40,1.414,0.08,5.691,0.75,0.0369,False,True,True,True
ChrimsonR (simplified),590,0.5,2,40,2,0.08,8.048,1,0.05219,True,True,True,True
ChrimsonR (simplified),590,0.5,2,40,2.828,0.08,11.38,1,0.07381,True,True,True,True
ChrimsonR (simplified),590,0.5,2,40,4,0.08,16.1,1,0.1044,True,True,True,True
ChrimsonR (simplified),590,0.5,2,40,5.657,0.08,22.76,1,0.1476,True,True,True,True
ChrimsonR (simplified),590,0.5,2,60,0.25,0.12,1.006,0.05,0.009131,False,True,True,True
ChrimsonR (simplified),590,0.5,2,60,0.3536,0.12,1.423,0.1,0.01291,False,True,True,True
ChrimsonR (simplified),590,0.5,2,60,0.5,0.12,2.012,0.25,0.01826,False,True,True,True
ChrimsonR (simplified),590,0.5,2,60,0.7071,0.12,2.845,0.3,0.02583,False,True,True,True
ChrimsonR (simplified),590,0.5,2,60,1,0.12,4.024,0.35,0.03652,False,True,True,True
ChrimsonR (simplified),590,0.5,2,60,1.414,0.12,5.691,0.4,0.05165,False,True,True,True
ChrimsonR (simplified),590,0.5,2,60,2,0.12,8.048,0.4,0.07305,False,True,True,True
ChrimsonR (simplified),590,0.5,2,60,2.828,0.12,11.38,0.5,0.1033,False,True,True,True
ChrimsonR (simplified),590,0.5,2,60,4,0.12,16.1,0.7,0.1461,False,True,True,True
ChrimsonR (simplified),590,0.5,2,60,5.657,0.12,22.76,1,0.2066,True,True,True,True
ChrimsonR (simplified),590,0.5,2,80,0.25,0.16,1.006,0.05,0.01174,False,True,True,True
ChrimsonR (simplified),590,0.5,2,80,0.3536,0.16,1.423,0.1,0.0166,False,True,True,True
ChrimsonR (simplified),590,0.5,2,80,0.5,0.16,2.012,0.2,0.02348,False,True,True,True
ChrimsonR (simplified),590,0.5,2,80,0.7071,0.16,2.845,0.25,0.0332,False,True,True,True
ChrimsonR (simplified),590,0.5,2,80,1,0.16,4.024,0.3,0.04695,False,True,True,True
ChrimsonR (simplified),590,0.5,2,80,1.414,0.16,5.691,0.3,0.0664,False,True,True,True
ChrimsonR (simplified),590,0.5,2,80,2,0.16,8.048,0.35,0.0939,False,True,True,True
ChrimsonR (simplified),590,0.5,2,80,2.828,0.16,11.38,0.35,0.1328,False,True,True,True
ChrimsonR (simplified),590,0.5,2,80,4,0.16,16.1,0.4,0.1878,False,True,True,True
ChrimsonR (simplified),590,0.5,2,80,5.657,0.16,22.76,0.4,0.2656,False,True,True,True
ChrimsonR (simplified),590,0.5,2,100,0.25,0.2,1.006,0.05,0.01434,False,True,True,True
ChrimsonR (simplified),590,0.5,2,100,0.3536,0.2,1.423,0.05,0.02029,False,True,True,True
ChrimsonR (simplified),590,0.5,2,100,0.5,0.2,2.012,0.05,0.02869,False,True,True,True
ChrimsonR (simplified),590,0.5,2,100,0.7071,0.2,2.845,0.1,0.04057,False,True,True,True
ChrimsonR (simplified),590,0.5,2,100,1,0.2,4.024,0.1,0.05738,False,True,True,True
ChrimsonR (simplified),590,0.5,2,100,1.414,0.2,5.691,0.1,0.08115,False,True,True,True
ChrimsonR (simplified),590,0.5,2,100,2,0.2,8.048,0.15,0.1148,False,True,True,True
ChrimsonR (simplified),590,0.5,2,100,2.828,0.2,11.38,0.15,0.1623,False,True,True,True
ChrimsonR (simplified),590,0.5,2,100,4,0.2,16.1,0.15,0.2295,False,True,True,True
ChrimsonR (simplified),590,0.5,2,100,5.657,0.2,22.76,0.15,0.3246,False,True,True,True
ChrimsonR (simplified),590,0.5,2,125,0.25,0.25,1.006,0.1,0.0176,False,True,True,True
ChrimsonR (simplified),590,0.5,2,125,0.3536,0.25,1.423,0.1,0.0249,False,True,True,True
ChrimsonR (simplified),590,0.5,2,125,0.5,0.25,2.012,0.05,0.03521,False,True,True,True
ChrimsonR (simplified),590,0.5,2,125,0.7071,0.25,2.845,0.05,0.04979,False,True,True,True
ChrimsonR (simplified),590,0.5,2,125,1,0.25,4.024,0.05,0.07041,False,True,True,True
ChrimsonR (simplified),590,0.5,2,125,1.414,0.25,5.691,0.05,0.09958,False,True,True,True
ChrimsonR (simplified),590,0.5,2,125,2,0.25,8.048,0.05,0.1408,False,True,True,True
ChrimsonR (simplified),590,0.5,2,125,2.828,0.25,11.38,0.05,0.1992,False,True,True,True
ChrimsonR (simplified),590,0.5,2,125,4,0.25,16.1,0.05,0.2817,False,True,True,True
ChrimsonR (simplified),590,0.5,2,125,5.657,0.25,22.76,0.05,0.3983,False,True,True,True
ChrimsonR (simplified),590,0.5,2,150,0.25,0.3,1.006,0.3,0.02086,False,True,True,True
ChrimsonR (simplified),590,0.5,2,150,0.3536,0.3,1.423,0.45,0.02951,False,True,True,True
ChrimsonR (simplified),590,0.5,2,150,0.5,0.3,2.012,0.5,0.04172,False,True,True,True
ChrimsonR (simplified),590,0.5,2,150,0.7071,0.3,2.845,0.55,0.05901,False,True,True,True
ChrimsonR (simplified),590,0.5,2,150,1,0.3,4.024,0.6,0.08345,False,True,True,True
ChrimsonR (simplified),590,0.5,2,150,1.414,0.3,5.691,0.6,0.118,False,True,True,True
ChrimsonR (simplified),590,0.5,2,150,2,0.3,8.048,0.05,0.1669,False,True,True,True
ChrimsonR (simplified),590,0.5,2,150,2.828,0.3,11.38,0.05,0.236,False,True,True,True
ChrimsonR (simplified),590,0.5,2,150,4,0.3,16.1,0.05,0.3338,False,True,True,True
ChrimsonR (simplified),590,0.5,2,150,5.657,0.3,22.76,0.05,0.4721,False,True,True,True
ChrimsonR (simplified),590,0.5,2,200,0.25,0.4,1.006,0.05,0.02738,False,True,True,True
ChrimsonR (simplified),590,0.5,2,200,0.3536,0.4,1.423,0.1,0.03873,False,True,True,True
ChrimsonR (simplified),590,0.5,2,200,0.5,0.4,2.012,0.15,0.05476,False,True,True,True
ChrimsonR (simplified),590,0.5,2,200,0.7071,0.4,2.845,0.15,0.07744,False,True,True,True
ChrimsonR (simplified),590,0.5,2,200,1,0.4,4.024,0.15,0.1095,False,True,True,True
ChrimsonR (simplified),590,0.5,2,200,1.414,0.4,5.691,0.15,0.1549,False,True,True,True
ChrimsonR (simplified),590,0.5,2,200,2,0.4,8.048,0.15,0.219,False,True,True,True
ChrimsonR (simplified),590,0.5,2,200,2.828,0.4,11.38,0.15,0.3098,False,True,True,True
ChrimsonR (simplified),590,0.5,2,200,4,0.4,16.1,0.15,0.4381,False,True,True,True
ChrimsonR (simplified),590,0.5,2,200,5.657,0.4,22.76,0.15,0.6195,False,False,True,True
ChrimsonR (simplified),590,0.5,5,10,0.25,0.05,1.006,0.4,0.006407,False,True,True,True
ChrimsonR (simplified),590,0.5,5,10,0.3536,0.05,1.423,0.55,0.009062,False,True,True,True
ChrimsonR (simplified),590,0.5,5,10,0.5,0.05,2.012,1,0.01281,True,True,True,True
ChrimsonR (simplified),590,0.5,5,10,0.7071,0.05,2.845,1,0.01812,True,True,True,True
ChrimsonR (simplified),590,0.5,5,10,1,0.05,4.024,1,0.02563,True,True,True,True
ChrimsonR (simplified),590,0.5,5,10,1.414,0.05,5.691,1,0.03624,True,True,True,True
ChrimsonR (simplified),590,0.5,5,10,2,0.05,8.048,1,0.05125,True,True,True,True
ChrimsonR (simplified),590,0.5,5,10,2.828,0.05,11.38,1,0.07248,True,True,True,True
ChrimsonR (simplified),590,0.5,5,10,4,0.05,16.1,1,0.1025,True,True,True,True
ChrimsonR (simplified),590,0.5,5,10,5.657,0.05,22.76,1,0.145,True,True,True,True
ChrimsonR (simplified),590,0.5,5,20,0.25,0.1,1.006,0.3,0.009666,False,True,True,True
ChrimsonR (simplified),590,0.5,5,20,0.3536,0.1,1.423,0.4,0.01367,False,True,True,True
ChrimsonR (simplified),590,0.5,5,20,0.5,0.1,2.012,0.6,0.01933,False,True,True,True
ChrimsonR (simplified),590,0.5,5,20,0.7071,0.1,2.845,1,0.02734,True,True,True,True
ChrimsonR (simplified),590,0.5,5,20,1,0.1,4.024,1,0.03866,True,True,True,True
ChrimsonR (simplified),590,0.5,5,20,1.414,0.1,5.691,1,0.05468,True,True,True,True
ChrimsonR (simplified),590,0.5,5,20,2,0.1,8.048,1,0.07732,True,True,True,True
ChrimsonR (simplified),590,0.5,5,20,2.828,0.1,11.38,1,0.1094,True,True,True,True
ChrimsonR (simplified),590,0.5,5,20,4,0.1,16.1,1,0.1546,True,True,True,True
ChrimsonR (simplified),590,0.5,5,20,5.657,0.1,22.76,1,0.2187,True,True,True,True
ChrimsonR (simplified),590,0.5,5,40,0.25,0.2,1.006,0.15,0.01618,False,True,True,True
ChrimsonR (simplified),590,0.5,5,40,0.3536,0.2,1.423,0.2,0.02289,False,True,True,True
ChrimsonR (simplified),590,0.5,5,40,0.5,0.2,2.012,0.25,0.03237,False,True,True,True
ChrimsonR (simplified),590,0.5,5,40,0.7071,0.2,2.845,0.3,0.04577,False,True,True,True
ChrimsonR (simplified),590,0.5,5,40,1,0.2,4.024,0.4,0.06473,False,True,True,True
ChrimsonR (simplified),590,0.5,5,40,1.414,0.2,5.691,1,0.09154,True,True,True,True
ChrimsonR (simplified),590,0.5,5,40,2,0.2,8.048,1,0.1295,True,True,True,True
ChrimsonR (simplified),590,0.5,5,40,2.828,0.2,11.38,1,0.1831,True,True,True,True
ChrimsonR (simplified),590,0.5,5,40,4,0.2,16.1,1,0.2589,True,True,True,True
ChrimsonR (simplified),590,0.5,5,40,5.657,0.2,22.76,1,0.3662,True,True,True,True
ChrimsonR (simplified),590,0.5,5,60,0.25,0.3,1.006,0.05,0.0227,False,True,True,True
ChrimsonR (simplified),590,0.5,5,60,0.3536,0.3,1.423,0.05,0.03211,False,True,True,True
ChrimsonR (simplified),590,0.5,5,60,0.5,0.3,2.012,0.1,0.0454,False,True,True,True
ChrimsonR (simplified),590,0.5,5,60,0.7071,0.3,2.845,0.1,0.06421,False,True,True,True
ChrimsonR (simplified),590,0.5,5,60,1,0.3,4.024,0.15,0.0908,False,True,True,True
ChrimsonR (simplified),590,0.5,5,60,1.414,0.3,5.691,0.15,0.1284,False,True,True,True
ChrimsonR (simplified),590,0.5,5,60,2,0.3,8.048,0.2,0.1816,False,True,True,True
ChrimsonR (simplified),590,0.5,5,60,2.828,0.3,11.38,0.2,0.2568,False,True,True,True
ChrimsonR (simplified),590,0.5,5,60,4,0.3,16.1,0.25,0.3632,False,True,True,True
ChrimsonR (simplified),590,0.5,5,60,5.657,0.3,22.76,0.25,0.5137,False,False,True,True
ChrimsonR (simplified),590,0.5,5,80,0.25,0.4,1.006,0.05,0.02922,False,True,True,True
ChrimsonR (simplified),590,0.5,5,80,0.3536,0.4,1.423,0.05,0.04133,False,True,True,True
ChrimsonR (simplified),590,0.5,5,80,0.5,0.4,2.012,0.05,0.05844,False,True,True,True
ChrimsonR (simplified),590,0.5,5,80,0.7071,0.4,2.845,0.05,0.08264,False,True,True,True
ChrimsonR (simplified),590,0.5,5,80,1,0.4,4.024,0.05,0.1169,False,True,True,True
ChrimsonR (simplified),590,0.5,5,80,1.414,0.4,5.691,0.05,0.1653,False,True,True,True
ChrimsonR (simplified),590,0.5,5,80,2,0.4,8.048,0.05,0.2337,False,True,True,True
ChrimsonR (simplified),590,0.5,5,80,2.828,0.4,11.38,0.05,0.3306,False,True,True,True
ChrimsonR (simplified),590,0.5,5,80,4,0.4,16.1,0.05,0.4675,False,True,True,True
ChrimsonR (simplified),590,0.5,5,80,5.657,0.4,22.76,0.05,0.6611,False,False,True,True
ChrimsonR (simplified),590,0.5,5,100,0.25,0.5,1.006,0.05,0.03574,False,True,True,True
ChrimsonR (simplified),590,0.5,5,100,0.3536,0.5,1.423,0.05,0.05054,False,True,True,True
ChrimsonR (simplified),590,0.5,5,100,0.5,0.5,2.012,0.05,0.07147,False,True,True,True
ChrimsonR (simplified),590,0.5,5,100,0.7071,0.5,2.845,0.05,0.1011,False,True,True,True
ChrimsonR (simplified),590,0.5,5,100,1,0.5,4.024,0.05,0.1429,False,True,True,True
ChrimsonR (simplified),590,0.5,5,100,1.414,0.5,5.691,0.05,0.2022,False,True,True,True
ChrimsonR (simplified),590,0.5,5,100,2,0.5,8.048,0.05,0.2859,False,True,True,True
ChrimsonR (simplified),590,0.5,5,100,2.828,0.5,11.38,0.05,0.4043,False,True,True,True
ChrimsonR (simplified),590,0.5,5,100,4,0.5,16.1,0.05,0.5718,False,False,True,True
ChrimsonR (simplified),590,0.5,5,100,5.657,0.5,22.76,0.05,0.8086,False,False,True,True
ChrimsonR (simplified),590,0.5,5,125,0.25,0.625,1.006,0.05,0.04388,False,True,True,True
ChrimsonR (simplified),590,0.5,5,125,0.3536,0.625,1.423,0.05,0.06207,False,True,True,True
ChrimsonR (simplified),590,0.5,5,125,0.5,0.625,2.012,0.05,0.08777,False,True,True,True
ChrimsonR (simplified),590,0.5,5,125,0.7071,0.625,2.845,0.05,0.1241,False,True,True,True
ChrimsonR (simplified),590,0.5,5,125,1,0.625,4.024,0.05,0.1755,False,True,True,True
ChrimsonR (simplified),590,0.5,5,125,1.414,0.625,5.691,0.05,0.2482,False,True,True,True
ChrimsonR (simplified),590,0.5,5,125,2,0.625,8.048,0.05,0.3511,False,True,True,True
ChrimsonR (simplified),590,0.5,5,125,2.828,0.625,11.38,0.05,0.4965,False,True,True,True
ChrimsonR (simplified),590,0.5,5,125,4,0.625,16.1,0.05,0.7021,False,False,True,True
ChrimsonR (simplified),590,0.5,5,125,5.657,0.625,22.76,0.05,0.993,False,False,True,True
ChrimsonR (simplified),590,0.5,5,150,0.25,0.75,1.006,0.1,0.05203,False,True,True,True
ChrimsonR (simplified),590,0.5,5,150,0.3536,0.75,1.423,0.05,0.07359,False,True,True,True
ChrimsonR (simplified),590,0.5,5,150,0.5,0.75,2.012,0.05,0.1041,False,True,True,True
ChrimsonR (simplified),590,0.5,5,150,0.7071,0.75,2.845,0.05,0.1472,False,True,True,True
ChrimsonR (simplified),590,0.5,5,150,1,0.75,4.024,0.05,0.2081,False,True,True,True
ChrimsonR (simplified),590,0.5,5,150,1.414,0.75,5.691,0.05,0.2943,False,True,True,True
ChrimsonR (simplified),590,0.5,5,150,2,0.75,8.048,0.05,0.4162,False,True,True,True
ChrimsonR (simplified),590,0.5,5,150,2.828,0.75,11.38,0.05,0.5886,False,False,True,True
ChrimsonR (simplified),590,0.5,5,150,4,0.75,16.1,0.05,0.8325,False,False,True,True
ChrimsonR (simplified),590,0.5,5,150,5.657,0.75,22.76,0.05,1.177,False,False,False,True
ChrimsonR (simplified),590,0.5,10,10,0.25,0.1,1.006,0.2,0.01227,False,True,True,True
ChrimsonR (simplified),590,0.5,10,10,0.3536,0.1,1.423,0.35,0.01736,False,True,True,True
ChrimsonR (simplified),590,0.5,10,10,0.5,0.1,2.012,0.95,0.02454,True,True,True,True
ChrimsonR (simplified),590,0.5,10,10,0.7071,0.1,2.845,0.95,0.03471,True,True,True,True
ChrimsonR (simplified),590,0.5,10,10,1,0.1,4.024,0.95,0.04908,True,True,True,True
ChrimsonR (simplified),590,0.5,10,10,1.414,0.1,5.691,1,0.06941,True,True,True,True
ChrimsonR (simplified),590,0.5,10,10,2,0.1,8.048,1,0.09816,True,True,True,True
ChrimsonR (simplified),590,0.5,10,10,2.828,0.1,11.38,1,0.1388,True,True,True,True
ChrimsonR (simplified),590,0.5,10,10,4,0.1,16.1,1,0.1963,True,True,True,True
ChrimsonR (simplified),590,0.5,10,10,5.657,0.1,22.76,1,0.2777,True,True,True,True
ChrimsonR (simplified),590,0.5,10,20,0.25,0.2,1.006,0.1,0.01879,False,True,True,True
ChrimsonR (simplified),590,0.5,10,20,0.3536,0.2,1.423,0.2,0.02657,False,True,True,True
ChrimsonR (simplified),590,0.5,10,20,0.5,0.2,2.012,0.95,0.03758,True,True,True,True
ChrimsonR (simplified),590,0.5,10,20,0.7071,0.2,2.845,0.95,0.05314,True,True,True,True
ChrimsonR (simplified),590,0.5,10,20,1,0.2,4.024,0.95,0.07515,True,True,True,True
ChrimsonR (simplified),590,0.5,10,20,1.414,0.2,5.691,1,0.1063,True,True,True,True
ChrimsonR (simplified),590,0.5,10,20,2,0.2,8.048,1,0.1503,True,True,True,True
ChrimsonR (simplified),590,0.5,10,20,2.828,0.2,11.38,1,0.2126,True,True,True,True
ChrimsonR (simplified),590,0.5,10,20,4,0.2,16.1,1,0.3006,True,True,True,True
ChrimsonR (simplified),590,0.5,10,20,5.657,0.2,22.76,1,0.4251,True,True,True,True
ChrimsonR (simplified),590,0.5,10,40,0.25,0.4,1.006,0,0.03182,False,True,True,True
ChrimsonR (simplified),590,0.5,10,40,0.3536,0.4,1.423,0,0.04501,False,True,True,True
ChrimsonR (simplified),590,0.5,10,40,0.5,0.4,2.012,0.05,0.06365,False,True,True,True
ChrimsonR (simplified),590,0.5,10,40,0.7071,0.4,2.845,0.05,0.09001,False,True,True,True
ChrimsonR (simplified),590,0.5,10,40,1,0.4,4.024,0.1,0.1273,False,True,True,True
ChrimsonR (simplified),590,0.5,10,40,1.414,0.4,5.691,0.2,0.18,False,True,True,True
ChrimsonR (simplified),590,0.5,10,40,2,0.4,8.048,0.25,0.2546,False,True,True,True
ChrimsonR (simplified),590,0.5,10,40,2.828,0.4,11.38,1,0.36,True,True,True,True
ChrimsonR (simplified),590,0.5,10,40,4,0.4,16.1,1,0.5092,True,False,True,True
ChrimsonR (simplified),590,0.5,10,40,5.657,0.4,22.76,1,0.7201,True,False,True,True
ChrimsonR (simplified),590,0.5,10,60,0.25,0.6,1.006,0,0.04486,False,True,True,True
ChrimsonR (simplified),590,0.5,10,60,0.3536,0.6,1.423,0,0.06345,False,True,True,True
ChrimsonR (simplified),590,0.5,10,60,0.5,0.6,2.012,0,0.08972,False,True,True,True
ChrimsonR (simplified),590,0.5,10,60,0.7071,0.6,2.845,0,0.1269,False,True,True,True
ChrimsonR (simplified),590,0.5,10,60,1,0.6,4.024,0,0.1794,False,True,True,True
ChrimsonR (simplified),590,0.5,10,60,1.414,0.6,5.691,0.05,0.2538,False,True,True,True
ChrimsonR (simplified),590,0.5,10,60,2,0.6,8.048,0.05,0.3589,False,True,True,True
ChrimsonR (simplified),590,0.5,10,60,2.828,0.6,11.38,0.05,0.5075,False,False,True,True
ChrimsonR (simplified),590,0.5,10,60,4,0.6,16.1,0.05,0.7177,False,False,True,True
ChrimsonR (simplified),590,0.5,10,60,5.657,0.6,22.76,0.05,1.015,False,False,False,True
ChrimsonR (simplified),590,0.5,10,80,0.25,0.8,1.006,0,0.05789,False,True,True,True
ChrimsonR (simplified),590,0.5,10,80,0.3536,0.8,1.423,0,0.08188,False,True,True,True
ChrimsonR (simplified),590,0.5,10,80,0.5,0.8,2.012,0,0.1158,False,True,True,True
ChrimsonR (simplified),590,0.5,10,80,0.7071,0.8,2.845,0,0.1637,False,True,True,True
ChrimsonR (simplified),590,0.5,10,80,1,0.8,4.024,0,0.2316,False,True,True,True
ChrimsonR (simplified),590,0.5,10,80,1.414,0.8,5.691,0.05,0.3275,False,True,True,True
ChrimsonR (simplified),590,0.5,10,80,2,0.8,8.048,0.05,0.4631,False,True,True,True
ChrimsonR (simplified),590,0.5,10,80,2.828,0.8,11.38,0.05,0.655,False,False,True,True
ChrimsonR (simplified),590,0.5,10,80,4,0.8,16.1,0.05,0.9263,False,False,True,True
ChrimsonR (simplified),590,0.5,10,80,5.657,0.8,22.76,0.05,1.31,False,False,False,True
ChR2 (Williams 2013),470,1,0.5,10,0.25,0.005,0.06441,0,0.001043,False,True,True,True
ChR2 (Williams 2013),470,1,0.5,10,0.3536,0.005,0.09111,0,0.001475,False,True,True,True
ChR2 (Williams 2013),470,1,0.5,10,0.5,0.005,0.1288,0,0.002086,False,True,True,True
ChR2 (Williams 2013),470,1,0.5,10,0.7071,0.005,0.1822,0,0.00295,False,True,True,True
ChR2 (Williams 2013),470,1,0.5,10,1,0.005,0.2577,0,0.004172,False,True,True,True
ChR2 (Williams 2013),470,1,0.5,10,1.414,0.005,0.3644,0,0.0059,False,True,True,True
ChR2 (Williams 2013),470,1,0.5,10,2,0.005,0.5153,0,0.008344,False,True,True,True
ChR2 (Williams 2013),470,1,0.5,10,2.828,0.005,0.7288,0,0.0118,False,True,True,True
ChR2 (Williams 2013),470,1,0.5,10,4,0.005,1.031,0,0.01669,False,True,True,True
ChR2 (Williams 2013),470,1,0.5,10,5.657,0.005,1.458,0,0.0236,False,True,True,True
ChR2 (Williams 2013),470,1,0.5,10,8,0.005,2.061,0,0.03338,False,True,True,True
ChR2 (Williams 2013),470,1,0.5,10,11.31,0.005,2.915,0,0.0472,False,True,True,True
ChR2 (Williams 2013),470,1,0.5,10,16,0.005,4.123,0,0.06675,False,True,True,True
ChR2 (Williams 2013),470,1,0.5,10,22.63,0.005,5.83,0,0.0944,False,True,True,True
ChR2 (Williams 2013),470,1,0.5,10,32,0.005,8.245,0,0.1335,False,True,True,True
ChR2 (Williams 2013),470,1,0.5,10,45.25,0.005,11.66,0.4,0.1888,False,True,True,True
ChR2 (Williams 2013),470,1,0.5,10,64,0.005,16.49,1,0.267,True,True,True,True
ChR2 (Williams 2013),470,1,0.5,20,0.25,0.01,0.06441,0,0.001522,False,True,True,True
ChR2 (Williams 2013),470,1,0.5,20,0.3536,0.01,0.09111,0,0.002153,False,True,True,True
ChR2 (Williams 2013),470,1,0.5,20,0.5,0.01,0.1288,0,0.003044,False,True,True,True
ChR2 (Williams 2013),470,1,0.5,20,0.7071,0.01,0.1822,0,0.004305,False,True,True,True
ChR2 (Williams 2013),470,1,0.5,20,1,0.01,0.2577,0,0.006089,False,True,True,True
ChR2 (Williams 2013),470,1,0.5,20,1.414,0.01,0.3644,0,0.008611,False,True,True,True
ChR2 (Williams 2013),470,1,0.5,20,2,0.01,0.5153,0,0.01218,False,True,True,True
ChR2 (Williams 2013),470,1,0.5,20,2.828,0.01,0.7288,0,0.01722,False,True,True,True
ChR2 (Williams 2013),470,1,0.5,20,4,0.01,1.031,0,0.02436,False,True,True,True
ChR2 (Williams 2013),470,1,0.5,20,5.657,0.01,1.458,0,0.03444,False,True,True,True
ChR2 (Williams 2013),470,1,0.5,20,8,0.01,2.061,0,0.04871,False,True,True,True
ChR2 (Williams 2013),470,1,0.5,20,11.31,0.01,2.915,0,0.06889,False,True,True,True
ChR2 (Williams 2013),470,1,0.5,20,16,0.01,4.123,0,0.09742,False,True,True,True
ChR2 (Williams 2013),470,1,0.5,20,22.63,0.01,5.83,0,0.1378,False,True,True,True
ChR2 (Williams 2013),470,1,0.5,20,32,0.01,8.245,0,0.1948,False,True,True,True
ChR2 (Williams 2013),470,1,0.5,20,45.25,0.01,11.66,0.35,0.2755,False,True,True,True
ChR2 (Williams 2013),470,1,0.5,20,64,0.01,16.49,0.9,0.3897,False,True,True,True
ChR2 (Williams 2013),470,1,0.5,40,0.25,0.02,0.06441,0,0.002481,False,True,True,True
ChR2 (Williams 2013),470,1,0.5,40,0.3536,0.02,0.09111,0,0.003509,False,True,True,True
ChR2 (Williams 2013),470,1,0.5,40,0.5,0.02,0.1288,0,0.004961,False,True,True,True
ChR2 (Williams 2013),470,1,0.5,40,0.7071,0.02,0.1822,0,0.007016,False,True,True,True
ChR2 (Williams 2013),470,1,0.5,40,1,0.02,0.2577,0,0.009923,False,True,True,True
ChR2 (Williams 2013),470,1,0.5,40,1.414,0.02,0.3644,0,0.01403,False,True,True,True
ChR2 (Williams 2013),470,1,0.5,40,2,0.02,0.5153,0,0.01985,False,True,True,True
ChR2 (Williams 2013),470,1,0.5,40,2.828,0.02,0.7288,0,0.02806,False,True,True,True
ChR2 (Williams 2013),470,1,0.5,40,4,0.02,1.031,0,0.03969,False,True,True,True
ChR2 (Williams 2013),470,1,0.5,40,5.657,0.02,1.458,0,0.05613,False,True,True,True
ChR2 (Williams 2013),470,1,0.5,40,8,0.02,2.061,0,0.07938,False,True,True,True
ChR2 (Williams 2013),470,1,0.5,40,11.31,0.02,2.915,0,0.1123,False,True,True,True
ChR2 (Williams 2013),470,1,0.5,40,16,0.02,4.123,0,0.1588,False,True,True,True
ChR2 (Williams 2013),470,1,0.5,40,22.63,0.02,5.83,0,0.2245,False,True,True,True
ChR2 (Williams 2013),470,1,0.5,40,32,0.02,8.245,0,0.3175,False,True,True,True
ChR2 (Williams 2013),470,1,0.5,40,45.25,0.02,11.66,0.3,0.449,False,True,True,True
ChR2 (Williams 2013),470,1,0.5,40,64,0.02,16.49,0.8,0.635,False,False,True,True
ChR2 (Williams 2013),470,1,0.5,60,0.25,0.03,0.06441,0,0.003439,False,True,True,True
ChR2 (Williams 2013),470,1,0.5,60,0.3536,0.03,0.09111,0,0.004864,False,True,True,True
ChR2 (Williams 2013),470,1,0.5,60,0.5,0.03,0.1288,0,0.006878,False,True,True,True
ChR2 (Williams 2013),470,1,0.5,60,0.7071,0.03,0.1822,0,0.009727,False,True,True,True
ChR2 (Williams 2013),470,1,0.5,60,1,0.03,0.2577,0,0.01376,False,True,True,True
ChR2 (Williams 2013),470,1,0.5,60,1.414,0.03,0.3644,0,0.01945,False,True,True,True
ChR2 (Williams 2013),470,1,0.5,60,2,0.03,0.5153,0,0.02751,False,True,True,True
ChR2 (Williams 2013),470,1,0.5,60,2.828,0.03,0.7288,0,0.03891,False,True,True,True
ChR2 (Williams 2013),470,1,0.5,60,4,0.03,1.031,0,0.05502,False,True,True,True
ChR2 (Williams 2013),470,1,0.5,60,5.657,0.03,1.458,0,0.07782,False,True,True,True
ChR2 (Williams 2013),470,1,0.5,60,8,0.03,2.061,0,0.11,False,True,True,True
ChR2 (Williams 2013),470,1,0.5,60,11.31,0.03,2.915,0,0.1556,False,True,True,True
ChR2 (Williams 2013),470,1,0.5,60,16,0.03,4.123,0,0.2201,False,True,True,True
ChR2 (Williams 2013),470,1,0.5,60,22.63,0.03,5.83,0,0.3113,False,True,True,True
ChR2 (Williams 2013),470,1,0.5,60,32,0.03,8.245,0,0.4402,False,True,True,True
ChR2 (Williams 2013),470,1,0.5,60,45.25,0.03,11.66,0.15,0.6225,False,False,True,True
ChR2 (Williams 2013),470,1,0.5,60,64,0.03,16.49,0.65,0.8804,False,False,True,True
ChR2 (Williams 2013),470,1,0.5,80,0.25,0.04,0.06441,0,0.004397,False,True,True,True
ChR2 (Williams 2013),470,1,0.5,80,0.3536,0.04,0.09111,0,0.00622,False,True,True,True
ChR2 (Williams 2013),470,1,0.5,80,0.5,0.04,0.1288,0,0.008795,False,True,True,True
ChR2 (Williams 2013),470,1,0.5,80,0.7071,0.04,0.1822,0,0.01244,False,True,True,True
ChR2 (Williams 2013),470,1,0.5,80,1,0.04,0.2577,0,0.01759,False,True,True,True
ChR2 (Williams 2013),470,1,0.5,80,1.414,0.04,0.3644,0,0.02488,False,True,True,True
ChR2 (Williams 2013),470,1,0.5,80,2,0.04,0.5153,0,0.03518,False,True,True,True
ChR2 (Williams 2013),470,1,0.5,80,2.828,0.04,0.7288,0,0.04975,False,True,True,True
ChR2 (Williams 2013),470,1,0.5,80,4,0.04,1.031,0,0.07036,False,True,True,True
ChR2 (Williams 2013),470,1,0.5,80,5.657,0.04,1.458,0,0.0995,False,True,True,True
ChR2 (Williams 2013),470,1,0.5,80,8,0.04,2.061,0,0.1407,False,True,True,True
ChR2 (Williams 2013),470,1,0.5,80,11.31,0.04,2.915,0,0.199,False,True,True,True
ChR2 (Williams 2013),470,1,0.5,80,16,0.04,4.123,0,0.2814,False,True,True,True
ChR2 (Williams 2013),470,1,0.5,80,22.63,0.04,5.83,0,0.398,False,True,True,True
ChR2 (Williams 2013),470,1,0.5,80,32,0.04,8.245,0,0.5629,False,False,True,True
ChR2 (Williams 2013),470,1,0.5,80,45.25,0.04,11.66,0.05,0.796,False,False,True,True
ChR2 (Williams 2013),470,1,0.5,80,64,0.04,16.49,0.4,1.126,False,False,False,True
ChR2 (Williams 2013),470,1,0.5,100,0.25,0.05,0.06441,0,0.005356,False,True,True,True
ChR2 (Williams 2013),470,1,0.5,100,0.3536,0.05,0.09111,0,0.007575,False,True,True,True
ChR2 (Williams 2013),470,1,0.5,100,0.5,0.05,0.1288,0,0.01071,False,True,True,True
ChR2 (Williams 2013),470,1,0.5,100,0.7071,0.05,0.1822,0,0.01515,False,True,True,True
ChR2 (Williams 2013),470,1,0.5,100,1,0.05,0.2577,0,0.02142,False,True,True,True
ChR2 (Williams 2013),470,1,0.5,100,1.414,0.05,0.3644,0,0.0303,False,True,True,True
ChR2 (Williams 2013),470,1,0.5,100,2,0.05,0.5153,0,0.04285,False,True,True,True
ChR2 (Williams 2013),470,1,0.5,100,2.828,0.05,0.7288,0,0.06059,False,True,True,True
ChR2 (Williams 2013),470,1,0.5,100,4,0.05,1.031,0,0.08569,False,True,True,True
ChR2 (Williams 2013),470,1,0.5,100,5.657,0.05,1.458,0,0.1212,False,True,True,True
ChR2 (Williams 2013),470,1,0.5,100,8,0.05,2.061,0,0.1714,False,True,True,True
ChR2 (Williams 2013),470,1,0.5,100,11.31,0.05,2.915,0,0.2424,False,True,True,True
ChR2 (Williams 2013),470,1,0.5,100,16,0.05,4.123,0,0.3428,False,True,True,True
ChR2 (Williams 2013),470,1,0.5,100,22.63,0.05,5.83,0,0.4848,False,True,True,True
ChR2 (Williams 2013),470,1,0.5,100,32,0.05,8.245,0,0.6856,False,False,True,True
ChR2 (Williams 2013),470,1,0.5,100,45.25,0.05,11.66,0.05,0.9695,False,False,True,True
ChR2 (Williams 2013),470,1,0.5,100,64,0.05,16.49,0.2,1.371,False,False,False,True
ChR2 (Williams 2013),470,1,0.5,125,0.25,0.0625,0.06441,0,0.006554,False,True,True,True
ChR2 (Williams 2013),470,1,0.5,125,0.3536,0.0625,0.09111,0,0.00927,False,True,True,True
ChR2 (Williams 2013),470,1,0.5,125,0.5,0.0625,0.1288,0,0.01311,False,True,True,True
ChR2 (Williams 2013),470,1,0.5,125,0.7071,0.0625,0.1822,0,0.01854,False,True,True,True
ChR2 (Williams 2013),470,1,0.5,125,1,0.0625,0.2577,0,0.02622,False,True,True,True
ChR2 (Williams 2013),470,1,0.5,125,1.414,0.0625,0.3644,0,0.03707,False,True,True,True
ChR2 (Williams 2013),470,1,0.5,125,2,0.0625,0.5153,0,0.05243,False,True,True,True
ChR2 (Williams 2013),470,1,0.5,125,2.828,0.0625,0.7288,0,0.07415,False,True,True,True
ChR2 (Williams 2013),470,1,0.5,125,4,0.0625,1.031,0,0.1049,False,True,True,True
ChR2 (Williams 2013),470,1,0.5,125,5.657,0.0625,1.458,0,0.1483,False,True,True,True
ChR2 (Williams 2013),470,1,0.5,125,8,0.0625,2.061,0,0.2097,False,True,True,True
ChR2 (Williams 2013),470,1,0.5,125,11.31,0.0625,2.915,0,0.2966,False,True,True,True
ChR2 (Williams 2013),470,1,0.5,125,16,0.0625,4.123,0,0.4195,False,True,True,True
ChR2 (Williams 2013),470,1,0.5,125,22.63,0.0625,5.83,0,0.5932,False,False,True,True
ChR2 (Williams 2013),470,1,0.5,125,32,0.0625,8.245,0,0.8389,False,False,True,True
ChR2 (Williams 2013),470,1,0.5,125,45.25,0.0625,11.66,0.9,1.186,False,False,False,True
ChR2 (Williams 2013),470,1,0.5,125,64,0.0625,16.49,1,1.678,False,False,False,True
ChR2 (Williams 2013),470,1,0.5,150,0.25,0.075,0.06441,0,0.007752,False,True,True,True
ChR2 (Williams 2013),470,1,0.5,150,0.3536,0.075,0.09111,0,0.01096,False,True,True,True
ChR2 (Williams 2013),470,1,0.5,150,0.5,0.075,0.1288,0,0.0155,False,True,True,True
ChR2 (Williams 2013),470,1,0.5,150,0.7071,0.075,0.1822,0,0.02193,False,True,True,True
ChR2 (Williams 2013),470,1,0.5,150,1,0.075,0.2577,0,0.03101,False,True,True,True
ChR2 (Williams 2013),470,1,0.5,150,1.414,0.075,0.3644,0,0.04385,False,True,True,True
ChR2 (Williams 2013),470,1,0.5,150,2,0.075,0.5153,0,0.06202,False,True,True,True
ChR2 (Williams 2013),470,1,0.5,150,2.828,0.075,0.7288,0,0.0877,False,True,True,True
ChR2 (Williams 2013),470,1,0.5,150,4,0.075,1.031,0,0.124,False,True,True,True
ChR2 (Williams 2013),470,1,0.5,150,5.657,0.075,1.458,0,0.1754,False,True,True,True
ChR2 (Williams 2013),470,1,0.5,150,8,0.075,2.061,0,0.2481,False,True,True,True
ChR2 (Williams 2013),470,1,0.5,150,11.31,0.075,2.915,0,0.3508,False,True,True,True
ChR2 (Williams 2013),470,1,0.5,150,16,0.075,4.123,0,0.4961,False,True,True,True
ChR2 (Williams 2013),470,1,0.5,150,22.63,0.075,5.83,0,0.7016,False,False,True,True
ChR2 (Williams 2013),470,1,0.5,150,32,0.075,8.245,0,0.9923,False,False,True,True
ChR2 (Williams 2013),470,1,0.5,150,45.25,0.075,11.66,0.4,1.403,False,False,False,True
ChR2 (Williams 2013),470,1,0.5,150,64,0.075,16.49,0.85,1.985,False,False,False,True
ChR2 (Williams 2013),470,1,0.5,200,0.25,0.1,0.06441,0,0.01015,False,True,True,True
ChR2 (Williams 2013),470,1,0.5,200,0.3536,0.1,0.09111,0,0.01435,False,True,True,True
ChR2 (Williams 2013),470,1,0.5,200,0.5,0.1,0.1288,0,0.0203,False,True,True,True
ChR2 (Williams 2013),470,1,0.5,200,0.7071,0.1,0.1822,0,0.0287,False,True,True,True
ChR2 (Williams 2013),470,1,0.5,200,1,0.1,0.2577,0,0.04059,False,True,True,True
ChR2 (Williams 2013),470,1,0.5,200,1.414,0.1,0.3644,0,0.05741,False,True,True,True
ChR2 (Williams 2013),470,1,0.5,200,2,0.1,0.5153,0,0.08118,False,True,True,True
ChR2 (Williams 2013),470,1,0.5,200,2.828,0.1,0.7288,0,0.1148,False,True,True,True
ChR2 (Williams 2013),470,1,0.5,200,4,0.1,1.031,0,0.1624,False,True,True,True
ChR2 (Williams 2013),470,1,0.5,200,5.657,0.1,1.458,0,0.2296,False,True,True,True
ChR2 (Williams 2013),470,1,0.5,200,8,0.1,2.061,0,0.3247,False,True,True,True
ChR2 (Williams 2013),470,1,0.5,200,11.31,0.1,2.915,0,0.4592,False,True,True,True
ChR2 (Williams 2013),470,1,0.5,200,16,0.1,4.123,0,0.6495,False,False,True,True
ChR2 (Williams 2013),470,1,0.5,200,22.63,0.1,5.83,0,0.9185,False,False,True,True
ChR2 (Williams 2013),470,1,0.5,200,32,0.1,8.245,0,1.299,False,False,False,True
ChR2 (Williams 2013),470,1,0.5,200,45.25,0.1,11.66,0.05,1.837,False,False,False,True
ChR2 (Williams 2013),470,1,0.5,200,64,0.1,16.49,0.1,2.598,False,False,False,False
ChR2 (Williams 2013),470,1,1,10,0.25,0.01,0.06441,0,0.002079,False,True,True,True
ChR2 (Williams 2013),470,1,1,10,0.3536,0.01,0.09111,0,0.00294,False,True,True,True
ChR2 (Williams 2013),470,1,1,10,0.5,0.01,0.1288,0,0.004157,False,True,True,True
ChR2 (Williams 2013),470,1,1,10,0.7071,0.01,0.1822,0,0.005879,False,True,True,True
ChR2 (Williams 2013),470,1,1,10,1,0.01,0.2577,0,0.008314,False,True,True,True
ChR2 (Williams 2013),470,1,1,10,1.414,0.01,0.3644,0,0.01176,False,True,True,True
ChR2 (Williams 2013),470,1,1,10,2,0.01,0.5153,0,0.01663,False,True,True,True
ChR2 (Williams 2013),470,1,1,10,2.828,0.01,0.7288,0,0.02352,False,True,True,True
ChR2 (Williams 2013),470,1,1,10,4,0.01,1.031,0,0.03326,False,True,True,True
ChR2 (Williams 2013),470,1,1,10,5.657,0.01,1.458,0,0.04703,False,True,True,True
ChR2 (Williams 2013),470,1,1,10,8,0.01,2.061,0,0.06651,False,True,True,True
ChR2 (Williams 2013),470,1,1,10,11.31,0.01,2.915,0.1,0.09406,False,True,True,True
ChR2 (Williams 2013),470,1,1,10,16,0.01,4.123,0.75,0.133,False,True,True,True
ChR2 (Williams 2013),470,1,1,10,22.63,0.01,5.83,1,0.1881,True,True,True,True
ChR2 (Williams 2013),470,1,1,10,32,0.01,8.245,1,0.2661,True,True,True,True
ChR2 (Williams 2013),470,1,1,10,45.25,0.01,11.66,1,0.3763,True,True,True,True
ChR2 (Williams 2013),470,1,1,10,64,0.01,16.49,1,0.5321,True,False,True,True
ChR2 (Williams 2013),470,1,1,20,0.25,0.02,0.06441,0,0.003037,False,True,True,True
ChR2 (Williams 2013),470,1,1,20,0.3536,0.02,0.09111,0,0.004295,False,True,True,True
ChR2 (Williams 2013),470,1,1,20,0.5,0.02,0.1288,0,0.006074,False,True,True,True
ChR2 (Williams 2013),470,1,1,20,0.7071,0.02,0.1822,0,0.00859,False,True,True,True
ChR2 (Williams 2013),470,1,1,20,1,0.02,0.2577,0,0.01215,False,True,True,True
ChR2 (Williams 2013),470,1,1,20,1.414,0.02,0.3644,0,0.01718,False,True,True,True
ChR2 (Williams 2013),470,1,1,20,2,0.02,0.5153,0,0.0243,False,True,True,True
ChR2 (Williams 2013),470,1,1,20,2.828,0.02,0.7288,0,0.03436,False,True,True,True
ChR2 (Williams 2013),470,1,1,20,4,0.02,1.031,0,0.04859,False,True,True,True
ChR2 (Williams 2013),470,1,1,20,5.657,0.02,1.458,0,0.06872,False,True,True,True
ChR2 (Williams 2013),470,1,1,20,8,0.02,2.061,0,0.09718,False,True,True,True
ChR2 (Williams 2013),470,1,1,20,11.31,0.02,2.915,0.1,0.1374,False,True,True,True
ChR2 (Williams 2013),470,1,1,20,16,0.02,4.123,0.7,0.1944,False,True,True,True
ChR2 (Williams 2013),470,1,1,20,22.63,0.02,5.83,1,0.2749,True,True,True,True
ChR2 (Williams 2013),470,1,1,20,32,0.02,8.245,1,0.3887,True,True,True,True
ChR2 (Williams 2013),470,1,1,20,45.25,0.02,11.66,1,0.5497,True,False,True,True
ChR2 (Williams 2013),470,1,1,20,64,0.02,16.49,1,0.7775,True,False,True,True
ChR2 (Williams 2013),470,1,1,40,0.25,0.04,0.06441,0,0.004954,False,True,True,True
ChR2 (Williams 2013),470,1,1,40,0.3536,0.04,0.09111,0,0.007007,False,True,True,True
ChR2 (Williams 2013),470,1,1,40,0.5,0.04,0.1288,0,0.009908,False,True,True,True
ChR2 (Williams 2013),470,1,1,40,0.7071,0.04,0.1822,0,0.01401,False,True,True,True
ChR2 (Williams 2013),470,1,1,40,1,0.04,0.2577,0,0.01982,False,True,True,True
ChR2 (Williams 2013),470,1,1,40,1.414,0.04,0.3644,0,0.02802,False,True,True,True
ChR2 (Williams 2013),470,1,1,40,2,0.04,0.5153,0,0.03963,False,True,True,True
ChR2 (Williams 2013),470,1,1,40,2.828,0.04,0.7288,0,0.05605,False,True,True,True
ChR2 (Williams 2013),470,1,1,40,4,0.04,1.031,0,0.07926,False,True,True,True
ChR2 (Williams 2013),470,1,1,40,5.657,0.04,1.458,0,0.1121,False,True,True,True
ChR2 (Williams 2013),470,1,1,40,8,0.04,2.061,0,0.1585,False,True,True,True
ChR2 (Williams 2013),470,1,1,40,11.31,0.04,2.915,0.05,0.2242,False,True,True,True
ChR2 (Williams 2013),470,1,1,40,16,0.04,4.123,0.6,0.317,False,True,True,True
ChR2 (Williams 2013),470,1,1,40,22.63,0.04,5.83,0.9,0.4484,False,True,True,True
ChR2 (Williams 2013),470,1,1,40,32,0.04,8.245,1,0.6341,True,False,True,True
ChR2 (Williams 2013),470,1,1,40,45.25,0.04,11.66,1,0.8967,True,False,True,True
ChR2 (Williams 2013),470,1,1,40,64,0.04,16.49,1,1.268,True,False,False,True
ChR2 (Williams 2013),470,1,1,60,0.25,0.06,0.06441,0,0.006871,False,True,True,True
ChR2 (Williams 2013),470,1,1,60,0.3536,0.06,0.09111,0,0.009718,False,True,True,True
ChR2 (Williams 2013),470,1,1,60,0.5,0.06,0.1288,0,0.01374,False,True,True,True
ChR2 (Williams 2013),470,1,1,60,0.7071,0.06,0.1822,0,0.01943,False,True,True,True
ChR2 (Williams 2013),470,1,1,60,1,0.06,0.2577,0,0.02748,False,True,True,True
ChR2 (Williams 2013),470,1,1,60,1.414,0.06,0.3644,0,0.03887,False,True,True,True
ChR2 (Williams 2013),470,1,1,60,2,0.06,0.5153,0,0.05497,False,True,True,True
ChR2 (Williams 2013),470,1,1,60,2.828,0.06,0.7288,0,0.07773,False,True,True,True
ChR2 (Williams 2013),470,1,1,60,4,0.06,1.031,0,0.1099,False,True,True,True
ChR2 (Williams 2013),470,1,1,60,5.657,0.06,1.458,0,0.1555,False,True,True,True
ChR2 (Williams 2013),470,1,1,60,8,0.06,2.061,0,0.2199,False,True,True,True
ChR2 (Williams 2013),470,1,1,60,11.31,0.06,2.915,0.05,0.3109,False,True,True,True
ChR2 (Williams 2013),470,1,1,60,16,0.06,4.123,0.45,0.4397,False,True,True,True
ChR2 (Williams 2013),470,1,1,60,22.63,0.06,5.83,0.8,0.6219,False,False,True,True
ChR2 (Williams 2013),470,1,1,60,32,0.06,8.245,1,0.8794,True,False,True,True
ChR2 (Williams 2013),470,1,1,60,45.25,0.06,11.66,1,1.244,True,False,False,True
ChR2 (Williams 2013),470,1,1,60,64,0.06,16.49,1,1.759,True,False,False,True
ChR2 (Williams 2013),470,1,1,80,0.25,0.08,0.06441,0,0.008788,False,True,True,True
ChR2 (Williams 2013),470,1,1,80,0.3536,0.08,0.09111,0,0.01243,False,True,True,True
ChR2 (Williams 2013),470,1,1,80,0.5,0.08,0.1288,0,0.01758,False,True,True,True
ChR2 (Williams 2013),470,1,1,80,0.7071,0.08,0.1822,0,0.02485,False,True,True,True
ChR2 (Williams 2013),470,1,1,80,1,0.08,0.2577,0,0.03515,False,True,True,True
ChR2 (Williams 2013),470,1,1,80,1.414,0.08,0.3644,0,0.04971,False,True,True,True
ChR2 (Williams 2013),470,1,1,80,2,0.08,0.5153,0,0.0703,False,True,True,True
ChR2 (Williams 2013),470,1,1,80,2.828,0.08,0.7288,0,0.09942,False,True,True,True
ChR2 (Williams 2013),470,1,1,80,4,0.08,1.031,0,0.1406,False,True,True,True
ChR2 (Williams 2013),470,1,1,80,5.657,0.08,1.458,0,0.1988,False,True,True,True
ChR2 (Williams 2013),470,1,1,80,8,0.08,2.061,0,0.2812,False,True,True,True
ChR2 (Williams 2013),470,1,1,80,11.31,0.08,2.915,0.05,0.3977,False,True,True,True
ChR2 (Williams 2013),470,1,1,80,16,0.08,4.123,0.2,0.5624,False,False,True,True
ChR2 (Williams 2013),470,1,1,80,22.63,0.08,5.83,0.55,0.7954,False,False,True,True
ChR2 (Williams 2013),470,1,1,80,32,0.08,8.245,0.75,1.125,False,False,False,True
ChR2 (Williams 2013),470,1,1,80,45.25,0.08,11.66,0.9,1.591,False,False,False,True
ChR2 (Williams 2013),470,1,1,80,64,0.08,16.49,1,2.25,True,False,False,False
ChR2 (Williams 2013),470,1,1,100,0.25,0.1,0.06441,0,0.0107,False,True,True,True
ChR2 (Williams 2013),470,1,1,100,0.3536,0.1,0.09111,0,0.01514,False,True,True,True
ChR2 (Williams 2013),470,1,1,100,0.5,0.1,0.1288,0,0.02141,False,True,True,True
ChR2 (Williams 2013),470,1,1,100,0.7071,0.1,0.1822,0,0.03028,False,True,True,True
ChR2 (Williams 2013),470,1,1,100,1,0.1,0.2577,0,0.04282,False,True,True,True
ChR2 (Williams 2013),470,1,1,100,1.414,0.1,0.3644,0,0.06055,False,True,True,True
ChR2 (Williams 2013),470,1,1,100,2,0.1,0.5153,0,0.08564,False,True,True,True
ChR2 (Williams 2013),470,1,1,100,2.828,0.1,0.7288,0,0.1211,False,True,True,True
ChR2 (Williams 2013),470,1,1,100,4,0.1,1.031,0,0.1713,False,True,True,True
ChR2 (Williams 2013),470,1,1,100,5.657,0.1,1.458,0,0.2422,False,True,True,True
ChR2 (Williams 2013),470,1,1,100,8,0.1,2.061,0,0.3425,False,True,True,True
ChR2 (Williams 2013),470,1,1,100,11.31,0.1,2.915,0.1,0.4844,False,True,True,True
ChR2 (Williams 2013),470,1,1,100,16,0.1,4.123,0.05,0.6851,False,False,True,True
ChR2 (Williams 2013),470,1,1,100,22.63,0.1,5.83,0.35,0.9689,False,False,True,True
ChR2 (Williams 2013),470,1,1,100,32,0.1,8.245,0.55,1.37,False,False,False,True
ChR2 (Williams 2013),470,1,1,100,45.25,0.1,11.66,0.7,1.938,False,False,False,True
ChR2 (Williams 2013),470,1,1,100,64,0.1,16.49,0.75,2.74,False,False,False,False
ChR2 (Williams 2013),470,1,1,125,0.25,0.125,0.06441,0,0.0131,False,True,True,True
ChR2 (Williams 2013),470,1,1,125,0.3536,0.125,0.09111,0,0.01853,False,True,True,True
ChR2 (Williams 2013),470,1,1,125,0.5,0.125,0.1288,0,0.0262,False,True,True,True
ChR2 (Williams 2013),470,1,1,125,0.7071,0.125,0.1822,0,0.03705,False,True,True,True
ChR2 (Williams 2013),470,1,1,125,1,0.125,0.2577,0,0.0524,False,True,True,True
ChR2 (Williams 2013),470,1,1,125,1.414,0.125,0.3644,0,0.07411,False,True,True,True
ChR2 (Williams 2013),470,1,1,125,2,0.125,0.5153,0,0.1048,False,True,True,True
ChR2 (Williams 2013),470,1,1,125,2.828,0.125,0.7288,0,0.1482,False,True,True,True
ChR2 (Williams 2013),470,1,1,125,4,0.125,1.031,0,0.2096,False,True,True,True
ChR2 (Williams 2013),470,1,1,125,5.657,0.125,1.458,0,0.2964,False,True,True,True
ChR2 (Williams 2013),470,1,1,125,8,0.125,2.061,0,0.4192,False,True,True,True
ChR2 (Williams 2013),470,1,1,125,11.31,0.125,2.915,0.6,0.5929,False,False,True,True
ChR2 (Williams 2013),470,1,1,125,16,0.125,4.123,1,0.8384,False,False,True,True
ChR2 (Williams 2013),470,1,1,125,22.63,0.125,5.83,1,1.186,False,False,False,True
ChR2 (Williams 2013),470,1,1,125,32,0.125,8.245,1,1.677,False,False,False,True
ChR2 (Williams 2013),470,1,1,125,45.25,0.125,11.66,1,2.371,False,False,False,False
ChR2 (Williams 2013),470,1,1,125,64,0.125,16.49,1,3.354,False,False,False,False
ChR2 (Williams 2013),470,1,1,150,0.25,0.15,0.06441,0,0.0155,False,True,True,True
ChR2 (Williams 2013),470,1,1,150,0.3536,0.15,0.09111,0,0.02192,False,True,True,True
ChR2 (Williams 2013),470,1,1,150,0.5,0.15,0.1288,0,0.03099,False,True,True,True
ChR2 (Williams 2013),470,1,1,150,0.7071,0.15,0.1822,0,0.04383,False,True,True,True
ChR2 (Williams 2013),470,1,1,150,1,0.15,0.2577,0,0.06199,False,True,True,True
ChR2 (Williams 2013),470,1,1,150,1.414,0.15,0.3644,0,0.08766,False,True,True,True
ChR2 (Williams 2013),470,1,1,150,2,0.15,0.5153,0,0.124,False,True,True,True
ChR2 (Williams 2013),470,1,1,150,2.828,0.15,0.7288,0,0.1753,False,True,True,True
ChR2 (Williams 2013),470,1,1,150,4,0.15,1.031,0,0.2479,False,True,True,True
ChR2 (Williams 2013),470,1,1,150,5.657,0.15,1.458,0,0.3506,False,True,True,True
ChR2 (Williams 2013),470,1,1,150,8,0.15,2.061,0,0.4959,False,True,True,True
ChR2 (Williams 2013),470,1,1,150,11.31,0.15,2.915,0.05,0.7013,False,False,True,True
ChR2 (Williams 2013),470,1,1,150,16,0.15,4.123,0.65,0.9918,False,False,True,True
ChR2 (Williams 2013),470,1,1,150,22.63,0.15,5.83,0.9,1.403,False,False,False,True
ChR2 (Williams 2013),470,1,1,150,32,0.15,8.245,1,1.984,False,False,False,True
ChR2 (Williams 2013),470,1,1,150,45.25,0.15,11.66,1,2.805,False,False,False,False
ChR2 (Williams 2013),470,1,1,150,64,0.15,16.49,1,3.967,False,False,False,False
ChR2 (Williams 2013),470,1,1,200,0.25,0.2,0.06441,0,0.02029,False,True,True,True
ChR2 (Williams 2013),470,1,1,200,0.3536,0.2,0.09111,0,0.0287,False,True,True,True
ChR2 (Williams 2013),470,1,1,200,0.5,0.2,0.1288,0,0.04058,False,True,True,True
ChR2 (Williams 2013),470,1,1,200,0.7071,0.2,0.1822,0,0.05738,False,True,True,True
ChR2 (Williams 2013),470,1,1,200,1,0.2,0.2577,0,0.08115,False,True,True,True
ChR2 (Williams 2013),470,1,1,200,1.414,0.2,0.3644,0,0.1148,False,True,True,True
ChR2 (Williams 2013),470,1,1,200,2,0.2,0.5153,0,0.1623,False,True,True,True
ChR2 (Williams 2013),470,1,1,200,2.828,0.2,0.7288,0,0.2295,False,True,True,True
ChR2 (Williams 2013),470,1,1,200,4,0.2,1.031,0,0.3246,False,True,True,True
ChR2 (Williams 2013),470,1,1,200,5.657,0.2,1.458,0,0.4591,False,True,True,True
ChR2 (Williams 2013),470,1,1,200,8,0.2,2.061,0,0.6492,False,False,True,True
ChR2 (Williams 2013),470,1,1,200,11.31,0.2,2.915,0.05,0.9182,False,False,True,True
ChR2 (Williams 2013),470,1,1,200,16,0.2,4.123,0.05,1.298,False,False,False,True
ChR2 (Williams 2013),470,1,1,200,22.63,0.2,5.83,0.1,1.836,False,False,False,True
ChR2 (Williams 2013),470,1,1,200,32,0.2,8.245,0.2,2.597,False,False,False,False
ChR2 (Williams 2013),470,1,1,200,45.25,0.2,11.66,0.25,3.673,False,False,False,False
ChR2 (Williams 2013),470,1,1,200,64,0.2,16.49,0.3,5.194,False,False,False,False
ChR2 (Williams 2013),470,1,2,10,0.25,0.02,0.06441,0,0.004119,False,True,True,True
ChR2 (Williams 2013),470,1,2,10,0.3536,0.02,0.09111,0,0.005826,False,True,True,True
ChR2 (Williams 2013),470,1,2,10,0.5,0.02,0.1288,0,0.008238,False,True,True,True
ChR2 (Williams 2013),470,1,2,10,0.7071,0.02,0.1822,0,0.01165,False,True,True,True
ChR2 (Williams 2013),470,1,2,10,1,0.02,0.2577,0,0.01648,False,True,True,True
ChR2 (Williams 2013),470,1,2,10,1.414,0.02,0.3644,0,0.0233,False,True,True,True
ChR2 (Williams 2013),470,1,2,10,2,0.02,0.5153,0,0.03295,False,True,True,True
ChR2 (Williams 2013),470,1,2,10,2.828,0.02,0.7288,0,0.0466,False,True,True,True
ChR2 (Williams 2013),470,1,2,10,4,0.02,1.031,0.2,0.06591,False,True,True,True
ChR2 (Williams 2013),470,1,2,10,5.657,0.02,1.458,0.7,0.0932,False,True,True,True
ChR2 (Williams 2013),470,1,2,10,8,0.02,2.061,1,0.1318,True,True,True,True
ChR2 (Williams 2013),470,1,2,10,11.31,0.02,2.915,1,0.1864,True,True,True,True
ChR2 (Williams 2013),470,1,2,10,16,0.02,4.123,1,0.2636,True,True,True,True
ChR2 (Williams 2013),470,1,2,10,22.63,0.02,5.83,1,0.3728,True,True,True,True
ChR2 (Williams 2013),470,1,2,10,32,0.02,8.245,1,0.5272,True,False,True,True
ChR2 (Williams 2013),470,1,2,10,45.25,0.02,11.66,1,0.7456,True,False,True,True
ChR2 (Williams 2013),470,1,2,10,64,0.02,16.49,1,1.054,True,False,False,True
ChR2 (Williams 2013),470,1,2,20,0.25,0.04,0.06441,0,0.006036,False,True,True,True
ChR2 (Williams 2013),470,1,2,20,0.3536,0.04,0.09111,0,0.008537,False,True,True,True
ChR2 (Williams 2013),470,1,2,20,0.5,0.04,0.1288,0,0.01207,False,True,True,True
ChR2 (Williams 2013),470,1,2,20,0.7071,0.04,0.1822,0,0.01707,False,True,True,True
ChR2 (Williams 2013),470,1,2,20,1,0.04,0.2577,0,0.02414,False,True,True,True
ChR2 (Williams 2013),470,1,2,20,1.414,0.04,0.3644,0,0.03414,False,True,True,True
ChR2 (Williams 2013),470,1,2,20,2,0.04,0.5153,0,0.04829,False,True,True,True
ChR2 (Williams 2013),470,1,2,20,2.828,0.04,0.7288,0,0.06829,False,True,True,True
ChR2 (Williams 2013),470,1,2,20,4,0.04,1.031,0.2,0.09657,False,True,True,True
ChR2 (Williams 2013),470,1,2,20,5.657,0.04,1.458,0.65,0.1366,False,True,True,True
ChR2 (Williams 2013),470,1,2,20,8,0.04,2.061,0.95,0.1931,True,True,True,True
ChR2 (Williams 2013),470,1,2,20,11.31,0.04,2.915,1,0.2732,True,True,True,True
ChR2 (Williams 2013),470,1,2,20,16,0.04,4.123,1,0.3863,True,True,True,True
ChR2 (Williams 2013),470,1,2,20,22.63,0.04,5.83,1,0.5463,True,False,True,True
ChR2 (Williams 2013),470,1,2,20,32,0.04,8.245,1,0.7726,True,False,True,True
ChR2 (Williams 2013),470,1,2,20,45.25,0.04,11.66,1,1.093,True,False,False,True
ChR2 (Williams 2013),470,1,2,20,64,0.04,16.49,1,1.545,True,False,False,True
ChR2 (Williams 2013),470,1,2,40,0.25,0.08,0.06441,0,0.00987,False,True,True,True
ChR2 (Williams 2013),470,1,2,40,0.3536,0.08,0.09111,0,0.01396,False,True,True,True
ChR2 (Williams 2013),470,1,2,40,0.5,0.08,0.1288,0,0.01974,False,True,True,True
ChR2 (Williams 2013),470,1,2,40,0.7071,0.08,0.1822,0,0.02792,False,True,True,True
ChR2 (Williams 2013),470,1,2,40,1,0.08,0.2577,0,0.03948,False,True,True,True
ChR2 (Williams 2013),470,1,2,40,1.414,0.08,0.3644,0,0.05583,False,True,True,True
ChR2 (Williams 2013),470,1,2,40,2,0.08,0.5153,0,0.07896,False,True,True,True
ChR2 (Williams 2013),470,1,2,40,2.828,0.08,0.7288,0,0.1117,False,True,True,True
ChR2 (Williams 2013),470,1,2,40,4,0.08,1.031,0.1,0.1579,False,True,True,True
ChR2 (Williams 2013),470,1,2,40,5.657,0.08,1.458,0.55,0.2233,False,True,True,True
ChR2 (Williams 2013),470,1,2,40,8,0.08,2.061,0.85,0.3158,False,True,True,True
ChR2 (Williams 2013),470,1,2,40,11.31,0.08,2.915,1,0.4466,True,True,True,True
ChR2 (Williams 2013),470,1,2,40,16,0.08,4.123,1,0.6317,True,False,True,True
ChR2 (Williams 2013),470,1,2,40,22.63,0.08,5.83,1,0.8933,True,False,True,True
ChR2 (Williams 2013),470,1,2,40,32,0.08,8.245,1,1.263,True,False,False,True
ChR2 (Williams 2013),470,1,2,40,45.25,0.08,11.66,1,1.787,True,False,False,True
ChR2 (Williams 2013),470,1,2,40,64,0.08,16.49,1,2.527,True,False,False,False
ChR2 (Williams 2013),470,1,2,60,0.25,0.12,0.06441,0,0.0137,False,True,True,True
ChR2 (Williams 2013),470,1,2,60,0.3536,0.12,0.09111,0,0.01938,False,True,True,True
ChR2 (Williams 2013),470,1,2,60,0.5,0.12,0.1288,0,0.02741,False,True,True,True
ChR2 (Williams 2013),470,1,2,60,0.7071,0.12,0.1822,0,0.03876,False,True,True,True
ChR2 (Williams 2013),470,1,2,60,1,0.12,0.2577,0,0.05481,False,True,True,True
ChR2 (Williams 2013),470,1,2,60,1.414,0.12,0.3644,0,0.07752,False,True,True,True
ChR2 (Williams 2013),470,1,2,60,2,0.12,0.5153,0,0.1096,False,True,True,True
ChR2 (Williams 2013),470,1,2,60,2.828,0.12,0.7288,0,0.155,False,True,True,True
ChR2 (Williams 2013),470,1,2,60,4,0.12,1.031,0.05,0.2193,False,True,True,True
ChR2 (Williams 2013),470,1,2,60,5.657,0.12,1.458,0.45,0.3101,False,True,True,True
ChR2 (Williams 2013),470,1,2,60,8,0.12,2.061,0.7,0.4385,False,True,True,True
ChR2 (Williams 2013),470,1,2,60,11.31,0.12,2.915,0.85,0.6201,False,False,True,True
ChR2 (Williams 2013),470,1,2,60,16,0.12,4.123,1,0.877,True,False,True,True
ChR2 (Williams 2013),470,1,2,60,22.63,0.12,5.83,1,1.24,True,False,False,True
ChR2 (Williams 2013),470,1,2,60,32,0.12,8.245,1,1.754,True,False,False,True
ChR2 (Williams 2013),470,1,2,60,45.25,0.12,11.66,1,2.481,True,False,False,False
ChR2 (Williams 2013),470,1,2,60,64,0.12,16.49,1,3.508,True,False,False,False
ChR2 (Williams 2013),470,1,2,80,0.25,0.16,0.06441,0,0.01754,False,True,True,True
ChR2 (Williams 2013),470,1,2,80,0.3536,0.16,0.09111,0,0.0248,False,True,True,True
ChR2 (Williams 2013),470,1,2,80,0.5,0.16,0.1288,0,0.03507,False,True,True,True
ChR2 (Williams 2013),470,1,2,80,0.7071,0.16,0.1822,0,0.0496,False,True,True,True
ChR2 (Williams 2013),470,1,2,80,1,0.16,0.2577,0,0.07015,False,True,True,True
ChR2 (Williams 2013),470,1,2,80,1.414,0.16,0.3644,0,0.0992,False,True,True,True
ChR2 (Williams 2013),470,1,2,80,2,0.16,0.5153,0,0.1403,False,True,True,True
ChR2 (Williams 2013),470,1,2,80,2.828,0.16,0.7288,0,0.1984,False,True,True,True
ChR2 (Williams 2013),470,1,2,80,4,0.16,1.031,0.05,0.2806,False,True,True,True
ChR2 (Williams 2013),470,1,2,80,5.657,0.16,1.458,0.15,0.3968,False,True,True,True
ChR2 (Williams 2013),470,1,2,80,8,0.16,2.061,0.45,0.5612,False,False,True,True
ChR2 (Williams 2013),470,1,2,80,11.31,0.16,2.915,0.6,0.7936,False,False,True,True
ChR2 (Williams 2013),470,1,2,80,16,0.16,4.123,0.75,1.122,False,False,False,True
ChR2 (Williams 2013),470,1,2,80,22.63,0.16,5.83,0.85,1.587,False,False,False,True
ChR2 (Williams 2013),470,1,2,80,32,0.16,8.245,1,2.245,True,False,False,False
ChR2 (Williams 2013),470,1,2,80,45.25,0.16,11.66,1,3.175,True,False,False,False
ChR2 (Williams 2013),470,1,2,80,64,0.16,16.49,1,4.489,True,False,False,False
ChR2 (Williams 2013),470,1,2,100,0.25,0.2,0.06441,0,0.02137,False,True,True,True
ChR2 (Williams 2013),470,1,2,100,0.3536,0.2,0.09111,0,0.03023,False,True,True,True
ChR2 (Williams 2013),470,1,2,100,0.5,0.2,0.1288,0,0.04274,False,True,True,True
ChR2 (Williams 2013),470,1,2,100,0.7071,0.2,0.1822,0,0.06045,False,True,True,True
ChR2 (Williams 2013),470,1,2,100,1,0.2,0.2577,0,0.08548,False,True,True,True
ChR2 (Williams 2013),470,1,2,100,1.414,0.2,0.3644,0,0.1209,False,True,True,True
ChR2 (Williams 2013),470,1,2,100,2,0.2,0.5153,0,0.171,False,True,True,True
ChR2 (Williams 2013),470,1,2,100,2.828,0.2,0.7288,0,0.2418,False,True,True,True
ChR2 (Williams 2013),470,1,2,100,4,0.2,1.031,0.05,0.3419,False,True,True,True
ChR2 (Williams 2013),470,1,2,100,5.657,0.2,1.458,0.05,0.4836,False,True,True,True
ChR2 (Williams 2013),470,1,2,100,8,0.2,2.061,0.3,0.6839,False,False,True,True
ChR2 (Williams 2013),470,1,2,100,11.31,0.2,2.915,0.4,0.9671,False,False,True,True
ChR2 (Williams 2013),470,1,2,100,16,0.2,4.123,0.4,1.368,False,False,False,True
ChR2 (Williams 2013),470,1,2,100,22.63,0.2,5.83,0.5,1.934,False,False,False,True
ChR2 (Williams 2013),470,1,2,100,32,0.2,8.245,0.6,2.735,False,False,False,False
ChR2 (Williams 2013),470,1,2,100,45.25,0.2,11.66,0.8,3.869,False,False,False,False
ChR2 (Williams 2013),470,1,2,100,64,0.2,16.49,0.8,5.471,False,False,False,False
ChR2 (Williams 2013),470,1,2,125,0.25,0.25,0.06441,0,0.02616,False,True,True,True
ChR2 (Williams 2013),470,1,2,125,0.3536,0.25,0.09111,0,0.037,False,True,True,True
ChR2 (Williams 2013),470,1,2,125,0.5,0.25,0.1288,0,0.05233,False,True,True,True
ChR2 (Williams 2013),470,1,2,125,0.7071,0.25,0.1822,0,0.074,False,True,True,True
ChR2 (Williams 2013),470,1,2,125,1,0.25,0.2577,0,0.1047,False,True,True,True
ChR2 (Williams 2013),470,1,2,125,1.414,0.25,0.3644,0,0.148,False,True,True,True
ChR2 (Williams 2013),470,1,2,125,2,0.25,0.5153,0,0.2093,False,True,True,True
ChR2 (Williams 2013),470,1,2,125,2.828,0.25,0.7288,0,0.296,False,True,True,True
ChR2 (Williams 2013),470,1,2,125,4,0.25,1.031,0.55,0.4186,False,True,True,True
ChR2 (Williams 2013),470,1,2,125,5.657,0.25,1.458,0.9,0.592,False,False,True,True
ChR2 (Williams 2013),470,1,2,125,8,0.25,2.061,0.4,0.8372,False,False,True,True
ChR2 (Williams 2013),470,1,2,125,11.31,0.25,2.915,0.35,1.184,False,False,False,True
ChR2 (Williams 2013),470,1,2,125,16,0.25,4.123,0.35,1.674,False,False,False,True
ChR2 (Williams 2013),470,1,2,125,22.63,0.25,5.83,0.35,2.368,False,False,False,False
ChR2 (Williams 2013),470,1,2,125,32,0.25,8.245,0.45,3.349,False,False,False,False
ChR2 (Williams 2013),470,1,2,125,45.25,0.25,11.66,0.45,4.736,False,False,False,False
ChR2 (Williams 2013),470,1,2,125,64,0.25,16.49,0.6,6.698,False,False,False,False
ChR2 (Williams 2013),470,1,2,150,0.25,0.3,0.06441,0,0.03096,False,True,True,True
ChR2 (Williams 2013),470,1,2,150,0.3536,0.3,0.09111,0,0.04378,False,True,True,True
ChR2 (Williams 2013),470,1,2,150,0.5,0.3,0.1288,0,0.06191,False,True,True,True
ChR2 (Williams 2013),470,1,2,150,0.7071,0.3,0.1822,0,0.08755,False,True,True,True
ChR2 (Williams 2013),470,1,2,150,1,0.3,0.2577,0,0.1238,False,True,True,True
ChR2 (Williams 2013),470,1,2,150,1.414,0.3,0.3644,0,0.1751,False,True,True,True
ChR2 (Williams 2013),470,1,2,150,2,0.3,0.5153,0,0.2476,False,True,True,True
ChR2 (Williams 2013),470,1,2,150,2.828,0.3,0.7288,0,0.3502,False,True,True,True
ChR2 (Williams 2013),470,1,2,150,4,0.3,1.031,0.15,0.4953,False,True,True,True
ChR2 (Williams 2013),470,1,2,150,5.657,0.3,1.458,0.55,0.7004,False,False,True,True
ChR2 (Williams 2013),470,1,2,150,8,0.3,2.061,0.75,0.9906,False,False,True,True
ChR2 (Williams 2013),470,1,2,150,11.31,0.3,2.915,0.9,1.401,False,False,False,True
ChR2 (Williams 2013),470,1,2,150,16,0.3,4.123,1,1.981,False,False,False,True
ChR2 (Williams 2013),470,1,2,150,22.63,0.3,5.83,1,2.802,False,False,False,False
ChR2 (Williams 2013),470,1,2,150,32,0.3,8.245,1,3.962,False,False,False,False
ChR2 (Williams 2013),470,1,2,150,45.25,0.3,11.66,1,5.603,False,False,False,False
ChR2 (Williams 2013),470,1,2,150,64,0.3,16.49,1,7.925,False,False,False,False
ChR2 (Williams 2013),470,1,2,200,0.25,0.4,0.06441,0,0.04054,False,True,True,True
ChR2 (Williams 2013),470,1,2,200,0.3536,0.4,0.09111,0,0.05734,False,True,True,True
ChR2 (Williams 2013),470,1,2,200,0.5,0.4,0.1288,0,0.08108,False,True,True,True
ChR2 (Williams 2013),470,1,2,200,0.7071,0.4,0.1822,0,0.1147,False,True,True,True
ChR2 (Williams 2013),470,1,2,200,1,0.4,0.2577,0,0.1622,False,True,True,True
ChR2 (Williams 2013),470,1,2,200,1.414,0.4,0.3644,0,0.2293,False,True,True,True
ChR2 (Williams 2013),470,1,2,200,2,0.4,0.5153,0,0.3243,False,True,True,True
ChR2 (Williams 2013),470,1,2,200,2.828,0.4,0.7288,0,0.4586,False,True,True,True
ChR2 (Williams 2013),470,1,2,200,4,0.4,1.031,0.05,0.6486,False,False,True,True
ChR2 (Williams 2013),470,1,2,200,5.657,0.4,1.458,0.1,0.9173,False,False,True,True
ChR2 (Williams 2013),470,1,2,200,8,0.4,2.061,0.15,1.297,False,False,False,True
ChR2 (Williams 2013),470,1,2,200,11.31,0.4,2.915,0.2,1.835,False,False,False,True
ChR2 (Williams 2013),470,1,2,200,16,0.4,4.123,0.2,2.595,False,False,False,False
ChR2 (Williams 2013),470,1,2,200,22.63,0.4,5.83,0.25,3.669,False,False,False,False
ChR2 (Williams 2013),470,1,2,200,32,0.4,8.245,0.25,5.189,False,False,False,False
ChR2 (Williams 2013),470,1,2,200,45.25,0.4,11.66,0.3,7.338,False,False,False,False
ChR2 (Williams 2013),470,1,2,200,64,0.4,16.49,0.3,10.38,False,False,False,False
ChR2 (Williams 2013),470,1,5,10,0.25,0.05,0.06441,0,0.01004,False,True,True,True
ChR2 (Williams 2013),470,1,5,10,0.3536,0.05,0.09111,0,0.0142,False,True,True,True
ChR2 (Williams 2013),470,1,5,10,0.5,0.05,0.1288,0,0.02008,False,True,True,True
ChR2 (Williams 2013),470,1,5,10,0.7071,0.05,0.1822,0,0.0284,False,True,True,True
ChR2 (Williams 2013),470,1,5,10,1,0.05,0.2577,0,0.04017,False,True,True,True
ChR2 (Williams 2013),470,1,5,10,1.414,0.05,0.3644,0,0.05681,False,True,True,True
ChR2 (Williams 2013),470,1,5,10,2,0.05,0.5153,0.2,0.08034,False,True,True,True
ChR2 (Williams 2013),470,1,5,10,2.828,0.05,0.7288,0.4,0.1136,False,True,True,True
ChR2 (Williams 2013),470,1,5,10,4,0.05,1.031,0.55,0.1607,False,True,True,True
ChR2 (Williams 2013),470,1,5,10,5.657,0.05,1.458,0.75,0.2272,False,True,True,True
ChR2 (Williams 2013),470,1,5,10,8,0.05,2.061,1,0.3213,True,True,True,True
ChR2 (Williams 2013),470,1,5,10,11.31,0.05,2.915,1,0.4545,True,True,True,True
ChR2 (Williams 2013),470,1,5,10,16,0.05,4.123,1,0.6427,True,False,True,True
ChR2 (Williams 2013),470,1,5,10,22.63,0.05,5.83,1,0.9089,True,False,True,True
ChR2 (Williams 2013),470,1,5,10,32,0.05,8.245,1,1.285,True,False,False,True
ChR2 (Williams 2013),470,1,5,10,45.25,0.05,11.66,1,1.818,True,False,False,True
ChR2 (Williams 2013),470,1,5,10,64,0.05,16.49,1,2.571,True,False,False,False
ChR2 (Williams 2013),470,1,5,20,0.25,0.1,0.06441,0,0.01483,False,True,True,True
ChR2 (Williams 2013),470,1,5,20,0.3536,0.1,0.09111,0,0.02098,False,True,True,True
ChR2 (Williams 2013),470,1,5,20,0.5,0.1,0.1288,0,0.02967,False,True,True,True
ChR2 (Williams 2013),470,1,5,20,0.7071,0.1,0.1822,0,0.04196,False,True,True,True
ChR2 (Williams 2013),470,1,5,20,1,0.1,0.2577,0,0.05934,False,True,True,True
ChR2 (Williams 2013),470,1,5,20,1.414,0.1,0.3644,0,0.08391,False,True,True,True
ChR2 (Williams 2013),470,1,5,20,2,0.1,0.5153,0.2,0.1187,False,True,True,True
ChR2 (Williams 2013),470,1,5,20,2.828,0.1,0.7288,0.4,0.1678,False,True,True,True
ChR2 (Williams 2013),470,1,5,20,4,0.1,1.031,0.5,0.2373,False,True,True,True
ChR2 (Williams 2013),470,1,5,20,5.657,0.1,1.458,0.65,0.3357,False,True,True,True
ChR2 (Williams 2013),470,1,5,20,8,0.1,2.061,1,0.4747,True,True,True,True
ChR2 (Williams 2013),470,1,5,20,11.31,0.1,2.915,1,0.6713,True,False,True,True
ChR2 (Williams 2013),470,1,5,20,16,0.1,4.123,1,0.9494,True,False,True,True
ChR2 (Williams 2013),470,1,5,20,22.63,0.1,5.83,1,1.343,True,False,False,True
ChR2 (Williams 2013),470,1,5,20,32,0.1,8.245,1,1.899,True,False,False,True
ChR2 (Williams 2013),470,1,5,20,45.25,0.1,11.66,1,2.685,True,False,False,False
ChR2 (Williams 2013),470,1,5,20,64,0.1,16.49,1,3.798,True,False,False,False
ChR2 (Williams 2013),470,1,5,40,0.25,0.2,0.06441,0,0.02442,False,True,True,True
ChR2 (Williams 2013),470,1,5,40,0.3536,0.2,0.09111,0,0.03454,False,True,True,True
ChR2 (Williams 2013),470,1,5,40,0.5,0.2,0.1288,0,0.04884,False,True,True,True
ChR2 (Williams 2013),470,1,5,40,0.7071,0.2,0.1822,0,0.06907,False,True,True,True
ChR2 (Williams 2013),470,1,5,40,1,0.2,0.2577,0,0.09767,False,True,True,True
ChR2 (Williams 2013),470,1,5,40,1.414,0.2,0.3644,0,0.1381,False,True,True,True
ChR2 (Williams 2013),470,1,5,40,2,0.2,0.5153,0.1,0.1953,False,True,True,True
ChR2 (Williams 2013),470,1,5,40,2.828,0.2,0.7288,0.3,0.2763,False,True,True,True
ChR2 (Williams 2013),470,1,5,40,4,0.2,1.031,0.4,0.3907,False,True,True,True
ChR2 (Williams 2013),470,1,5,40,5.657,0.2,1.458,0.5,0.5525,False,False,True,True
ChR2 (Williams 2013),470,1,5,40,8,0.2,2.061,0.65,0.7814,False,False,True,True
ChR2 (Williams 2013),470,1,5,40,11.31,0.2,2.915,1,1.105,True,False,False,True
ChR2 (Williams 2013),470,1,5,40,16,0.2,4.123,1,1.563,True,False,False,True
ChR2 (Williams 2013),470,1,5,40,22.63,0.2,5.83,1,2.21,True,False,False,False
ChR2 (Williams 2013),470,1,5,40,32,0.2,8.245,1,3.126,True,False,False,False
ChR2 (Williams 2013),470,1,5,40,45.25,0.2,11.66,1,4.42,True,False,False,False
ChR2 (Williams 2013),470,1,5,40,64,0.2,16.49,1,6.251,True,False,False,False
ChR2 (Williams 2013),470,1,5,60,0.25,0.3,0.06441,0,0.034,False,True,True,True
ChR2 (Williams 2013),470,1,5,60,0.3536,0.3,0.09111,0,0.04809,False,True,True,True
ChR2 (Williams 2013),470,1,5,60,0.5,0.3,0.1288,0,0.06801,False,True,True,True
ChR2 (Williams 2013),470,1,5,60,0.7071,0.3,0.1822,0,0.09617,False,True,True,True
ChR2 (Williams 2013),470,1,5,60,1,0.3,0.2577,0,0.136,False,True,True,True
ChR2 (Williams 2013),470,1,5,60,1.414,0.3,0.3644,0,0.1923,False,True,True,True
ChR2 (Williams 2013),470,1,5,60,2,0.3,0.5153,0.05,0.272,False,True,True,True
ChR2 (Williams 2013),470,1,5,60,2.828,0.3,0.7288,0.1,0.3847,False,True,True,True
ChR2 (Williams 2013),470,1,5,60,4,0.3,1.031,0.2,0.544,False,False,True,True
ChR2 (Williams 2013),470,1,5,60,5.657,0.3,1.458,0.3,0.7694,False,False,True,True
ChR2 (Williams 2013),470,1,5,60,8,0.3,2.061,0.35,1.088,False,False,False,True
ChR2 (Williams 2013),470,1,5,60,11.31,0.3,2.915,0.45,1.539,False,False,False,True
ChR2 (Williams 2013),470,1,5,60,16,0.3,4.123,1,2.176,True,False,False,False
ChR2 (Williams 2013),470,1,5,60,22.63,0.3,5.83,1,3.078,True,False,False,False
ChR2 (Williams 2013),470,1,5,60,32,0.3,8.245,1,4.352,True,False,False,False
ChR2 (Williams 2013),470,1,5,60,45.25,0.3,11.66,1,6.155,True,False,False,False
ChR2 (Williams 2013),470,1,5,60,64,0.3,16.49,1,8.705,True,False,False,False
ChR2 (Williams 2013),470,1,5,80,0.25,0.4,0.06441,0,0.04359,False,True,True,True
ChR2 (Williams 2013),470,1,5,80,0.3536,0.4,0.09111,0,0.06165,False,True,True,True
ChR2 (Williams 2013),470,1,5,80,0.5,0.4,0.1288,0,0.08717,False,True,True,True
ChR2 (Williams 2013),470,1,5,80,0.7071,0.4,0.1822,0,0.1233,False,True,True,True
ChR2 (Williams 2013),470,1,5,80,1,0.4,0.2577,0,0.1743,False,True,True,True
ChR2 (Williams 2013),470,1,5,80,1.414,0.4,0.3644,0,0.2466,False,True,True,True
ChR2 (Williams 2013),470,1,5,80,2,0.4,0.5153,0.05,0.3487,False,True,True,True
ChR2 (Williams 2013),470,1,5,80,2.828,0.4,0.7288,0.05,0.4931,False,True,True,True
ChR2 (Williams 2013),470,1,5,80,4,0.4,1.031,0.1,0.6974,False,False,True,True
ChR2 (Williams 2013),470,1,5,80,5.657,0.4,1.458,0.15,0.9863,False,False,True,True
ChR2 (Williams 2013),470,1,5,80,8,0.4,2.061,0.25,1.395,False,False,False,True
ChR2 (Williams 2013),470,1,5,80,11.31,0.4,2.915,0.3,1.973,False,False,False,True
ChR2 (Williams 2013),470,1,5,80,16,0.4,4.123,0.35,2.79,False,False,False,False
ChR2 (Williams 2013),470,1,5,80,22.63,0.4,5.83,0.45,3.945,False,False,False,False
ChR2 (Williams 2013),470,1,5,80,32,0.4,8.245,0.95,5.579,True,False,False,False
ChR2 (Williams 2013),470,1,5,80,45.25,0.4,11.66,1,7.89,True,False,False,False
ChR2 (Williams 2013),470,1,5,80,64,0.4,16.49,1,11.16,True,False,False,False
ChR2 (Williams 2013),470,1,5,100,0.25,0.5,0.06441,0,0.05317,False,True,True,True
ChR2 (Williams 2013),470,1,5,100,0.3536,0.5,0.09111,0,0.07521,False,True,True,True
ChR2 (Williams 2013),470,1,5,100,0.5,0.5,0.1288,0,0.1063,False,True,True,True
ChR2 (Williams 2013),470,1,5,100,0.7071,0.5,0.1822,0,0.1504,False,True,True,True
ChR2 (Williams 2013),470,1,5,100,1,0.5,0.2577,0,0.2127,False,True,True,True
ChR2 (Williams 2013),470,1,5,100,1.414,0.5,0.3644,0,0.3008,False,True,True,True
ChR2 (Williams 2013),470,1,5,100,2,0.5,0.5153,0.05,0.4254,False,True,True,True
ChR2 (Williams 2013),470,1,5,100,2.828,0.5,0.7288,0.05,0.6016,False,False,True,True
ChR2 (Williams 2013),470,1,5,100,4,0.5,1.031,0.05,0.8507,False,False,True,True
ChR2 (Williams 2013),470,1,5,100,5.657,0.5,1.458,0.05,1.203,False,False,False,True
ChR2 (Williams 2013),470,1,5,100,8,0.5,2.061,0.1,1.701,False,False,False,True
ChR2 (Williams 2013),470,1,5,100,11.31,0.5,2.915,0.1,2.406,False,False,False,False
ChR2 (Williams 2013),470,1,5,100,16,0.5,4.123,0.15,3.403,False,False,False,False
ChR2 (Williams 2013),470,1,5,100,22.63,0.5,5.83,0.15,4.813,False,False,False,False
ChR2 (Williams 2013),470,1,5,100,32,0.5,8.245,0.15,6.806,False,False,False,False
ChR2 (Williams 2013),470,1,5,100,45.25,0.5,11.66,0.2,9.625,False,False,False,False
ChR2 (Williams 2013),470,1,5,100,64,0.5,16.49,0.2,13.61,False,False,False,False
ChR2 (Williams 2013),470,1,5,125,0.25,0.625,0.06441,0,0.06515,False,True,True,True
ChR2 (Williams 2013),470,1,5,125,0.3536,0.625,0.09111,0,0.09215,False,True,True,True
ChR2 (Williams 2013),470,1,5,125,0.5,0.625,0.1288,0,0.1303,False,True,True,True
ChR2 (Williams 2013),470,1,5,125,0.7071,0.625,0.1822,0,0.1843,False,True,True,True
ChR2 (Williams 2013),470,1,5,125,1,0.625,0.2577,0,0.2606,False,True,True,True
ChR2 (Williams 2013),470,1,5,125,1.414,0.625,0.3644,0,0.3686,False,True,True,True
ChR2 (Williams 2013),470,1,5,125,2,0.625,0.5153,0.1,0.5212,False,False,True,True
ChR2 (Williams 2013),470,1,5,125,2.828,0.625,0.7288,0.05,0.7371,False,False,True,True
ChR2 (Williams 2013),470,1,5,125,4,0.625,1.031,0.05,1.042,False,False,False,True
ChR2 (Williams 2013),470,1,5,125,5.657,0.625,1.458,0.05,1.474,False,False,False,True
ChR2 (Williams 2013),470,1,5,125,8,0.625,2.061,0.05,2.085,False,False,False,False
ChR2 (Williams 2013),470,1,5,125,11.31,0.625,2.915,0.05,2.948,False,False,False,False
ChR2 (Williams 2013),470,1,5,125,16,0.625,4.123,0.05,4.17,False,False,False,False
ChR2 (Williams 2013),470,1,5,125,22.63,0.625,5.83,0.05,5.897,False,False,False,False
ChR2 (Williams 2013),470,1,5,125,32,0.625,8.245,0.05,8.339,False,False,False,False
ChR2 (Williams 2013),470,1,5,125,45.25,0.625,11.66,0.05,11.79,False,False,False,False
ChR2 (Williams 2013),470,1,5,125,64,0.625,16.49,0.05,16.68,False,False,False,False
ChR2 (Williams 2013),470,1,5,150,0.25,0.75,0.06441,0,0.07713,False,True,True,True
ChR2 (Williams 2013),470,1,5,150,0.3536,0.75,0.09111,0,0.1091,False,True,True,True
ChR2 (Williams 2013),470,1,5,150,0.5,0.75,0.1288,0,0.1543,False,True,True,True
ChR2 (Williams 2013),470,1,5,150,0.7071,0.75,0.1822,0,0.2182,False,True,True,True
ChR2 (Williams 2013),470,1,5,150,1,0.75,0.2577,0,0.3085,False,True,True,True
ChR2 (Williams 2013),470,1,5,150,1.414,0.75,0.3644,0,0.4363,False,True,True,True
ChR2 (Williams 2013),470,1,5,150,2,0.75,0.5153,0.1,0.6171,False,False,True,True
ChR2 (Williams 2013),470,1,5,150,2.828,0.75,0.7288,0.1,0.8726,False,False,True,True
ChR2 (Williams 2013),470,1,5,150,4,0.75,1.031,0.1,1.234,False,False,False,True
ChR2 (Williams 2013),470,1,5,150,5.657,0.75,1.458,0.05,1.745,False,False,False,True
ChR2 (Williams 2013),470,1,5,150,8,0.75,2.061,0.05,2.468,False,False,False,False
ChR2 (Williams 2013),470,1,5,150,11.31,0.75,2.915,0.05,3.491,False,False,False,False
ChR2 (Williams 2013),470,1,5,150,16,0.75,4.123,0.05,4.936,False,False,False,False
ChR2 (Williams 2013),470,1,5,150,22.63,0.75,5.83,0.05,6.981,False,False,False,False
ChR2 (Williams 2013),470,1,5,150,32,0.75,8.245,0.05,9.873,False,False,False,False
ChR2 (Williams 2013),470,1,5,150,45.25,0.75,11.66,0.05,13.96,False,False,False,False
ChR2 (Williams 2013),470,1,5,150,64,0.75,16.49,0.05,19.75,False,False,False,False
ChR2 (Williams 2013),470,1,10,10,0.25,0.1,0.06441,0,0.01912,False,True,True,True
ChR2 (Williams 2013),470,1,10,10,0.3536,0.1,0.09111,0,0.02704,False,True,True,True
ChR2 (Williams 2013),470,1,10,10,0.5,0.1,0.1288,0,0.03823,False,True,True,True
ChR2 (Williams 2013),470,1,10,10,0.7071,0.1,0.1822,0,0.05407,False,True,True,True
ChR2 (Williams 2013),470,1,10,10,1,0.1,0.2577,0,0.07647,False,True,True,True
ChR2 (Williams 2013),470,1,10,10,1.414,0.1,0.3644,0,0.1081,False,True,True,True
ChR2 (Williams 2013),470,1,10,10,2,0.1,0.5153,0.1,0.1529,False,True,True,True
ChR2 (Williams 2013),470,1,10,10,2.828,0.1,0.7288,0.15,0.2163,False,True,True,True
ChR2 (Williams 2013),470,1,10,10,4,0.1,1.031,0.2,0.3059,False,True,True,True
ChR2 (Williams 2013),470,1,10,10,5.657,0.1,1.458,0.3,0.4326,False,True,True,True
ChR2 (Williams 2013),470,1,10,10,8,0.1,2.061,0.9,0.6117,False,False,True,True
ChR2 (Williams 2013),470,1,10,10,11.31,0.1,2.915,0.9,0.8651,False,False,True,True
ChR2 (Williams 2013),470,1,10,10,16,0.1,4.123,0.95,1.223,True,False,False,True
ChR2 (Williams 2013),470,1,10,10,22.63,0.1,5.83,0.95,1.73,True,False,False,True
ChR2 (Williams 2013),470,1,10,10,32,0.1,8.245,0.95,2.447,True,False,False,False
ChR2 (Williams 2013),470,1,10,10,45.25,0.1,11.66,0.95,3.46,True,False,False,False
ChR2 (Williams 2013),470,1,10,10,64,0.1,16.49,0.95,4.894,True,False,False,False
ChR2 (Williams 2013),470,1,10,20,0.25,0.2,0.06441,0,0.0287,False,True,True,True
ChR2 (Williams 2013),470,1,10,20,0.3536,0.2,0.09111,0,0.04059,False,True,True,True
ChR2 (Williams 2013),470,1,10,20,0.5,0.2,0.1288,0,0.0574,False,True,True,True
ChR2 (Williams 2013),470,1,10,20,0.7071,0.2,0.1822,0,0.08118,False,True,True,True
ChR2 (Williams 2013),470,1,10,20,1,0.2,0.2577,0,0.1148,False,True,True,True
ChR2 (Williams 2013),470,1,10,20,1.414,0.2,0.3644,0,0.1624,False,True,True,True
ChR2 (Williams 2013),470,1,10,20,2,0.2,0.5153,0.1,0.2296,False,True,True,True
ChR2 (Williams 2013),470,1,10,20,2.828,0.2,0.7288,0.15,0.3247,False,True,True,True
ChR2 (Williams 2013),470,1,10,20,4,0.2,1.031,0.15,0.4592,False,True,True,True
ChR2 (Williams 2013),470,1,10,20,5.657,0.2,1.458,0.25,0.6494,False,False,True,True
ChR2 (Williams 2013),470,1,10,20,8,0.2,2.061,0.9,0.9184,False,False,True,True
ChR2 (Williams 2013),470,1,10,20,11.31,0.2,2.915,0.95,1.299,False,False,False,True
ChR2 (Williams 2013),470,1,10,20,16,0.2,4.123,0.95,1.837,True,False,False,True
ChR2 (Williams 2013),470,1,10,20,22.63,0.2,5.83,0.95,2.598,True,False,False,False
ChR2 (Williams 2013),470,1,10,20,32,0.2,8.245,0.95,3.674,True,False,False,False
ChR2 (Williams 2013),470,1,10,20,45.25,0.2,11.66,0.95,5.195,True,False,False,False
ChR2 (Williams 2013),470,1,10,20,64,0.2,16.49,0.95,7.347,True,False,False,False
ChR2 (Williams 2013),470,1,10,40,0.25,0.4,0.06441,0,0.04787,False,True,True,True
ChR2 (Williams 2013),470,1,10,40,0.3536,0.4,0.09111,0,0.06771,False,True,True,True
ChR2 (Williams 2013),470,1,10,40,0.5,0.4,0.1288,0,0.09574,False,True,True,True
ChR2 (Williams 2013),470,1,10,40,0.7071,0.4,0.1822,0,0.1354,False,True,True,True
ChR2 (Williams 2013),470,1,10,40,1,0.4,0.2577,0,0.1915,False,True,True,True
ChR2 (Williams 2013),470,1,10,40,1.414,0.4,0.3644,0,0.2708,False,True,True,True
ChR2 (Williams 2013),470,1,10,40,2,0.4,0.5153,0.05,0.383,False,True,True,True
ChR2 (Williams 2013),470,1,10,40,2.828,0.4,0.7288,0.05,0.5416,False,False,True,True
ChR2 (Williams 2013),470,1,10,40,4,0.4,1.031,0.1,0.7659,False,False,True,True
ChR2 (Williams 2013),470,1,10,40,5.657,0.4,1.458,0.15,1.083,False,False,False,True
ChR2 (Williams 2013),470,1,10,40,8,0.4,2.061,0.2,1.532,False,False,False,True
ChR2 (Williams 2013),470,1,10,40,11.31,0.4,2.915,0.95,2.166,False,False,False,False
ChR2 (Williams 2013),470,1,10,40,16,0.4,4.123,0.95,3.064,True,False,False,False
ChR2 (Williams 2013),470,1,10,40,22.63,0.4,5.83,0.95,4.333,True,False,False,False
ChR2 (Williams 2013),470,1,10,40,32,0.4,8.245,0.95,6.127,True,False,False,False
ChR2 (Williams 2013),470,1,10,40,45.25,0.4,11.66,0.95,8.665,True,False,False,False
ChR2 (Williams 2013),470,1,10,40,64,0.4,16.49,0.95,12.25,True,False,False,False
ChR2 (Williams 2013),470,1,10,60,0.25,0.6,0.06441,0,0.06704,False,True,True,True
ChR2 (Williams 2013),470,1,10,60,0.3536,0.6,0.09111,0,0.09482,False,True,True,True
ChR2 (Williams 2013),470,1,10,60,0.5,0.6,0.1288,0,0.1341,False,True,True,True
ChR2 (Williams 2013),470,1,10,60,0.7071,0.6,0.1822,0,0.1896,False,True,True,True
ChR2 (Williams 2013),470,1,10,60,1,0.6,0.2577,0,0.2682,False,True,True,True
ChR2 (Williams 2013),470,1,10,60,1.414,0.6,0.3644,0,0.3792,False,True,True,True
ChR2 (Williams 2013),470,1,10,60,2,0.6,0.5153,0.05,0.5363,False,False,True,True
ChR2 (Williams 2013),470,1,10,60,2.828,0.6,0.7288,0,0.7584,False,False,True,True
ChR2 (Williams 2013),470,1,10,60,4,0.6,1.031,0,1.073,False,False,False,True
ChR2 (Williams 2013),470,1,10,60,5.657,0.6,1.458,0,1.517,False,False,False,True
ChR2 (Williams 2013),470,1,10,60,8,0.6,2.061,0.05,2.145,False,False,False,False
ChR2 (Williams 2013),470,1,10,60,11.31,0.6,2.915,0.05,3.034,False,False,False,False
ChR2 (Williams 2013),470,1,10,60,16,0.6,4.123,0.1,4.29,False,False,False,False
ChR2 (Williams 2013),470,1,10,60,22.63,0.6,5.83,0.15,6.068,False,False,False,False
ChR2 (Williams 2013),470,1,10,60,32,0.6,8.245,0.15,8.581,False,False,False,False
ChR2 (Williams 2013),470,1,10,60,45.25,0.6,11.66,0.25,12.14,False,False,False,False
ChR2 (Williams 2013),470,1,10,60,64,0.6,16.49,0.75,17.16,False,False,False,False
ChR2 (Williams 2013),470,1,10,80,0.25,0.8,0.06441,0,0.08621,False,True,True,True
ChR2 (Williams 2013),470,1,10,80,0.3536,0.8,0.09111,0,0.1219,False,True,True,True
ChR2 (Williams 2013),470,1,10,80,0.5,0.8,0.1288,0,0.1724,False,True,True,True
ChR2 (Williams 2013),470,1,10,80,0.7071,0.8,0.1822,0,0.2438,False,True,True,True
ChR2 (Williams 2013),470,1,10,80,1,0.8,0.2577,0,0.3448,False,True,True,True
ChR2 (Williams 2013),470,1,10,80,1.414,0.8,0.3644,0,0.4877,False,True,True,True
ChR2 (Williams 2013),470,1,10,80,2,0.8,0.5153,0.05,0.6897,False,False,True,True
ChR2 (Williams 2013),470,1,10,80,2.828,0.8,0.7288,0.05,0.9753,False,False,True,True
ChR2 (Williams 2013),470,1,10,80,4,0.8,1.031,0,1.379,False,False,False,True
ChR2 (Williams 2013),470,1,10,80,5.657,0.8,1.458,0,1.951,False,False,False,True
ChR2 (Williams 2013),470,1,10,80,8,0.8,2.061,0,2.759,False,False,False,False
ChR2 (Williams 2013),470,1,10,80,11.31,0.8,2.915,0,3.901,False,False,False,False
ChR2 (Williams 2013),470,1,10,80,16,0.8,4.123,0,5.517,False,False,False,False
ChR2 (Williams 2013),470,1,10,80,22.63,0.8,5.83,0,7.803,False,False,False,False
ChR2 (Williams 2013),470,1,10,80,32,0.8,8.245,0,11.03,False,False,False,False
ChR2 (Williams 2013),470,1,10,80,45.25,0.8,11.66,0,15.61,False,False,False,False
ChR2 (Williams 2013),470,1,10,80,64,0.8,16.49,0,22.07,False,False,False,False
Chronos (simplified),470,1,0.5,10,0.25,0.005,0.06441,0,0.001043,False,True,True,True
Chronos (simplified),470,1,0.5,10,0.3536,0.005,0.09111,0,0.001475,False,True,True,True
Chronos (simplified),470,1,0.5,10,0.5,0.005,0.1288,0,0.002086,False,True,True,True
Chronos (simplified),470,1,0.5,10,0.7071,0.005,0.1822,0,0.00295,False,True,True,True
Chronos (simplified),470,1,0.5,10,1,0.005,0.2577,0,0.004172,False,True,True,True
Chronos (simplified),470,1,0.5,10,1.414,0.005,0.3644,0,0.0059,False,True,True,True
Chronos (simplified),470,1,0.5,10,2,0.005,0.5153,0,0.008344,False,True,True,True
Chronos (simplified),470,1,0.5,10,2.828,0.005,0.7288,0,0.0118,False,True,True,True
Chronos (simplified),470,1,0.5,10,4,0.005,1.031,0,0.01669,False,True,True,True
Chronos (simplified),470,1,0.5,10,5.657,0.005,1.458,0,0.0236,False,True,True,True
Chronos (simplified),470,1,0.5,10,8,0.005,2.061,0,0.03338,False,True,True,True
Chronos (simplified),470,1,0.5,10,11.31,0.005,2.915,0,0.0472,False,True,True,True
Chronos (simplified),470,1,0.5,10,16,0.005,4.123,0,0.06675,False,True,True,True
Chronos (simplified),470,1,0.5,10,22.63,0.005,5.83,0,0.0944,False,True,True,True
Chronos (simplified),470,1,0.5,10,32,0.005,8.245,0,0.1335,False,True,True,True
Chronos (simplified),470,1,0.5,10,45.25,0.005,11.66,0.35,0.1888,False,True,True,True
Chronos (simplified),470,1,0.5,10,64,0.005,16.49,1,0.267,True,True,True,True
Chronos (simplified),470,1,0.5,20,0.25,0.01,0.06441,0,0.001522,False,True,True,True
Chronos (simplified),470,1,0.5,20,0.3536,0.01,0.09111,0,0.002153,False,True,True,True
Chronos (simplified),470,1,0.5,20,0.5,0.01,0.1288,0,0.003044,False,True,True,True
Chronos (simplified),470,1,0.5,20,0.7071,0.01,0.1822,0,0.004305,False,True,True,True
Chronos (simplified),470,1,0.5,20,1,0.01,0.2577,0,0.006089,False,True,True,True
Chronos (simplified),470,1,0.5,20,1.414,0.01,0.3644,0,0.008611,False,True,True,True
Chronos (simplified),470,1,0.5,20,2,0.01,0.5153,0,0.01218,False,True,True,True
Chronos (simplified),470,1,0.5,20,2.828,0.01,0.7288,0,0.01722,False,True,True,True
Chronos (simplified),470,1,0.5,20,4,0.01,1.031,0,0.02436,False,True,True,True
Chronos (simplified),470,1,0.5,20,5.657,0.01,1.458,0,0.03444,False,True,True,True
Chronos (simplified),470,1,0.5,20,8,0.01,2.061,0,0.04871,False,True,True,True
Chronos (simplified),470,1,0.5,20,11.31,0.01,2.915,0,0.06889,False,True,True,True
Chronos (simplified),470,1,0.5,20,16,0.01,4.123,0,0.09742,False,True,True,True
Chronos (simplified),470,1,0.5,20,22.63,0.01,5.83,0,0.1378,False,True,True,True
Chronos (simplified),470,1,0.5,20,32,0.01,8.245,0,0.1948,False,True,True,True
Chronos (simplified),470,1,0.5,20,45.25,0.01,11.66,0.35,0.2755,False,True,True,True
Chronos (simplified),470,1,0.5,20,64,0.01,16.49,1,0.3897,True,True,True,True
Chronos (simplified),470,1,0.5,40,0.25,0.02,0.06441,0,0.002481,False,True,True,True
Chronos (simplified),470,1,0.5,40,0.3536,0.02,0.09111,0,0.003509,False,True,True,True
Chronos (simplified),470,1,0.5,40,0.5,0.02,0.1288,0,0.004961,False,True,True,True
Chronos (simplified),470,1,0.5,40,0.7071,0.02,0.1822,0,0.007016,False,True,True,True
Chronos (simplified),470,1,0.5,40,1,0.02,0.2577,0,0.009923,False,True,True,True
Chronos (simplified),470,1,0.5,40,1.414,0.02,0.3644,0,0.01403,False,True,True,True
Chronos (simplified),470,1,0.5,40,2,0.02,0.5153,0,0.01985,False,True,True,True
Chronos (simplified),470,1,0.5,40,2.828,0.02,0.7288,0,0.02806,False,True,True,True
Chronos (simplified),470,1,0.5,40,4,0.02,1.031,0,0.03969,False,True,True,True
Chronos (simplified),470,1,0.5,40,5.657,0.02,1.458,0,0.05613,False,True,True,True
Chronos (simplified),470,1,0.5,40,8,0.02,2.061,0,0.07938,False,True,True,True
Chronos (simplified),470,1,0.5,40,11.31,0.02,2.915,0,0.1123,False,True,True,True
Chronos (simplified),470,1,0.5,40,16,0.02,4.123,0,0.1588,False,True,True,True
Chronos (simplified),470,1,0.5,40,22.63,0.02,5.83,0,0.2245,False,True,True,True
Chronos (simplified),470,1,0.5,40,32,0.02,8.245,0,0.3175,False,True,True,True
Chronos (simplified),470,1,0.5,40,45.25,0.02,11.66,0.3,0.449,False,True,True,True
Chronos (simplified),470,1,0.5,40,64,0.02,16.49,1,0.635,True,False,True,True
Chronos (simplified),470,1,0.5,60,0.25,0.03,0.06441,0,0.003439,False,True,True,True
Chronos (simplified),470,1,0.5,60,0.3536,0.03,0.09111,0,0.004864,False,True,True,True
Chronos (simplified),470,1,0.5,60,0.5,0.03,0.1288,0,0.006878,False,True,True,True
Chronos (simplified),470,1,0.5,60,0.7071,0.03,0.1822,0,0.009727,False,True,True,True
Chronos (simplified),470,1,0.5,60,1,0.03,0.2577,0,0.01376,False,True,True,True
Chronos (simplified),470,1,0.5,60,1.414,0.03,0.3644,0,0.01945,False,True,True,True
Chronos (simplified),470,1,0.5,60,2,0.03,0.5153,0,0.02751,False,True,True,True
Chronos (simplified),470,1,0.5,60,2.828,0.03,0.7288,0,0.03891,False,True,True,True
Chronos (simplified),470,1,0.5,60,4,0.03,1.031,0,0.05502,False,True,True,True
Chronos (simplified),470,1,0.5,60,5.657,0.03,1.458,0,0.07782,False,True,True,True
Chronos (simplified),470,1,0.5,60,8,0.03,2.061,0,0.11,False,True,True,True
Chronos (simplified),470,1,0.5,60,11.31,0.03,2.915,0,0.1556,False,True,True,True
Chronos (simplified),470,1,0.5,60,16,0.03,4.123,0,0.2201,False,True,True,True
Chronos (simplified),470,1,0.5,60,22.63,0.03,5.83,0,0.3113,False,True,True,True
Chronos (simplified),470,1,0.5,60,32,0.03,8.245,0,0.4402,False,True,True,True
Chronos (simplified),470,1,0.5,60,45.25,0.03,11.66,0.25,0.6225,False,False,True,True
Chronos (simplified),470,1,0.5,60,64,0.03,16.49,1,0.8804,True,False,True,True
Chronos (simplified),470,1,0.5,80,0.25,0.04,0.06441,0,0.004397,False,True,True,True
Chronos (simplified),470,1,0.5,80,0.3536,0.04,0.09111,0,0.00622,False,True,True,True
Chronos (simplified),470,1,0.5,80,0.5,0.04,0.1288,0,0.008795,False,True,True,True
Chronos (simplified),470,1,0.5,80,0.7071,0.04,0.1822,0,0.01244,False,True,True,True
Chronos (simplified),470,1,0.5,80,1,0.04,0.2577,0,0.01759,False,True,True,True
Chronos (simplified),470,1,0.5,80,1.414,0.04,0.3644,0,0.02488,False,True,True,True
Chronos (simplified),470,1,0.5,80,2,0.04,0.5153,0,0.03518,False,True,True,True
Chronos (simplified),470,1,0.5,80,2.828,0.04,0.7288,0,0.04975,False,True,True,True
Chronos (simplified),470,1,0.5,80,4,0.04,1.031,0,0.07036,False,True,True,True
Chronos (simplified),470,1,0.5,80,5.657,0.04,1.458,0,0.0995,False,True,True,True
Chronos (simplified),470,1,0.5,80,8,0.04,2.061,0,0.1407,False,True,True,True
Chronos (simplified),470,1,0.5,80,11.31,0.04,2.915,0,0.199,False,True,True,True
Chronos (simplified),470,1,0.5,80,16,0.04,4.123,0,0.2814,False,True,True,True
Chronos (simplified),470,1,0.5,80,22.63,0.04,5.83,0,0.398,False,True,True,True
Chronos (simplified),470,1,0.5,80,32,0.04,8.245,0,0.5629,False,False,True,True
Chronos (simplified),470,1,0.5,80,45.25,0.04,11.66,0.05,0.796,False,False,True,True
Chronos (simplified),470,1,0.5,80,64,0.04,16.49,1,1.126,True,False,False,True
Chronos (simplified),470,1,0.5,100,0.25,0.05,0.06441,0,0.005356,False,True,True,True
Chronos (simplified),470,1,0.5,100,0.3536,0.05,0.09111,0,0.007575,False,True,True,True
Chronos (simplified),470,1,0.5,100,0.5,0.05,0.1288,0,0.01071,False,True,True,True
Chronos (simplified),470,1,0.5,100,0.7071,0.05,0.1822,0,0.01515,False,True,True,True
Chronos (simplified),470,1,0.5,100,1,0.05,0.2577,0,0.02142,False,True,True,True
Chronos (simplified),470,1,0.5,100,1.414,0.05,0.3644,0,0.0303,False,True,True,True
Chronos (simplified),470,1,0.5,100,2,0.05,0.5153,0,0.04285,False,True,True,True
Chronos (simplified),470,1,0.5,100,2.828,0.05,0.7288,0,0.06059,False,True,True,True
Chronos (simplified),470,1,0.5,100,4,0.05,1.031,0,0.08569,False,True,True,True
Chronos (simplified),470,1,0.5,100,5.657,0.05,1.458,0,0.1212,False,True,True,True
Chronos (simplified),470,1,0.5,100,8,0.05,2.061,0,0.1714,False,True,True,True
Chronos (simplified),470,1,0.5,100,11.31,0.05,2.915,0,0.2424,False,True,True,True
Chronos (simplified),470,1,0.5,100,16,0.05,4.123,0,0.3428,False,True,True,True
Chronos (simplified),470,1,0.5,100,22.63,0.05,5.83,0,0.4848,False,True,True,True
Chronos (simplified),470,1,0.5,100,32,0.05,8.245,0,0.6856,False,False,True,True
Chronos (simplified),470,1,0.5,100,45.25,0.05,11.66,0.5,0.9695,False,False,True,True
Chronos (simplified),470,1,0.5,100,64,0.05,16.49,1,1.371,True,False,False,True
Chronos (simplified),470,1,0.5,125,0.25,0.0625,0.06441,0,0.006554,False,True,True,True
Chronos (simplified),470,1,0.5,125,0.3536,0.0625,0.09111,0,0.00927,False,True,True,True
Chronos (simplified),470,1,0.5,125,0.5,0.0625,0.1288,0,0.01311,False,True,True,True
Chronos (simplified),470,1,0.5,125,0.7071,0.0625,0.1822,0,0.01854,False,True,True,True
Chronos (simplified),470,1,0.5,125,1,0.0625,0.2577,0,0.02622,False,True,True,True
Chronos (simplified),470,1,0.5,125,1.414,0.0625,0.3644,0,0.03707,False,True,True,True
Chronos (simplified),470,1,0.5,125,2,0.0625,0.5153,0,0.05243,False,True,True,True
Chronos (simplified),470,1,0.5,125,2.828,0.0625,0.7288,0,0.07415,False,True,True,True
Chronos (simplified),470,1,0.5,125,4,0.0625,1.031,0,0.1049,False,True,True,True
Chronos (simplified),470,1,0.5,125,5.657,0.0625,1.458,0,0.1483,False,True,True,True
Chronos (simplified),470,1,0.5,125,8,0.0625,2.061,0,0.2097,False,True,True,True
Chronos (simplified),470,1,0.5,125,11.31,0.0625,2.915,0,0.2966,False,True,True,True
Chronos (simplified),470,1,0.5,125,16,0.0625,4.123,0,0.4195,False,True,True,True
Chronos (simplified),470,1,0.5,125,22.63,0.0625,5.83,0,0.5932,False,False,True,True
Chronos (simplified),470,1,0.5,125,32,0.0625,8.245,0,0.8389,False,False,True,True
Chronos (simplified),470,1,0.5,125,45.25,0.0625,11.66,1,1.186,False,False,False,True
Chronos (simplified),470,1,0.5,125,64,0.0625,16.49,1,1.678,True,False,False,True
Chronos (simplified),470,1,0.5,150,0.25,0.075,0.06441,0,0.007752,False,True,True,True
Chronos (simplified),470,1,0.5,150,0.3536,0.075,0.09111,0,0.01096,False,True,True,True
Chronos (simplified),470,1,0.5,150,0.5,0.075,0.1288,0,0.0155,False,True,True,True
Chronos (simplified),470,1,0.5,150,0.7071,0.075,0.1822,0,0.02193,False,True,True,True
Chronos (simplified),470,1,0.5,150,1,0.075,0.2577,0,0.03101,False,True,True,True
Chronos (simplified),470,1,0.5,150,1.414,0.075,0.3644,0,0.04385,False,True,True,True
Chronos (simplified),470,1,0.5,150,2,0.075,0.5153,0,0.06202,False,True,True,True
Chronos (simplified),470,1,0.5,150,2.828,0.075,0.7288,0,0.0877,False,True,True,True
Chronos (simplified),470,1,0.5,150,4,0.075,1.031,0,0.124,False,True,True,True
Chronos (simplified),470,1,0.5,150,5.657,0.075,1.458,0,0.1754,False,True,True,True
Chronos (simplified),470,1,0.5,150,8,0.075,2.061,0,0.2481,False,True,True,True
Chronos (simplified),470,1,0.5,150,11.31,0.075,2.915,0,0.3508,False,True,True,True
Chronos (simplified),470,1,0.5,150,16,0.075,4.123,0,0.4961,False,True,True,True
Chronos (simplified),470,1,0.5,150,22.63,0.075,5.83,0,0.7016,False,False,True,True
Chronos (simplified),470,1,0.5,150,32,0.075,8.245,0,0.9923,False,False,True,True
Chronos (simplified),470,1,0.5,150,45.25,0.075,11.66,0.1,1.403,False,False,False,True
Chronos (simplified),470,1,0.5,150,64,0.075,16.49,0.85,1.985,False,False,False,True
Chronos (simplified),470,1,0.5,200,0.25,0.1,0.06441,0,0.01015,False,True,True,True
Chronos (simplified),470,1,0.5,200,0.3536,0.1,0.09111,0,0.01435,False,True,True,True
Chronos (simplified),470,1,0.5,200,0.5,0.1,0.1288,0,0.0203,False,True,True,True
Chronos (simplified),470,1,0.5,200,0.7071,0.1,0.1822,0,0.0287,False,True,True,True
Chronos (simplified),470,1,0.5,200,1,0.1,0.2577,0,0.04059,False,True,True,True
Chronos (simplified),470,1,0.5,200,1.414,0.1,0.3644,0,0.05741,False,True,True,True
Chronos (simplified),470,1,0.5,200,2,0.1,0.5153,0,0.08118,False,True,True,True
Chronos (simplified),470,1,0.5,200,2.828,0.1,0.7288,0,0.1148,False,True,True,True
Chronos (simplified),470,1,0.5,200,4,0.1,1.031,0,0.1624,False,True,True,True
Chronos (simplified),470,1,0.5,200,5.657,0.1,1.458,0,0.2296,False,True,True,True
Chronos (simplified),470,1,0.5,200,8,0.1,2.061,0,0.3247,False,True,True,True
Chronos (simplified),470,1,0.5,200,11.31,0.1,2.915,0,0.4592,False,True,True,True
Chronos (simplified),470,1,0.5,200,16,0.1,4.123,0,0.6495,False,False,True,True
Chronos (simplified),470,1,0.5,200,22.63,0.1,5.83,0,0.9185,False,False,True,True
Chronos (simplified),470,1,0.5,200,32,0.1,8.245,0,1.299,False,False,False,True
Chronos (simplified),470,1,0.5,200,45.25,0.1,11.66,0.05,1.837,False,False,False,True
Chronos (simplified),470,1,0.5,200,64,0.1,16.49,0.05,2.598,False,False,False,False
Chronos (simplified),470,1,1,10,0.25,0.01,0.06441,0,0.002079,False,True,True,True
Chronos (simplified),470,1,1,10,0.3536,0.01,0.09111,0,0.00294,False,True,True,True
Chronos (simplified),470,1,1,10,0.5,0.01,0.1288,0,0.004157,False,True,True,True
Chronos (simplified),470,1,1,10,0.7071,0.01,0.1822,0,0.005879,False,True,True,True
Chronos (simplified),470,1,1,10,1,0.01,0.2577,0,0.008314,False,True,True,True
Chronos (simplified),470,1,1,10,1.414,0.01,0.3644,0,0.01176,False,True,True,True
Chronos (simplified),470,1,1,10,2,0.01,0.5153,0,0.01663,False,True,True,True
Chronos (simplified),470,1,1,10,2.828,0.01,0.7288,0,0.02352,False,True,True,True
Chronos (simplified),470,1,1,10,4,0.01,1.031,0,0.03326,False,True,True,True
Chronos (simplified),470,1,1,10,5.657,0.01,1.458,0,0.04703,False,True,True,True
Chronos (simplified),470,1,1,10,8,0.01,2.061,0,0.06651,False,True,True,True
Chronos (simplified),470,1,1,10,11.31,0.01,2.915,0,0.09406,False,True,True,True
Chronos (simplified),470,1,1,10,16,0.01,4.123,1,0.133,True,True,True,True
Chronos (simplified),470,1,1,10,22.63,0.01,5.83,1,0.1881,True,True,True,True
Chronos (simplified),470,1,1,10,32,0.01,8.245,1,0.2661,True,True,True,True
Chronos (simplified),470,1,1,10,45.25,0.01,11.66,1,0.3763,True,True,True,True
Chronos (simplified),470,1,1,10,64,0.01,16.49,1,0.5321,True,False,True,True
Chronos (simplified),470,1,1,20,0.25,0.02,0.06441,0,0.003037,False,True,True,True
Chronos (simplified),470,1,1,20,0.3536,0.02,0.09111,0,0.004295,False,True,True,True
Chronos (simplified),470,1,1,20,0.5,0.02,0.1288,0,0.006074,False,True,True,True
Chronos (simplified),470,1,1,20,0.7071,0.02,0.1822,0,0.00859,False,True,True,True
Chronos (simplified),470,1,1,20,1,0.02,0.2577,0,0.01215,False,True,True,True
Chronos (simplified),470,1,1,20,1.414,0.02,0.3644,0,0.01718,False,True,True,True
Chronos (simplified),470,1,1,20,2,0.02,0.5153,0,0.0243,False,True,True,True
Chronos (simplified),470,1,1,20,2.828,0.02,0.7288,0,0.03436,False,True,True,True
Chronos (simplified),470,1,1,20,4,0.02,1.031,0,0.04859,False,True,True,True
Chronos (simplified),470,1,1,20,5.657,0.02,1.458,0,0.06872,False,True,True,True
Chronos (simplified),470,1,1,20,8,0.02,2.061,0,0.09718,False,True,True,True
Chronos (simplified),470,1,1,20,11.31,0.02,2.915,0,0.1374,False,True,True,True
Chronos (simplified),470,1,1,20,16,0.02,4.123,0.95,0.1944,True,True,True,True
Chronos (simplified),470,1,1,20,22.63,0.02,5.83,1,0.2749,True,True,True,True
Chronos (simplified),470,1,1,20,32,0.02,8.245,1,0.3887,True,True,True,True
Chronos (simplified),470,1,1,20,45.25,0.02,11.66,1,0.5497,True,False,True,True
Chronos (simplified),470,1,1,20,64,0.02,16.49,1,0.7775,True,False,True,True
Chronos (simplified),470,1,1,40,0.25,0.04,0.06441,0,0.004954,False,True,True,True
Chronos (simplified),470,1,1,40,0.3536,0.04,0.09111,0,0.007007,False,True,True,True
Chronos (simplified),470,1,1,40,0.5,0.04,0.1288,0,0.009908,False,True,True,True
Chronos (simplified),470,1,1,40,0.7071,0.04,0.1822,0,0.01401,False,True,True,True
Chronos (simplified),470,1,1,40,1,0.04,0.2577,0,0.01982,False,True,True,True
Chronos (simplified),470,1,1,40,1.414,0.04,0.3644,0,0.02802,False,True,True,True
Chronos (simplified),470,1,1,40,2,0.04,0.5153,0,0.03963,False,True,True,True
Chronos (simplified),470,1,1,40,2.828,0.04,0.7288,0,0.05605,False,True,True,True
Chronos (simplified),470,1,1,40,4,0.04,1.031,0,0.07926,False,True,True,True
Chronos (simplified),470,1,1,40,5.657,0.04,1.458,0,0.1121,False,True,True,True
Chronos (simplified),470,1,1,40,8,0.04,2.061,0,0.1585,False,True,True,True
Chronos (simplified),470,1,1,40,11.31,0.04,2.915,0,0.2242,False,True,True,True
Chronos (simplified),470,1,1,40,16,0.04,4.123,0.9,0.317,False,True,True,True
Chronos (simplified),470,1,1,40,22.63,0.04,5.83,1,0.4484,True,True,True,True
Chronos (simplified),470,1,1,40,32,0.04,8.245,1,0.6341,True,False,True,True
Chronos (simplified),470,1,1,40,45.25,0.04,11.66,1,0.8967,True,False,True,True
Chronos (simplified),470,1,1,40,64,0.04,16.49,1,1.268,True,False,False,True
Chronos (simplified),470,1,1,60,0.25,0.06,0.06441,0,0.006871,False,True,True,True
Chronos (simplified),470,1,1,60,0.3536,0.06,0.09111,0,0.009718,False,True,True,True
Chronos (simplified),470,1,1,60,0.5,0.06,0.1288,0,0.01374,False,True,True,True
Chronos (simplified),470,1,1,60,0.7071,0.06,0.1822,0,0.01943,False,True,True,True
Chronos (simplified),470,1,1,60,1,0.06,0.2577,0,0.02748,False,True,True,True
Chronos (simplified),470,1,1,60,1.414,0.06,0.3644,0,0.03887,False,True,True,True
Chronos (simplified),470,1,1,60,2,0.06,0.5153,0,0.05497,False,True,True,True
Chronos (simplified),470,1,1,60,2.828,0.06,0.7288,0,0.07773,False,True,True,True
Chronos (simplified),470,1,1,60,4,0.06,1.031,0,0.1099,False,True,True,True
Chronos (simplified),470,1,1,60,5.657,0.06,1.458,0,0.1555,False,True,True,True
Chronos (simplified),470,1,1,60,8,0.06,2.061,0,0.2199,False,True,True,True
Chronos (simplified),470,1,1,60,11.31,0.06,2.915,0,0.3109,False,True,True,True
Chronos (simplified),470,1,1,60,16,0.06,4.123,0.85,0.4397,False,True,True,True
Chronos (simplified),470,1,1,60,22.63,0.06,5.83,1,0.6219,True,False,True,True
Chronos (simplified),470,1,1,60,32,0.06,8.245,1,0.8794,True,False,True,True
Chronos (simplified),470,1,1,60,45.25,0.06,11.66,1,1.244,True,False,False,True
Chronos (simplified),470,1,1,60,64,0.06,16.49,1,1.759,True,False,False,True
Chronos (simplified),470,1,1,80,0.25,0.08,0.06441,0,0.008788,False,True,True,True
Chronos (simplified),470,1,1,80,0.3536,0.08,0.09111,0,0.01243,False,True,True,True
Chronos (simplified),470,1,1,80,0.5,0.08,0.1288,0,0.01758,False,True,True,True
Chronos (simplified),470,1,1,80,0.7071,0.08,0.1822,0,0.02485,False,True,True,True
Chronos (simplified),470,1,1,80,1,0.08,0.2577,0,0.03515,False,True,True,True
Chronos (simplified),470,1,1,80,1.414,0.08,0.3644,0,0.04971,False,True,True,True
Chronos (simplified),470,1,1,80,2,0.08,0.5153,0,0.0703,False,True,True,True
Chronos (simplified),470,1,1,80,2.828,0.08,0.7288,0,0.09942,False,True,True,True
Chronos (simplified),470,1,1,80,4,0.08,1.031,0,0.1406,False,True,True,True
Chronos (simplified),470,1,1,80,5.657,0.08,1.458,0,0.1988,False,True,True,True
Chronos (simplified),470,1,1,80,8,0.08,2.061,0,0.2812,False,True,True,True
Chronos (simplified),470,1,1,80,11.31,0.08,2.915,0,0.3977,False,True,True,True
Chronos (simplified),470,1,1,80,16,0.08,4.123,0.6,0.5624,False,False,True,True
Chronos (simplified),470,1,1,80,22.63,0.08,5.83,1,0.7954,True,False,True,True
Chronos (simplified),470,1,1,80,32,0.08,8.245,1,1.125,True,False,False,True
Chronos (simplified),470,1,1,80,45.25,0.08,11.66,1,1.591,True,False,False,True
Chronos (simplified),470,1,1,80,64,0.08,16.49,1,2.25,True,False,False,False
Chronos (simplified),470,1,1,100,0.25,0.1,0.06441,0,0.0107,False,True,True,True
Chronos (simplified),470,1,1,100,0.3536,0.1,0.09111,0,0.01514,False,True,True,True
Chronos (simplified),470,1,1,100,0.5,0.1,0.1288,0,0.02141,False,True,True,True
Chronos (simplified),470,1,1,100,0.7071,0.1,0.1822,0,0.03028,False,True,True,True
Chronos (simplified),470,1,1,100,1,0.1,0.2577,0,0.04282,False,True,True,True
Chronos (simplified),470,1,1,100,1.414,0.1,0.3644,0,0.06055,False,True,True,True
Chronos (simplified),470,1,1,100,2,0.1,0.5153,0,0.08564,False,True,True,True
Chronos (simplified),470,1,1,100,2.828,0.1,0.7288,0,0.1211,False,True,True,True
Chronos (simplified),470,1,1,100,4,0.1,1.031,0,0.1713,False,True,True,True
Chronos (simplified),470,1,1,100,5.657,0.1,1.458,0,0.2422,False,True,True,True
Chronos (simplified),470,1,1,100,8,0.1,2.061,0,0.3425,False,True,True,True
Chronos (simplified),470,1,1,100,11.31,0.1,2.915,0,0.4844,False,True,True,True
Chronos (simplified),470,1,1,100,16,0.1,4.123,1,0.6851,False,False,True,True
Chronos (simplified),470,1,1,100,22.63,0.1,5.83,1,0.9689,True,False,True,True
Chronos (simplified),470,1,1,100,32,0.1,8.245,1,1.37,True,False,False,True
Chronos (simplified),470,1,1,100,45.25,0.1,11.66,1,1.938,True,False,False,True
Chronos (simplified),470,1,1,100,64,0.1,16.49,1,2.74,True,False,False,False
Chronos (simplified),470,1,1,125,0.25,0.125,0.06441,0,0.0131,False,True,True,True
Chronos (simplified),470,1,1,125,0.3536,0.125,0.09111,0,0.01853,False,True,True,True
Chronos (simplified),470,1,1,125,0.5,0.125,0.1288,0,0.0262,False,True,True,True
Chronos (simplified),470,1,1,125,0.7071,0.125,0.1822,0,0.03705,False,True,True,True
Chronos (simplified),470,1,1,125,1,0.125,0.2577,0,0.0524,False,True,True,True
Chronos (simplified),470,1,1,125,1.414,0.125,0.3644,0,0.07411,False,True,True,True
Chronos (simplified),470,1,1,125,2,0.125,0.5153,0,0.1048,False,True,True,True
Chronos (simplified),470,1,1,125,2.828,0.125,0.7288,0,0.1482,False,True,True,True
Chronos (simplified),470,1,1,125,4,0.125,1.031,0,0.2096,False,True,True,True
Chronos (simplified),470,1,1,125,5.657,0.125,1.458,0,0.2964,False,True,True,True
Chronos (simplified),470,1,1,125,8,0.125,2.061,0,0.4192,False,True,True,True
Chronos (simplified),470,1,1,125,11.31,0.125,2.915,0,0.5929,False,False,True,True
Chronos (simplified),470,1,1,125,16,0.125,4.123,1,0.8384,False,False,True,True
Chronos (simplified),470,1,1,125,22.63,0.125,5.83,1,1.186,True,False,False,True
Chronos (simplified),470,1,1,125,32,0.125,8.245,1,1.677,True,False,False,True
Chronos (simplified),470,1,1,125,45.25,0.125,11.66,1,2.371,True,False,False,False
Chronos (simplified),470,1,1,125,64,0.125,16.49,1,3.354,True,False,False,False
Chronos (simplified),470,1,1,150,0.25,0.15,0.06441,0,0.0155,False,True,True,True
Chronos (simplified),470,1,1,150,0.3536,0.15,0.09111,0,0.02192,False,True,True,True
Chronos (simplified),470,1,1,150,0.5,0.15,0.1288,0,0.03099,False,True,True,True
Chronos (simplified),470,1,1,150,0.7071,0.15,0.1822,0,0.04383,False,True,True,True
Chronos (simplified),470,1,1,150,1,0.15,0.2577,0,0.06199,False,True,True,True
Chronos (simplified),470,1,1,150,1.414,0.15,0.3644,0,0.08766,False,True,True,True
Chronos (simplified),470,1,1,150,2,0.15,0.5153,0,0.124,False,True,True,True
Chronos (simplified),470,1,1,150,2.828,0.15,0.7288,0,0.1753,False,True,True,True
Chronos (simplified),470,1,1,150,4,0.15,1.031,0,0.2479,False,True,True,True
Chronos (simplified),470,1,1,150,5.657,0.15,1.458,0,0.3506,False,True,True,True
Chronos (simplified),470,1,1,150,8,0.15,2.061,0,0.4959,False,True,True,True
Chronos (simplified),470,1,1,150,11.31,0.15,2.915,0,0.7013,False,False,True,True
Chronos (simplified),470,1,1,150,16,0.15,4.123,0.5,0.9918,False,False,True,True
Chronos (simplified),470,1,1,150,22.63,0.15,5.83,1,1.403,True,False,False,True
Chronos (simplified),470,1,1,150,32,0.15,8.245,1,1.984,True,False,False,True
Chronos (simplified),470,1,1,150,45.25,0.15,11.66,1,2.805,True,False,False,False
Chronos (simplified),470,1,1,150,64,0.15,16.49,1,3.967,True,False,False,False
Chronos (simplified),470,1,1,200,0.25,0.2,0.06441,0,0.02029,False,True,True,True
Chronos (simplified),470,1,1,200,0.3536,0.2,0.09111,0,0.0287,False,True,True,True
Chronos (simplified),470,1,1,200,0.5,0.2,0.1288,0,0.04058,False,True,True,True
Chronos (simplified),470,1,1,200,0.7071,0.2,0.1822,0,0.05738,False,True,True,True
Chronos (simplified),470,1,1,200,1,0.2,0.2577,0,0.08115,False,True,True,True
Chronos (simplified),470,1,1,200,1.414,0.2,0.3644,0,0.1148,False,True,True,True
Chronos (simplified),470,1,1,200,2,0.2,0.5153,0,0.1623,False,True,True,True
Chronos (simplified),470,1,1,200,2.828,0.2,0.7288,0,0.2295,False,True,True,True
Chronos (simplified),470,1,1,200,4,0.2,1.031,0,0.3246,False,True,True,True
Chronos (simplified),470,1,1,200,5.657,0.2,1.458,0,0.4591,False,True,True,True
Chronos (simplified),470,1,1,200,8,0.2,2.061,0,0.6492,False,False,True,True
Chronos (simplified),470,1,1,200,11.31,0.2,2.915,0,0.9182,False,False,True,True
Chronos (simplified),470,1,1,200,16,0.2,4.123,0.05,1.298,False,False,False,True
Chronos (simplified),470,1,1,200,22.63,0.2,5.83,0.1,1.836,False,False,False,True
Chronos (simplified),470,1,1,200,32,0.2,8.245,0.25,2.597,False,False,False,False
Chronos (simplified),470,1,1,200,45.25,0.2,11.66,0.45,3.673,False,False,False,False
Chronos (simplified),470,1,1,200,64,0.2,16.49,0.6,5.194,False,False,False,False
Chronos (simplified),470,1,2,10,0.25,0.02,0.06441,0,0.004119,False,True,True,True
Chronos (simplified),470,1,2,10,0.3536,0.02,0.09111,0,0.005826,False,True,True,True
Chronos (simplified),470,1,2,10,0.5,0.02,0.1288,0,0.008238,False,True,True,True
Chronos (simplified),470,1,2,10,0.7071,0.02,0.1822,0,0.01165,False,True,True,True
Chronos (simplified),470,1,2,10,1,0.02,0.2577,0,0.01648,False,True,True,True
Chronos (simplified),470,1,2,10,1.414,0.02,0.3644,0,0.0233,False,True,True,True
Chronos (simplified),470,1,2,10,2,0.02,0.5153,0,0.03295,False,True,True,True
Chronos (simplified),470,1,2,10,2.828,0.02,0.7288,0,0.0466,False,True,True,True
Chronos (simplified),470,1,2,10,4,0.02,1.031,0,0.06591,False,True,True,True
Chronos (simplified),470,1,2,10,5.657,0.02,1.458,1,0.0932,True,True,True,True
Chronos (simplified),470,1,2,10,8,0.02,2.061,1,0.1318,True,True,True,True
Chronos (simplified),470,1,2,10,11.31,0.02,2.915,1,0.1864,True,True,True,True
Chronos (simplified),470,1,2,10,16,0.02,4.123,1,0.2636,True,True,True,True
Chronos (simplified),470,1,2,10,22.63,0.02,5.83,1,0.3728,True,True,True,True
Chronos (simplified),470,1,2,10,32,0.02,8.245,1,0.5272,True,False,True,True
Chronos (simplified),470,1,2,10,45.25,0.02,11.66,1,0.7456,True,False,True,True
Chronos (simplified),470,1,2,10,64,0.02,16.49,1,1.054,True,False,False,True
Chronos (simplified),470,1,2,20,0.25,0.04,0.06441,0,0.006036,False,True,True,True
Chronos (simplified),470,1,2,20,0.3536,0.04,0.09111,0,0.008537,False,True,True,True
Chronos (simplified),470,1,2,20,0.5,0.04,0.1288,0,0.01207,False,True,True,True
Chronos (simplified),470,1,2,20,0.7071,0.04,0.1822,0,0.01707,False,True,True,True
Chronos (simplified),470,1,2,20,1,0.04,0.2577,0,0.02414,False,True,True,True
Chronos (simplified),470,1,2,20,1.414,0.04,0.3644,0,0.03414,False,True,True,True
Chronos (simplified),470,1,2,20,2,0.04,0.5153,0,0.04829,False,True,True,True
Chronos (simplified),470,1,2,20,2.828,0.04,0.7288,0,0.06829,False,True,True,True
Chronos (simplified),470,1,2,20,4,0.04,1.031,0,0.09657,False,True,True,True
Chronos (simplified),470,1,2,20,5.657,0.04,1.458,0.9,0.1366,False,True,True,True
Chronos (simplified),470,1,2,20,8,0.04,2.061,1,0.1931,True,True,True,True
Chronos (simplified),470,1,2,20,11.31,0.04,2.915,1,0.2732,True,True,True,True
Chronos (simplified),470,1,2,20,16,0.04,4.123,1,0.3863,True,True,True,True
Chronos (simplified),470,1,2,20,22.63,0.04,5.83,1,0.5463,True,False,True,True
Chronos (simplified),470,1,2,20,32,0.04,8.245,1,0.7726,True,False,True,True
Chronos (simplified),470,1,2,20,45.25,0.04,11.66,1,1.093,True,False,False,True
Chronos (simplified),470,1,2,20,64,0.04,16.49,1,1.545,True,False,False,True
Chronos (simplified),470,1,2,40,0.25,0.08,0.06441,0,0.00987,False,True,True,True
Chronos (simplified),470,1,2,40,0.3536,0.08,0.09111,0,0.01396,False,True,True,True
Chronos (simplified),470,1,2,40,0.5,0.08,0.1288,0,0.01974,False,True,True,True
Chronos (simplified),470,1,2,40,0.7071,0.08,0.1822,0,0.02792,False,True,True,True
Chronos (simplified),470,1,2,40,1,0.08,0.2577,0,0.03948,False,True,True,True
Chronos (simplified),470,1,2,40,1.414,0.08,0.3644,0,0.05583,False,True,True,True
Chronos (simplified),470,1,2,40,2,0.08,0.5153,0,0.07896,False,True,True,True
Chronos (simplified),470,1,2,40,2.828,0.08,0.7288,0,0.1117,False,True,True,True
Chronos (simplified),470,1,2,40,4,0.08,1.031,0,0.1579,False,True,True,True
Chronos (simplified),470,1,2,40,5.657,0.08,1.458,0.85,0.2233,False,True,True,True
Chronos (simplified),470,1,2,40,8,0.08,2.061,1,0.3158,True,True,True,True
Chronos (simplified),470,1,2,40,11.31,0.08,2.915,1,0.4466,True,True,True,True
Chronos (simplified),470,1,2,40,16,0.08,4.123,1,0.6317,True,False,True,True
Chronos (simplified),470,1,2,40,22.63,0.08,5.83,1,0.8933,True,False,True,True
Chronos (simplified),470,1,2,40,32,0.08,8.245,1,1.263,True,False,False,True
Chronos (simplified),470,1,2,40,45.25,0.08,11.66,1,1.787,True,False,False,True
Chronos (simplified),470,1,2,40,64,0.08,16.49,1,2.527,True,False,False,False
Chronos (simplified),470,1,2,60,0.25,0.12,0.06441,0,0.0137,False,True,True,True
Chronos (simplified),470,1,2,60,0.3536,0.12,0.09111,0,0.01938,False,True,True,True
Chronos (simplified),470,1,2,60,0.5,0.12,0.1288,0,0.02741,False,True,True,True
Chronos (simplified),470,1,2,60,0.7071,0.12,0.1822,0,0.03876,False,True,True,True
Chronos (simplified),470,1,2,60,1,0.12,0.2577,0,0.05481,False,True,True,True
Chronos (simplified),470,1,2,60,1.414,0.12,0.3644,0,0.07752,False,True,True,True
Chronos (simplified),470,1,2,60,2,0.12,0.5153,0,0.1096,False,True,True,True
Chronos (simplified),470,1,2,60,2.828,0.12,0.7288,0,0.155,False,True,True,True
Chronos (simplified),470,1,2,60,4,0.12,1.031,0,0.2193,False,True,True,True
Chronos (simplified),470,1,2,60,5.657,0.12,1.458,0.8,0.3101,False,True,True,True
Chronos (simplified),470,1,2,60,8,0.12,2.061,1,0.4385,True,True,True,True
Chronos (simplified),470,1,2,60,11.31,0.12,2.915,1,0.6201,True,False,True,True
Chronos (simplified),470,1,2,60,16,0.12,4.123,1,0.877,True,False,True,True
Chronos (simplified),470,1,2,60,22.63,0.12,5.83,1,1.24,True,False,False,True
Chronos (simplified),470,1,2,60,32,0.12,8.245,1,1.754,True,False,False,True
Chronos (simplified),470,1,2,60,45.25,0.12,11.66,1,2.481,True,False,False,False
Chronos (simplified),470,1,2,60,64,0.12,16.49,1,3.508,True,False,False,False
Chronos (simplified),470,1,2,80,0.25,0.16,0.06441,0,0.01754,False,True,True,True
Chronos (simplified),470,1,2,80,0.3536,0.16,0.09111,0,0.0248,False,True,True,True
Chronos (simplified),470,1,2,80,0.5,0.16,0.1288,0,0.03507,False,True,True,True
Chronos (simplified),470,1,2,80,0.7071,0.16,0.1822,0,0.0496,False,True,True,True
Chronos (simplified),470,1,2,80,1,0.16,0.2577,0,0.07015,False,True,True,True
Chronos (simplified),470,1,2,80,1.414,0.16,0.3644,0,0.0992,False,True,True,True
Chronos (simplified),470,1,2,80,2,0.16,0.5153,0,0.1403,False,True,True,True
Chronos (simplified),470,1,2,80,2.828,0.16,0.7288,0,0.1984,False,True,True,True
Chronos (simplified),470,1,2,80,4,0.16,1.031,0,0.2806,False,True,True,True
Chronos (simplified),470,1,2,80,5.657,0.16,1.458,0.5,0.3968,False,True,True,True
Chronos (simplified),470,1,2,80,8,0.16,2.061,1,0.5612,True,False,True,True
Chronos (simplified),470,1,2,80,11.31,0.16,2.915,1,0.7936,True,False,True,True
Chronos (simplified),470,1,2,80,16,0.16,4.123,1,1.122,True,False,False,True
Chronos (simplified),470,1,2,80,22.63,0.16,5.83,1,1.587,True,False,False,True
Chronos (simplified),470,1,2,80,32,0.16,8.245,1,2.245,True,False,False,False
Chronos (simplified),470,1,2,80,45.25,0.16,11.66,1,3.175,True,False,False,False
Chronos (simplified),470,1,2,80,64,0.16,16.49,1,4.489,True,False,False,False
Chronos (simplified),470,1,2,100,0.25,0.2,0.06441,0,0.02137,False,True,True,True
Chronos (simplified),470,1,2,100,0.3536,0.2,0.09111,0,0.03023,False,True,True,True
Chronos (simplified),470,1,2,100,0.5,0.2,0.1288,0,0.04274,False,True,True,True
Chronos (simplified),470,1,2,100,0.7071,0.2,0.1822,0,0.06045,False,True,True,True
Chronos (simplified),470,1,2,100,1,0.2,0.2577,0,0.08548,False,True,True,True
Chronos (simplified),470,1,2,100,1.414,0.2,0.3644,0,0.1209,False,True,True,True
Chronos (simplified),470,1,2,100,2,0.2,0.5153,0,0.171,False,True,True,True
Chronos (simplified),470,1,2,100,2.828,0.2,0.7288,0,0.2418,False,True,True,True
Chronos (simplified),470,1,2,100,4,0.2,1.031,0,0.3419,False,True,True,True
Chronos (simplified),470,1,2,100,5.657,0.2,1.458,1,0.4836,False,True,True,True
Chronos (simplified),470,1,2,100,8,0.2,2.061,1,0.6839,True,False,True,True
Chronos (simplified),470,1,2,100,11.31,0.2,2.915,1,0.9671,True,False,True,True
Chronos (simplified),470,1,2,100,16,0.2,4.123,1,1.368,True,False,False,True
Chronos (simplified),470,1,2,100,22.63,0.2,5.83,1,1.934,True,False,False,True
Chronos (simplified),470,1,2,100,32,0.2,8.245,1,2.735,True,False,False,False
Chronos (simplified),470,1,2,100,45.25,0.2,11.66,1,3.869,True,False,False,False
Chronos (simplified),470,1,2,100,64,0.2,16.49,1,5.471,True,False,False,False
Chronos (simplified),470,1,2,125,0.25,0.25,0.06441,0,0.02616,False,True,True,True
Chronos (simplified),470,1,2,125,0.3536,0.25,0.09111,0,0.037,False,True,True,True
Chronos (simplified),470,1,2,125,0.5,0.25,0.1288,0,0.05233,False,True,True,True
Chronos (simplified),470,1,2,125,0.7071,0.25,0.1822,0,0.074,False,True,True,True
Chronos (simplified),470,1,2,125,1,0.25,0.2577,0,0.1047,False,True,True,True
Chronos (simplified),470,1,2,125,1.414,0.25,0.3644,0,0.148,False,True,True,True
Chronos (simplified),470,1,2,125,2,0.25,0.5153,0,0.2093,False,True,True,True
Chronos (simplified),470,1,2,125,2.828,0.25,0.7288,0,0.296,False,True,True,True
Chronos (simplified),470,1,2,125,4,0.25,1.031,0.6,0.4186,False,True,True,True
Chronos (simplified),470,1,2,125,5.657,0.25,1.458,1,0.592,False,False,True,True
Chronos (simplified),470,1,2,125,8,0.25,2.061,1,0.8372,True,False,True,True
Chronos (simplified),470,1,2,125,11.31,0.25,2.915,1,1.184,True,False,False,True
Chronos (simplified),470,1,2,125,16,0.25,4.123,1,1.674,True,False,False,True
Chronos (simplified),470,1,2,125,22.63,0.25,5.83,1,2.368,True,False,False,False
Chronos (simplified),470,1,2,125,32,0.25,8.245,1,3.349,True,False,False,False
Chronos (simplified),470,1,2,125,45.25,0.25,11.66,1,4.736,True,False,False,False
Chronos (simplified),470,1,2,125,64,0.25,16.49,1,6.698,True,False,False,False
Chronos (simplified),470,1,2,150,0.25,0.3,0.06441,0,0.03096,False,True,True,True
Chronos (simplified),470,1,2,150,0.3536,0.3,0.09111,0,0.04378,False,True,True,True
Chronos (simplified),470,1,2,150,0.5,0.3,0.1288,0,0.06191,False,True,True,True
Chronos (simplified),470,1,2,150,0.7071,0.3,0.1822,0,0.08755,False,True,True,True
Chronos (simplified),470,1,2,150,1,0.3,0.2577,0,0.1238,False,True,True,True
Chronos (simplified),470,1,2,150,1.414,0.3,0.3644,0,0.1751,False,True,True,True
Chronos (simplified),470,1,2,150,2,0.3,0.5153,0,0.2476,False,True,True,True
Chronos (simplified),470,1,2,150,2.828,0.3,0.7288,0,0.3502,False,True,True,True
Chronos (simplified),470,1,2,150,4,0.3,1.031,0,0.4953,False,True,True,True
Chronos (simplified),470,1,2,150,5.657,0.3,1.458,0.5,0.7004,False,False,True,True
Chronos (simplified),470,1,2,150,8,0.3,2.061,0.95,0.9906,True,False,True,True
Chronos (simplified),470,1,2,150,11.31,0.3,2.915,1,1.401,True,False,False,True
Chronos (simplified),470,1,2,150,16,0.3,4.123,1,1.981,True,False,False,True
Chronos (simplified),470,1,2,150,22.63,0.3,5.83,1,2.802,True,False,False,False
Chronos (simplified),470,1,2,150,32,0.3,8.245,1,3.962,True,False,False,False
Chronos (simplified),470,1,2,150,45.25,0.3,11.66,1,5.603,True,False,False,False
Chronos (simplified),470,1,2,150,64,0.3,16.49,1,7.925,True,False,False,False
Chronos (simplified),470,1,2,200,0.25,0.4,0.06441,0,0.04054,False,True,True,True
Chronos (simplified),470,1,2,200,0.3536,0.4,0.09111,0,0.05734,False,True,True,True
Chronos (simplified),470,1,2,200,0.5,0.4,0.1288,0,0.08108,False,True,True,True
Chronos (simplified),470,1,2,200,0.7071,0.4,0.1822,0,0.1147,False,True,True,True
Chronos (simplified),470,1,2,200,1,0.4,0.2577,0,0.1622,False,True,True,True
Chronos (simplified),470,1,2,200,1.414,0.4,0.3644,0,0.2293,False,True,True,True
Chronos (simplified),470,1,2,200,2,0.4,0.5153,0,0.3243,False,True,True,True
Chronos (simplified),470,1,2,200,2.828,0.4,0.7288,0,0.4586,False,True,True,True
Chronos (simplified),470,1,2,200,4,0.4,1.031,0,0.6486,False,False,True,True
Chronos (simplified),470,1,2,200,5.657,0.4,1.458,0.05,0.9173,False,False,True,True
Chronos (simplified),470,1,2,200,8,0.4,2.061,0.1,1.297,False,False,False,True
Chronos (simplified),470,1,2,200,11.31,0.4,2.915,0.25,1.835,False,False,False,True
Chronos (simplified),470,1,2,200,16,0.4,4.123,0.35,2.595,False,False,False,False
Chronos (simplified),470,1,2,200,22.63,0.4,5.83,0.45,3.669,False,False,False,False
Chronos (simplified),470,1,2,200,32,0.4,8.245,0.55,5.189,False,False,False,False
Chronos (simplified),470,1,2,200,45.25,0.4,11.66,0.6,7.338,False,False,False,False
Chronos (simplified),470,1,2,200,64,0.4,16.49,0.65,10.38,False,False,False,False
Chronos (simplified),470,1,5,10,0.25,0.05,0.06441,0,0.01004,False,True,True,True
Chronos (simplified),470,1,5,10,0.3536,0.05,0.09111,0,0.0142,False,True,True,True
Chronos (simplified),470,1,5,10,0.5,0.05,0.1288,0,0.02008,False,True,True,True
Chronos (simplified),470,1,5,10,0.7071,0.05,0.1822,0,0.0284,False,True,True,True
Chronos (simplified),470,1,5,10,1,0.05,0.2577,0,0.04017,False,True,True,True
Chronos (simplified),470,1,5,10,1.414,0.05,0.3644,0,0.05681,False,True,True,True
Chronos (simplified),470,1,5,10,2,0.05,0.5153,0.1,0.08034,False,True,True,True
Chronos (simplified),470,1,5,10,2.828,0.05,0.7288,0.5,0.1136,False,True,True,True
Chronos (simplified),470,1,5,10,4,0.05,1.031,0.75,0.1607,False,True,True,True
Chronos (simplified),470,1,5,10,5.657,0.05,1.458,1,0.2272,True,True,True,True
Chronos (simplified),470,1,5,10,8,0.05,2.061,1,0.3213,True,True,True,True
Chronos (simplified),470,1,5,10,11.31,0.05,2.915,1,0.4545,True,True,True,True
Chronos (simplified),470,1,5,10,16,0.05,4.123,1,0.6427,True,False,True,True
Chronos (simplified),470,1,5,10,22.63,0.05,5.83,1,0.9089,True,False,True,True
Chronos (simplified),470,1,5,10,32,0.05,8.245,1,1.285,True,False,False,True
Chronos (simplified),470,1,5,10,45.25,0.05,11.66,1,1.818,True,False,False,True
Chronos (simplified),470,1,5,10,64,0.05,16.49,1,2.571,True,False,False,False
Chronos (simplified),470,1,5,20,0.25,0.1,0.06441,0,0.01483,False,True,True,True
Chronos (simplified),470,1,5,20,0.3536,0.1,0.09111,0,0.02098,False,True,True,True
Chronos (simplified),470,1,5,20,0.5,0.1,0.1288,0,0.02967,False,True,True,True
Chronos (simplified),470,1,5,20,0.7071,0.1,0.1822,0,0.04196,False,True,True,True
Chronos (simplified),470,1,5,20,1,0.1,0.2577,0,0.05934,False,True,True,True
Chronos (simplified),470,1,5,20,1.414,0.1,0.3644,0,0.08391,False,True,True,True
Chronos (simplified),470,1,5,20,2,0.1,0.5153,0.1,0.1187,False,True,True,True
Chronos (simplified),470,1,5,20,2.828,0.1,0.7288,0.45,0.1678,False,True,True,True
Chronos (simplified),470,1,5,20,4,0.1,1.031,0.65,0.2373,False,True,True,True
Chronos (simplified),470,1,5,20,5.657,0.1,1.458,0.85,0.3357,False,True,True,True
Chronos (simplified),470,1,5,20,8,0.1,2.061,1,0.4747,True,True,True,True
Chronos (simplified),470,1,5,20,11.31,0.1,2.915,1,0.6713,True,False,True,True
Chronos (simplified),470,1,5,20,16,0.1,4.123,1,0.9494,True,False,True,True
Chronos (simplified),470,1,5,20,22.63,0.1,5.83,1,1.343,True,False,False,True
Chronos (simplified),470,1,5,20,32,0.1,8.245,1,1.899,True,False,False,True
Chronos (simplified),470,1,5,20,45.25,0.1,11.66,1,2.685,True,False,False,False
Chronos (simplified),470,1,5,20,64,0.1,16.49,1,3.798,True,False,False,False
Chronos (simplified),470,1,5,40,0.25,0.2,0.06441,0,0.02442,False,True,True,True
Chronos (simplified),470,1,5,40,0.3536,0.2,0.09111,0,0.03454,False,True,True,True
Chronos (simplified),470,1,5,40,0.5,0.2,0.1288,0,0.04884,False,True,True,True
Chronos (simplified),470,1,5,40,0.7071,0.2,0.1822,0,0.06907,False,True,True,True
Chronos (simplified),470,1,5,40,1,0.2,0.2577,0,0.09767,False,True,True,True
Chronos (simplified),470,1,5,40,1.414,0.2,0.3644,0,0.1381,False,True,True,True
Chronos (simplified),470,1,5,40,2,0.2,0.5153,0.1,0.1953,False,True,True,True
Chronos (simplified),470,1,5,40,2.828,0.2,0.7288,0.45,0.2763,False,True,True,True
Chronos (simplified),470,1,5,40,4,0.2,1.031,0.65,0.3907,False,True,True,True
Chronos (simplified),470,1,5,40,5.657,0.2,1.458,0.8,0.5525,False,False,True,True
Chronos (simplified),470,1,5,40,8,0.2,2.061,0.95,0.7814,True,False,True,True
Chronos (simplified),470,1,5,40,11.31,0.2,2.915,1,1.105,True,False,False,True
Chronos (simplified),470,1,5,40,16,0.2,4.123,1,1.563,True,False,False,True
Chronos (simplified),470,1,5,40,22.63,0.2,5.83,1,2.21,True,False,False,False
Chronos (simplified),470,1,5,40,32,0.2,8.245,1,3.126,True,False,False,False
Chronos (simplified),470,1,5,40,45.25,0.2,11.66,1,4.42,True,False,False,False
Chronos (simplified),470,1,5,40,64,0.2,16.49,1,6.251,True,False,False,False
Chronos (simplified),470,1,5,60,0.25,0.3,0.06441,0,0.034,False,True,True,True
Chronos (simplified),470,1,5,60,0.3536,0.3,0.09111,0,0.04809,False,True,True,True
Chronos (simplified),470,1,5,60,0.5,0.3,0.1288,0,0.06801,False,True,True,True
Chronos (simplified),470,1,5,60,0.7071,0.3,0.1822,0,0.09617,False,True,True,True
Chronos (simplified),470,1,5,60,1,0.3,0.2577,0,0.136,False,True,True,True
Chronos (simplified),470,1,5,60,1.414,0.3,0.3644,0,0.1923,False,True,True,True
Chronos (simplified),470,1,5,60,2,0.3,0.5153,0.05,0.272,False,True,True,True
Chronos (simplified),470,1,5,60,2.828,0.3,0.7288,0.4,0.3847,False,True,True,True
Chronos (simplified),470,1,5,60,4,0.3,1.031,0.6,0.544,False,False,True,True
Chronos (simplified),470,1,5,60,5.657,0.3,1.458,0.7,0.7694,False,False,True,True
Chronos (simplified),470,1,5,60,8,0.3,2.061,0.85,1.088,False,False,False,True
Chronos (simplified),470,1,5,60,11.31,0.3,2.915,1,1.539,True,False,False,True
Chronos (simplified),470,1,5,60,16,0.3,4.123,1,2.176,True,False,False,False
Chronos (simplified),470,1,5,60,22.63,0.3,5.83,1,3.078,True,False,False,False
Chronos (simplified),470,1,5,60,32,0.3,8.245,1,4.352,True,False,False,False
Chronos (simplified),470,1,5,60,45.25,0.3,11.66,1,6.155,True,False,False,False
Chronos (simplified),470,1,5,60,64,0.3,16.49,1,8.705,True,False,False,False
Chronos (simplified),470,1,5,80,0.25,0.4,0.06441,0,0.04359,False,True,True,True
Chronos (simplified),470,1,5,80,0.3536,0.4,0.09111,0,0.06165,False,True,True,True
Chronos (simplified),470,1,5,80,0.5,0.4,0.1288,0,0.08717,False,True,True,True
Chronos (simplified),470,1,5,80,0.7071,0.4,0.1822,0,0.1233,False,True,True,True
Chronos (simplified),470,1,5,80,1,0.4,0.2577,0,0.1743,False,True,True,True
Chronos (simplified),470,1,5,80,1.414,0.4,0.3644,0,0.2466,False,True,True,True
Chronos (simplified),470,1,5,80,2,0.4,0.5153,0.05,0.3487,False,True,True,True
Chronos (simplified),470,1,5,80,2.828,0.4,0.7288,0.15,0.4931,False,True,True,True
Chronos (simplified),470,1,5,80,4,0.4,1.031,0.35,0.6974,False,False,True,True
Chronos (simplified),470,1,5,80,5.657,0.4,1.458,0.5,0.9863,False,False,True,True
Chronos (simplified),470,1,5,80,8,0.4,2.061,0.6,1.395,False,False,False,True
Chronos (simplified),470,1,5,80,11.31,0.4,2.915,0.8,1.973,False,False,False,True
Chronos (simplified),470,1,5,80,16,0.4,4.123,1,2.79,True,False,False,False
Chronos (simplified),470,1,5,80,22.63,0.4,5.83,1,3.945,True,False,False,False
Chronos (simplified),470,1,5,80,32,0.4,8.245,1,5.579,True,False,False,False
Chronos (simplified),470,1,5,80,45.25,0.4,11.66,1,7.89,True,False,False,False
Chronos (simplified),470,1,5,80,64,0.4,16.49,1,11.16,True,False,False,False
Chronos (simplified),470,1,5,100,0.25,0.5,0.06441,0,0.05317,False,True,True,True
Chronos (simplified),470,1,5,100,0.3536,0.5,0.09111,0,0.07521,False,True,True,True
Chronos (simplified),470,1,5,100,0.5,0.5,0.1288,0,0.1063,False,True,True,True
Chronos (simplified),470,1,5,100,0.7071,0.5,0.1822,0,0.1504,False,True,True,True
Chronos (simplified),470,1,5,100,1,0.5,0.2577,0,0.2127,False,True,True,True
Chronos (simplified),470,1,5,100,1.414,0.5,0.3644,0,0.3008,False,True,True,True
Chronos (simplified),470,1,5,100,2,0.5,0.5153,0.05,0.4254,False,True,True,True
Chronos (simplified),470,1,5,100,2.828,0.5,0.7288,0.05,0.6016,False,False,True,True
Chronos (simplified),470,1,5,100,4,0.5,1.031,0.2,0.8507,False,False,True,True
Chronos (simplified),470,1,5,100,5.657,0.5,1.458,0.45,1.203,False,False,False,True
Chronos (simplified),470,1,5,100,8,0.5,2.061,0.55,1.701,False,False,False,True
Chronos (simplified),470,1,5,100,11.31,0.5,2.915,0.65,2.406,False,False,False,False
Chronos (simplified),470,1,5,100,16,0.5,4.123,0.9,3.403,False,False,False,False
Chronos (simplified),470,1,5,100,22.63,0.5,5.83,1,4.813,True,False,False,False
Chronos (simplified),470,1,5,100,32,0.5,8.245,1,6.806,True,False,False,False
Chronos (simplified),470,1,5,100,45.25,0.5,11.66,1,9.625,True,False,False,False
Chronos (simplified),470,1,5,100,64,0.5,16.49,1,13.61,True,False,False,False
Chronos (simplified),470,1,5,125,0.25,0.625,0.06441,0,0.06515,False,True,True,True
Chronos (simplified),470,1,5,125,0.3536,0.625,0.09111,0,0.09215,False,True,True,True
Chronos (simplified),470,1,5,125,0.5,0.625,0.1288,0,0.1303,False,True,True,True
Chronos (simplified),470,1,5,125,0.7071,0.625,0.1822,0,0.1843,False,True,True,True
Chronos (simplified),470,1,5,125,1,0.625,0.2577,0,0.2606,False,True,True,True
Chronos (simplified),470,1,5,125,1.414,0.625,0.3644,0,0.3686,False,True,True,True
Chronos (simplified),470,1,5,125,2,0.625,0.5153,0.25,0.5212,False,False,True,True
Chronos (simplified),470,1,5,125,2.828,0.625,0.7288,0.55,0.7371,False,False,True,True
Chronos (simplified),470,1,5,125,4,0.625,1.031,0.05,1.042,False,False,False,True
Chronos (simplified),470,1,5,125,5.657,0.625,1.458,0.75,1.474,False,False,False,True
Chronos (simplified),470,1,5,125,8,0.625,2.061,0.25,2.085,False,False,False,False
Chronos (simplified),470,1,5,125,11.31,0.625,2.915,1,2.948,False,False,False,False
Chronos (simplified),470,1,5,125,16,0.625,4.123,1,4.17,False,False,False,False
Chronos (simplified),470,1,5,125,22.63,0.625,5.83,1,5.897,True,False,False,False
Chronos (simplified),470,1,5,125,32,0.625,8.245,1,8.339,True,False,False,False
Chronos (simplified),470,1,5,125,45.25,0.625,11.66,1,11.79,True,False,False,False
Chronos (simplified),470,1,5,125,64,0.625,16.49,1,16.68,True,False,False,False
Chronos (simplified),470,1,5,150,0.25,0.75,0.06441,0,0.07713,False,True,True,True
Chronos (simplified),470,1,5,150,0.3536,0.75,0.09111,0,0.1091,False,True,True,True
Chronos (simplified),470,1,5,150,0.5,0.75,0.1288,0,0.1543,False,True,True,True
Chronos (simplified),470,1,5,150,0.7071,0.75,0.1822,0,0.2182,False,True,True,True
Chronos (simplified),470,1,5,150,1,0.75,0.2577,0,0.3085,False,True,True,True
Chronos (simplified),470,1,5,150,1.414,0.75,0.3644,0,0.4363,False,True,True,True
Chronos (simplified),470,1,5,150,2,0.75,0.5153,0.05,0.6171,False,False,True,True
Chronos (simplified),470,1,5,150,2.828,0.75,0.7288,0.2,0.8726,False,False,True,True
Chronos (simplified),470,1,5,150,4,0.75,1.031,0.35,1.234,False,False,False,True
Chronos (simplified),470,1,5,150,5.657,0.75,1.458,0.4,1.745,False,False,False,True
Chronos (simplified),470,1,5,150,8,0.75,2.061,0.45,2.468,False,False,False,False
Chronos (simplified),470,1,5,150,11.31,0.75,2.915,0.05,3.491,False,False,False,False
Chronos (simplified),470,1,5,150,16,0.75,4.123,0.05,4.936,False,False,False,False
Chronos (simplified),470,1,5,150,22.63,0.75,5.83,0.05,6.981,False,False,False,False
Chronos (simplified),470,1,5,150,32,0.75,8.245,0.05,9.873,False,False,False,False
Chronos (simplified),470,1,5,150,45.25,0.75,11.66,0.05,13.96,False,False,False,False
Chronos (simplified),470,1,5,150,64,0.75,16.49,0.05,19.75,False,False,False,False
Chronos (simplified),470,1,10,10,0.25,0.1,0.06441,0,0.01912,False,True,True,True
Chronos (simplified),470,1,10,10,0.3536,0.1,0.09111,0,0.02704,False,True,True,True
Chronos (simplified),470,1,10,10,0.5,0.1,0.1288,0,0.03823,False,True,True,True
Chronos (simplified),470,1,10,10,0.7071,0.1,0.1822,0,0.05407,False,True,True,True
Chronos (simplified),470,1,10,10,1,0.1,0.2577,0,0.07647,False,True,True,True
Chronos (simplified),470,1,10,10,1.414,0.1,0.3644,0,0.1081,False,True,True,True
Chronos (simplified),470,1,10,10,2,0.1,0.5153,0.05,0.1529,False,True,True,True
Chronos (simplified),470,1,10,10,2.828,0.1,0.7288,0.2,0.2163,False,True,True,True
Chronos (simplified),470,1,10,10,4,0.1,1.031,0.3,0.3059,False,True,True,True
Chronos (simplified),470,1,10,10,5.657,0.1,1.458,0.35,0.4326,False,True,True,True
Chronos (simplified),470,1,10,10,8,0.1,2.061,0.7,0.6117,False,False,True,True
Chronos (simplified),470,1,10,10,11.31,0.1,2.915,0.95,0.8651,True,False,True,True
Chronos (simplified),470,1,10,10,16,0.1,4.123,0.9,1.223,False,False,False,True
Chronos (simplified),470,1,10,10,22.63,0.1,5.83,0.9,1.73,False,False,False,True
Chronos (simplified),470,1,10,10,32,0.1,8.245,0.9,2.447,False,False,False,False
Chronos (simplified),470,1,10,10,45.25,0.1,11.66,0.9,3.46,False,False,False,False
Chronos (simplified),470,1,10,10,64,0.1,16.49,0.9,4.894,False,False,False,False
Chronos (simplified),470,1,10,20,0.25,0.2,0.06441,0,0.0287,False,True,True,True
Chronos (simplified),470,1,10,20,0.3536,0.2,0.09111,0,0.04059,False,True,True,True
Chronos (simplified),470,1,10,20,0.5,0.2,0.1288,0,0.0574,False,True,True,True
Chronos (simplified),470,1,10,20,0.7071,0.2,0.1822,0,0.08118,False,True,True,True
Chronos (simplified),470,1,10,20,1,0.2,0.2577,0,0.1148,False,True,True,True
Chronos (simplified),470,1,10,20,1.414,0.2,0.3644,0,0.1624,False,True,True,True
Chronos (simplified),470,1,10,20,2,0.2,0.5153,0.05,0.2296,False,True,True,True
Chronos (simplified),470,1,10,20,2.828,0.2,0.7288,0.2,0.3247,False,True,True,True
Chronos (simplified),470,1,10,20,4,0.2,1.031,0.3,0.4592,False,True,True,True
Chronos (simplified),470,1,10,20,5.657,0.2,1.458,0.35,0.6494,False,False,True,True
Chronos (simplified),470,1,10,20,8,0.2,2.061,0.5,0.9184,False,False,True,True
Chronos (simplified),470,1,10,20,11.31,0.2,2.915,0.95,1.299,True,False,False,True
Chronos (simplified),470,1,10,20,16,0.2,4.123,0.9,1.837,False,False,False,True
Chronos (simplified),470,1,10,20,22.63,0.2,5.83,0.9,2.598,False,False,False,False
Chronos (simplified),470,1,10,20,32,0.2,8.245,0.9,3.674,False,False,False,False
Chronos (simplified),470,1,10,20,45.25,0.2,11.66,0.9,5.195,False,False,False,False
Chronos (simplified),470,1,10,20,64,0.2,16.49,0.9,7.347,False,False,False,False
Chronos (simplified),470,1,10,40,0.25,0.4,0.06441,0,0.04787,False,True,True,True
Chronos (simplified),470,1,10,40,0.3536,0.4,0.09111,0,0.06771,False,True,True,True
Chronos (simplified),470,1,10,40,0.5,0.4,0.1288,0,0.09574,False,True,True,True
Chronos (simplified),470,1,10,40,0.7071,0.4,0.1822,0,0.1354,False,True,True,True
Chronos (simplified),470,1,10,40,1,0.4,0.2577,0,0.1915,False,True,True,True
Chronos (simplified),470,1,10,40,1.414,0.4,0.3644,0,0.2708,False,True,True,True
Chronos (simplified),470,1,10,40,2,0.4,0.5153,0.05,0.383,False,True,True,True
Chronos (simplified),470,1,10,40,2.828,0.4,0.7288,0.2,0.5416,False,False,True,True
Chronos (simplified),470,1,10,40,4,0.4,1.031,0.3,0.7659,False,False,True,True
Chronos (simplified),470,1,10,40,5.657,0.4,1.458,0.3,1.083,False,False,False,True
Chronos (simplified),470,1,10,40,8,0.4,2.061,0.45,1.532,False,False,False,True
Chronos (simplified),470,1,10,40,11.31,0.4,2.915,0.95,2.166,True,False,False,False
Chronos (simplified),470,1,10,40,16,0.4,4.123,0.95,3.064,False,False,False,False
Chronos (simplified),470,1,10,40,22.63,0.4,5.83,0.9,4.333,False,False,False,False
Chronos (simplified),470,1,10,40,32,0.4,8.245,0.9,6.127,False,False,False,False
Chronos (simplified),470,1,10,40,45.25,0.4,11.66,0.9,8.665,False,False,False,False
Chronos (simplified),470,1,10,40,64,0.4,16.49,0.9,12.25,False,False,False,False
Chronos (simplified),470,1,10,60,0.25,0.6,0.06441,0,0.06704,False,True,True,True
Chronos (simplified),470,1,10,60,0.3536,0.6,0.09111,0,0.09482,False,True,True,True
Chronos (simplified),470,1,10,60,0.5,0.6,0.1288,0,0.1341,False,True,True,True
Chronos (simplified),470,1,10,60,0.7071,0.6,0.1822,0,0.1896,False,True,True,True
Chronos (simplified),470,1,10,60,1,0.6,0.2577,0,0.2682,False,True,True,True
Chronos (simplified),470,1,10,60,1.414,0.6,0.3644,0,0.3792,False,True,True,True
Chronos (simplified),470,1,10,60,2,0.6,0.5153,0.05,0.5363,False,False,True,True
Chronos (simplified),470,1,10,60,2.828,0.6,0.7288,0.05,0.7584,False,False,True,True
Chronos (simplified),470,1,10,60,4,0.6,1.031,0.15,1.073,False,False,False,True
Chronos (simplified),470,1,10,60,5.657,0.6,1.458,0.2,1.517,False,False,False,True
Chronos (simplified),470,1,10,60,8,0.6,2.061,0.25,2.145,False,False,False,False
Chronos (simplified),470,1,10,60,11.31,0.6,2.915,0.35,3.034,False,False,False,False
Chronos (simplified),470,1,10,60,16,0.6,4.123,0.95,4.29,False,False,False,False
Chronos (simplified),470,1,10,60,22.63,0.6,5.83,0.95,6.068,False,False,False,False
Chronos (simplified),470,1,10,60,32,0.6,8.245,0.95,8.581,False,False,False,False
Chronos (simplified),470,1,10,60,45.25,0.6,11.66,0.95,12.14,False,False,False,False
Chronos (simplified),470,1,10,60,64,0.6,16.49,0.95,17.16,False,False,False,False
Chronos (simplified),470,1,10,80,0.25,0.8,0.06441,0,0.08621,False,True,True,True
Chronos (simplified),470,1,10,80,0.3536,0.8,0.09111,0,0.1219,False,True,True,True
Chronos (simplified),470,1,10,80,0.5,0.8,0.1288,0,0.1724,False,True,True,True
Chronos (simplified),470,1,10,80,0.7071,0.8,0.1822,0,0.2438,False,True,True,True
Chronos (simplified),470,1,10,80,1,0.8,0.2577,0,0.3448,False,True,True,True
Chronos (simplified),470,1,10,80,1.414,0.8,0.3644,0,0.4877,False,True,True,True
Chronos (simplified),470,1,10,80,2,0.8,0.5153,0.05,0.6897,False,False,True,True
Chronos (simplified),470,1,10,80,2.828,0.8,0.7288,0.05,0.9753,False,False,True,True
Chronos (simplified),470,1,10,80,4,0.8,1.031,0.05,1.379,False,False,False,True
Chronos (simplified),470,1,10,80,5.657,0.8,1.458,0.05,1.951,False,False,False,True
Chronos (simplified),470,1,10,80,8,0.8,2.061,0.05,2.759,False,False,False,False
Chronos (simplified),470,1,10,80,11.31,0.8,2.915,0.1,3.901,False,False,False,False
Chronos (simplified),470,1,10,80,16,0.8,4.123,0.15,5.517,False,False,False,False
Chronos (simplified),470,1,10,80,22.63,0.8,5.83,0.2,7.803,False,False,False,False
Chronos (simplified),470,1,10,80,32,0.8,8.245,0.35,11.03,False,False,False,False
Chronos (simplified),470,1,10,80,45.25,0.8,11.66,0.95,15.61,False,False,False,False
Chronos (simplified),470,1,10,80,64,0.8,16.49,0.95,22.07,False,False,False,False
ChrimsonR (simplified),590,1,0.5,10,0.25,0.005,0.1221,0,0.0006619,False,True,True,True
ChrimsonR (simplified),590,1,0.5,10,0.3536,0.005,0.1727,0,0.0009362,False,True,True,True
ChrimsonR (simplified),590,1,0.5,10,0.5,0.005,0.2442,0,0.001324,False,True,True,True
ChrimsonR (simplified),590,1,0.5,10,0.7071,0.005,0.3454,0,0.001872,False,True,True,True
ChrimsonR (simplified),590,1,0.5,10,1,0.005,0.4885,0,0.002648,False,True,True,True
ChrimsonR (simplified),590,1,0.5,10,1.414,0.005,0.6908,0,0.003744,False,True,True,True
ChrimsonR (simplified),590,1,0.5,10,2,0.005,0.977,0,0.005295,False,True,True,True
ChrimsonR (simplified),590,1,0.5,10,2.828,0.005,1.382,0,0.007489,False,True,True,True
ChrimsonR (simplified),590,1,0.5,10,4,0.005,1.954,0,0.01059,False,True,True,True
ChrimsonR (simplified),590,1,0.5,10,5.657,0.005,2.763,0,0.01498,False,True,True,True
ChrimsonR (simplified),590,1,0.5,10,8,0.005,3.908,0,0.02118,False,True,True,True
ChrimsonR (simplified),590,1,0.5,10,11.31,0.005,5.527,0,0.02996,False,True,True,True
ChrimsonR (simplified),590,1,0.5,10,16,0.005,7.816,0,0.04236,False,True,True,True
ChrimsonR (simplified),590,1,0.5,10,22.63,0.005,11.05,0.3,0.05991,False,True,True,True
ChrimsonR (simplified),590,1,0.5,10,32,0.005,15.63,0.6,0.08473,False,True,True,True
ChrimsonR (simplified),590,1,0.5,10,45.25,0.005,22.11,0.85,0.1198,False,True,True,True
ChrimsonR (simplified),590,1,0.5,20,0.25,0.01,0.1221,0,0.0009878,False,True,True,True
ChrimsonR (simplified),590,1,0.5,20,0.3536,0.01,0.1727,0,0.001397,False,True,True,True
ChrimsonR (simplified),590,1,0.5,20,0.5,0.01,0.2442,0,0.001976,False,True,True,True
ChrimsonR (simplified),590,1,0.5,20,0.7071,0.01,0.3454,0,0.002794,False,True,True,True
ChrimsonR (simplified),590,1,0.5,20,1,0.01,0.4885,0,0.003951,False,True,True,True
ChrimsonR (simplified),590,1,0.5,20,1.414,0.01,0.6908,0,0.005588,False,True,True,True
ChrimsonR (simplified),590,1,0.5,20,2,0.01,0.977,0,0.007903,False,True,True,True
ChrimsonR (simplified),590,1,0.5,20,2.828,0.01,1.382,0,0.01118,False,True,True,True
ChrimsonR (simplified),590,1,0.5,20,4,0.01,1.954,0,0.01581,False,True,True,True
ChrimsonR (simplified),590,1,0.5,20,5.657,0.01,2.763,0,0.02235,False,True,True,True
ChrimsonR (simplified),590,1,0.5,20,8,0.01,3.908,0,0.03161,False,True,True,True
ChrimsonR (simplified),590,1,0.5,20,11.31,0.01,5.527,0,0.0447,False,True,True,True
ChrimsonR (simplified),590,1,0.5,20,16,0.01,7.816,0,0.06322,False,True,True,True
ChrimsonR (simplified),590,1,0.5,20,22.63,0.01,11.05,0.25,0.08941,False,True,True,True
ChrimsonR (simplified),590,1,0.5,20,32,0.01,15.63,0.5,0.1264,False,True,True,True
ChrimsonR (simplified),590,1,0.5,20,45.25,0.01,22.11,0.7,0.1788,False,True,True,True
ChrimsonR (simplified),590,1,0.5,40,0.25,0.02,0.1221,0,0.00164,False,True,True,True
ChrimsonR (simplified),590,1,0.5,40,0.3536,0.02,0.1727,0,0.002319,False,True,True,True
ChrimsonR (simplified),590,1,0.5,40,0.5,0.02,0.2442,0,0.003279,False,True,True,True
ChrimsonR (simplified),590,1,0.5,40,0.7071,0.02,0.3454,0,0.004637,False,True,True,True
ChrimsonR (simplified),590,1,0.5,40,1,0.02,0.4885,0,0.006558,False,True,True,True
ChrimsonR (simplified),590,1,0.5,40,1.414,0.02,0.6908,0,0.009275,False,True,True,True
ChrimsonR (simplified),590,1,0.5,40,2,0.02,0.977,0,0.01312,False,True,True,True
ChrimsonR (simplified),590,1,0.5,40,2.828,0.02,1.382,0,0.01855,False,True,True,True
ChrimsonR (simplified),590,1,0.5,40,4,0.02,1.954,0,0.02623,False,True,True,True
ChrimsonR (simplified),590,1,0.5,40,5.657,0.02,2.763,0,0.0371,False,True,True,True
ChrimsonR (simplified),590,1,0.5,40,8,0.02,3.908,0,0.05247,False,True,True,True
ChrimsonR (simplified),590,1,0.5,40,11.31,0.02,5.527,0,0.0742,False,True,True,True
ChrimsonR (simplified),590,1,0.5,40,16,0.02,7.816,0,0.1049,False,True,True,True
ChrimsonR (simplified),590,1,0.5,40,22.63,0.02,11.05,0.15,0.1484,False,True,True,True
ChrimsonR (simplified),590,1,0.5,40,32,0.02,15.63,0.4,0.2099,False,True,True,True
ChrimsonR (simplified),590,1,0.5,40,45.25,0.02,22.11,0.55,0.2968,False,True,True,True
ChrimsonR (simplified),590,1,0.5,60,0.25,0.03,0.1221,0,0.002291,False,True,True,True
ChrimsonR (simplified),590,1,0.5,60,0.3536,0.03,0.1727,0,0.003241,False,True,True,True
ChrimsonR (simplified),590,1,0.5,60,0.5,0.03,0.2442,0,0.004583,False,True,True,True
ChrimsonR (simplified),590,1,0.5,60,0.7071,0.03,0.3454,0,0.006481,False,True,True,True
ChrimsonR (simplified),590,1,0.5,60,1,0.03,0.4885,0,0.009165,False,True,True,True
ChrimsonR (simplified),590,1,0.5,60,1.414,0.03,0.6908,0,0.01296,False,True,True,True
ChrimsonR (simplified),590,1,0.5,60,2,0.03,0.977,0,0.01833,False,True,True,True
ChrimsonR (simplified),590,1,0.5,60,2.828,0.03,1.382,0,0.02592,False,True,True,True
ChrimsonR (simplified),590,1,0.5,60,4,0.03,1.954,0,0.03666,False,True,True,True
ChrimsonR (simplified),590,1,0.5,60,5.657,0.03,2.763,0,0.05185,False,True,True,True
ChrimsonR (simplified),590,1,0.5,60,8,0.03,3.908,0,0.07332,False,True,True,True
ChrimsonR (simplified),590,1,0.5,60,11.31,0.03,5.527,0,0.1037,False,True,True,True
ChrimsonR (simplified),590,1,0.5,60,16,0.03,7.816,0,0.1466,False,True,True,True
ChrimsonR (simplified),590,1,0.5,60,22.63,0.03,11.05,0.05,0.2074,False,True,True,True
ChrimsonR (simplified),590,1,0.5,60,32,0.03,15.63,0.2,0.2933,False,True,True,True
ChrimsonR (simplified),590,1,0.5,60,45.25,0.03,22.11,0.35,0.4148,False,True,True,True
ChrimsonR (simplified),590,1,0.5,80,0.25,0.04,0.1221,0,0.002943,False,True,True,True
ChrimsonR (simplified),590,1,0.5,80,0.3536,0.04,0.1727,0,0.004163,False,True,True,True
ChrimsonR (simplified),590,1,0.5,80,0.5,0.04,0.2442,0,0.005886,False,True,True,True
ChrimsonR (simplified),590,1,0.5,80,0.7071,0.04,0.3454,0,0.008324,False,True,True,True
ChrimsonR (simplified),590,1,0.5,80,1,0.04,0.4885,0,0.01177,False,True,True,True
ChrimsonR (simplified),590,1,0.5,80,1.414,0.04,0.6908,0,0.01665,False,True,True,True
ChrimsonR (simplified),590,1,0.5,80,2,0.04,0.977,0,0.02354,False,True,True,True
ChrimsonR (simplified),590,1,0.5,80,2.828,0.04,1.382,0,0.0333,False,True,True,True
ChrimsonR (simplified),590,1,0.5,80,4,0.04,1.954,0,0.04709,False,True,True,True
ChrimsonR (simplified),590,1,0.5,80,5.657,0.04,2.763,0,0.0666,False,True,True,True
ChrimsonR (simplified),590,1,0.5,80,8,0.04,3.908,0,0.09418,False,True,True,True
ChrimsonR (simplified),590,1,0.5,80,11.31,0.04,5.527,0,0.1332,False,True,True,True
ChrimsonR (simplified),590,1,0.5,80,16,0.04,7.816,0,0.1884,False,True,True,True
ChrimsonR (simplified),590,1,0.5,80,22.63,0.04,11.05,0.05,0.2664,False,True,True,True
ChrimsonR (simplified),590,1,0.5,80,32,0.04,15.63,0.15,0.3767,False,True,True,True
ChrimsonR (simplified),590,1,0.5,80,45.25,0.04,22.11,0.3,0.5328,False,False,True,True
ChrimsonR (simplified),590,1,0.5,100,0.25,0.05,0.1221,0,0.003595,False,True,True,True
ChrimsonR (simplified),590,1,0.5,100,0.3536,0.05,0.1727,0,0.005085,False,True,True,True
ChrimsonR (simplified),590,1,0.5,100,0.5,0.05,0.2442,0,0.00719,False,True,True,True
ChrimsonR (simplified),590,1,0.5,100,0.7071,0.05,0.3454,0,0.01017,False,True,True,True
ChrimsonR (simplified),590,1,0.5,100,1,0.05,0.4885,0,0.01438,False,True,True,True
ChrimsonR (simplified),590,1,0.5,100,1.414,0.05,0.6908,0,0.02034,False,True,True,True
ChrimsonR (simplified),590,1,0.5,100,2,0.05,0.977,0,0.02876,False,True,True,True
ChrimsonR (simplified),590,1,0.5,100,2.828,0.05,1.382,0,0.04067,False,True,True,True
ChrimsonR (simplified),590,1,0.5,100,4,0.05,1.954,0,0.05752,False,True,True,True
ChrimsonR (simplified),590,1,0.5,100,5.657,0.05,2.763,0,0.08134,False,True,True,True
ChrimsonR (simplified),590,1,0.5,100,8,0.05,3.908,0,0.115,False,True,True,True
ChrimsonR (simplified),590,1,0.5,100,11.31,0.05,5.527,0,0.1627,False,True,True,True
ChrimsonR (simplified),590,1,0.5,100,16,0.05,7.816,0,0.2301,False,True,True,True
ChrimsonR (simplified),590,1,0.5,100,22.63,0.05,11.05,0.05,0.3254,False,True,True,True
ChrimsonR (simplified),590,1,0.5,100,32,0.05,15.63,0.05,0.4601,False,True,True,True
ChrimsonR (simplified),590,1,0.5,100,45.25,0.05,22.11,0.1,0.6507,False,False,True,True
ChrimsonR (simplified),590,1,0.5,125,0.25,0.0625,0.1221,0,0.00441,False,True,True,True
ChrimsonR (simplified),590,1,0.5,125,0.3536,0.0625,0.1727,0,0.006237,False,True,True,True
ChrimsonR (simplified),590,1,0.5,125,0.5,0.0625,0.2442,0,0.008819,False,True,True,True
ChrimsonR (simplified),590,1,0.5,125,0.7071,0.0625,0.3454,0,0.01247,False,True,True,True
ChrimsonR (simplified),590,1,0.5,125,1,0.0625,0.4885,0,0.01764,False,True,True,True
ChrimsonR (simplified),590,1,0.5,125,1.414,0.0625,0.6908,0,0.02494,False,True,True,True
ChrimsonR (simplified),590,1,0.5,125,2,0.0625,0.977,0,0.03528,False,True,True,True
ChrimsonR (simplified),590,1,0.5,125,2.828,0.0625,1.382,0,0.04989,False,True,True,True
ChrimsonR (simplified),590,1,0.5,125,4,0.0625,1.954,0,0.07055,False,True,True,True
ChrimsonR (simplified),590,1,0.5,125,5.657,0.0625,2.763,0,0.09978,False,True,True,True
ChrimsonR (simplified),590,1,0.5,125,8,0.0625,3.908,0,0.1411,False,True,True,True
ChrimsonR (simplified),590,1,0.5,125,11.31,0.0625,5.527,0,0.1996,False,True,True,True
ChrimsonR (simplified),590,1,0.5,125,16,0.0625,7.816,0,0.2822,False,True,True,True
ChrimsonR (simplified),590,1,0.5,125,22.63,0.0625,11.05,0.1,0.3991,False,True,True,True
ChrimsonR (simplified),590,1,0.5,125,32,0.0625,15.63,0.1,0.5644,False,False,True,True
ChrimsonR (simplified),590,1,0.5,125,45.25,0.0625,22.11,0.15,0.7982,False,False,True,True
ChrimsonR (simplified),590,1,0.5,150,0.25,0.075,0.1221,0,0.005224,False,True,True,True
ChrimsonR (simplified),590,1,0.5,150,0.3536,0.075,0.1727,0,0.007389,False,True,True,True
ChrimsonR (simplified),590,1,0.5,150,0.5,0.075,0.2442,0,0.01045,False,True,True,True
ChrimsonR (simplified),590,1,0.5,150,0.7071,0.075,0.3454,0,0.01478,False,True,True,True
ChrimsonR (simplified),590,1,0.5,150,1,0.075,0.4885,0,0.0209,False,True,True,True
ChrimsonR (simplified),590,1,0.5,150,1.414,0.075,0.6908,0,0.02955,False,True,True,True
ChrimsonR (simplified),590,1,0.5,150,2,0.075,0.977,0,0.04179,False,True,True,True
ChrimsonR (simplified),590,1,0.5,150,2.828,0.075,1.382,0,0.05911,False,True,True,True
ChrimsonR (simplified),590,1,0.5,150,4,0.075,1.954,0,0.08359,False,True,True,True
ChrimsonR (simplified),590,1,0.5,150,5.657,0.075,2.763,0,0.1182,False,True,True,True
ChrimsonR (simplified),590,1,0.5,150,8,0.075,3.908,0,0.1672,False,True,True,True
ChrimsonR (simplified),590,1,0.5,150,11.31,0.075,5.527,0,0.2364,False,True,True,True
ChrimsonR (simplified),590,1,0.5,150,16,0.075,7.816,0,0.3344,False,True,True,True
ChrimsonR (simplified),590,1,0.5,150,22.63,0.075,11.05,0.45,0.4728,False,True,True,True
ChrimsonR (simplified),590,1,0.5,150,32,0.075,15.63,0.6,0.6687,False,False,True,True
ChrimsonR (simplified),590,1,0.5,150,45.25,0.075,22.11,0.75,0.9457,False,False,True,True
ChrimsonR (simplified),590,1,0.5,200,0.25,0.1,0.1221,0,0.006854,False,True,True,True
ChrimsonR (simplified),590,1,0.5,200,0.3536,0.1,0.1727,0,0.009694,False,True,True,True
ChrimsonR (simplified),590,1,0.5,200,0.5,0.1,0.2442,0,0.01371,False,True,True,True
ChrimsonR (simplified),590,1,0.5,200,0.7071,0.1,0.3454,0,0.01938,False,True,True,True
ChrimsonR (simplified),590,1,0.5,200,1,0.1,0.4885,0,0.02741,False,True,True,True
ChrimsonR (simplified),590,1,0.5,200,1.414,0.1,0.6908,0,0.03877,False,True,True,True
ChrimsonR (simplified),590,1,0.5,200,2,0.1,0.977,0,0.05483,False,True,True,True
ChrimsonR (simplified),590,1,0.5,200,2.828,0.1,1.382,0,0.07754,False,True,True,True
ChrimsonR (simplified),590,1,0.5,200,4,0.1,1.954,0,0.1097,False,True,True,True
ChrimsonR (simplified),590,1,0.5,200,5.657,0.1,2.763,0,0.1551,False,True,True,True
ChrimsonR (simplified),590,1,0.5,200,8,0.1,3.908,0,0.2193,False,True,True,True
ChrimsonR (simplified),590,1,0.5,200,11.31,0.1,5.527,0,0.3102,False,True,True,True
ChrimsonR (simplified),590,1,0.5,200,16,0.1,7.816,0,0.4386,False,True,True,True
ChrimsonR (simplified),590,1,0.5,200,22.63,0.1,11.05,0.05,0.6203,False,False,True,True
ChrimsonR (simplified),590,1,0.5,200,32,0.1,15.63,0.1,0.8773,False,False,True,True
ChrimsonR (simplified),590,1,0.5,200,45.25,0.1,22.11,0.15,1.241,False,False,False,True
ChrimsonR (simplified),590,1,1,10,0.25,0.01,0.1221,0,0.001319,False,True,True,True
ChrimsonR (simplified),590,1,1,10,0.3536,0.01,0.1727,0,0.001865,False,True,True,True
ChrimsonR (simplified),590,1,1,10,0.5,0.01,0.2442,0,0.002638,False,True,True,True
ChrimsonR (simplified),590,1,1,10,0.7071,0.01,0.3454,0,0.00373,False,True,True,True
ChrimsonR (simplified),590,1,1,10,1,0.01,0.4885,0,0.005275,False,True,True,True
ChrimsonR (simplified),590,1,1,10,1.414,0.01,0.6908,0,0.00746,False,True,True,True
ChrimsonR (simplified),590,1,1,10,2,0.01,0.977,0,0.01055,False,True,True,True
ChrimsonR (simplified),590,1,1,10,2.828,0.01,1.382,0,0.01492,False,True,True,True
ChrimsonR (simplified),590,1,1,10,4,0.01,1.954,0,0.0211,False,True,True,True
ChrimsonR (simplified),590,1,1,10,5.657,0.01,2.763,0.15,0.02984,False,True,True,True
ChrimsonR (simplified),590,1,1,10,8,0.01,3.908,0.45,0.0422,False,True,True,True
ChrimsonR (simplified),590,1,1,10,11.31,0.01,5.527,0.7,0.05968,False,True,True,True
ChrimsonR (simplified),590,1,1,10,16,0.01,7.816,1,0.08441,True,True,True,True
ChrimsonR (simplified),590,1,1,10,22.63,0.01,11.05,1,0.1194,True,True,True,True
ChrimsonR (simplified),590,1,1,10,32,0.01,15.63,1,0.1688,True,True,True,True
ChrimsonR (simplified),590,1,1,10,45.25,0.01,22.11,1,0.2387,True,True,True,True
ChrimsonR (simplified),590,1,1,20,0.25,0.02,0.1221,0,0.001971,False,True,True,True
ChrimsonR (simplified),590,1,1,20,0.3536,0.02,0.1727,0,0.002787,False,True,True,True
ChrimsonR (simplified),590,1,1,20,0.5,0.02,0.2442,0,0.003941,False,True,True,True
ChrimsonR (simplified),590,1,1,20,0.7071,0.02,0.3454,0,0.005574,False,True,True,True
ChrimsonR (simplified),590,1,1,20,1,0.02,0.4885,0,0.007882,False,True,True,True
ChrimsonR (simplified),590,1,1,20,1.414,0.02,0.6908,0,0.01115,False,True,True,True
ChrimsonR (simplified),590,1,1,20,2,0.02,0.977,0,0.01576,False,True,True,True
ChrimsonR (simplified),590,1,1,20,2.828,0.02,1.382,0,0.02229,False,True,True,True
ChrimsonR (simplified),590,1,1,20,4,0.02,1.954,0,0.03153,False,True,True,True
ChrimsonR (simplified),590,1,1,20,5.657,0.02,2.763,0.1,0.04459,False,True,True,True
ChrimsonR (simplified),590,1,1,20,8,0.02,3.908,0.4,0.06306,False,True,True,True
ChrimsonR (simplified),590,1,1,20,11.31,0.02,5.527,0.6,0.08918,False,True,True,True
ChrimsonR (simplified),590,1,1,20,16,0.02,7.816,0.75,0.1261,False,True,True,True
ChrimsonR (simplified),590,1,1,20,22.63,0.02,11.05,1,0.1784,True,True,True,True
ChrimsonR (simplified),590,1,1,20,32,0.02,15.63,1,0.2522,True,True,True,True
ChrimsonR (simplified),590,1,1,20,45.25,0.02,22.11,1,0.3567,True,True,True,True
ChrimsonR (simplified),590,1,1,40,0.25,0.04,0.1221,0,0.003274,False,True,True,True
ChrimsonR (simplified),590,1,1,40,0.3536,0.04,0.1727,0,0.004631,False,True,True,True
ChrimsonR (simplified),590,1,1,40,0.5,0.04,0.2442,0,0.006548,False,True,True,True
ChrimsonR (simplified),590,1,1,40,0.7071,0.04,0.3454,0,0.00926,False,True,True,True
ChrimsonR (simplified),590,1,1,40,1,0.04,0.4885,0,0.0131,False,True,True,True
ChrimsonR (simplified),590,1,1,40,1.414,0.04,0.6908,0,0.01852,False,True,True,True
ChrimsonR (simplified),590,1,1,40,2,0.04,0.977,0,0.02619,False,True,True,True
ChrimsonR (simplified),590,1,1,40,2.828,0.04,1.382,0,0.03704,False,True,True,True
ChrimsonR (simplified),590,1,1,40,4,0.04,1.954,0,0.05239,False,True,True,True
ChrimsonR (simplified),590,1,1,40,5.657,0.04,2.763,0.05,0.07409,False,True,True,True
ChrimsonR (simplified),590,1,1,40,8,0.04,3.908,0.3,0.1048,False,True,True,True
ChrimsonR (simplified),590,1,1,40,11.31,0.04,5.527,0.45,0.1482,False,True,True,True
ChrimsonR (simplified),590,1,1,40,16,0.04,7.816,0.55,0.2095,False,True,True,True
ChrimsonR (simplified),590,1,1,40,22.63,0.04,11.05,0.65,0.2963,False,True,True,True
ChrimsonR (simplified),590,1,1,40,32,0.04,15.63,0.9,0.4191,False,True,True,True
ChrimsonR (simplified),590,1,1,40,45.25,0.04,22.11,1,0.5927,True,False,True,True
ChrimsonR (simplified),590,1,1,60,0.25,0.06,0.1221,0,0.004578,False,True,True,True
ChrimsonR (simplified),590,1,1,60,0.3536,0.06,0.1727,0,0.006475,False,True,True,True
ChrimsonR (simplified),590,1,1,60,0.5,0.06,0.2442,0,0.009155,False,True,True,True
ChrimsonR (simplified),590,1,1,60,0.7071,0.06,0.3454,0,0.01295,False,True,True,True
ChrimsonR (simplified),590,1,1,60,1,0.06,0.4885,0,0.01831,False,True,True,True
ChrimsonR (simplified),590,1,1,60,1.414,0.06,0.6908,0,0.02589,False,True,True,True
ChrimsonR (simplified),590,1,1,60,2,0.06,0.977,0,0.03662,False,True,True,True
ChrimsonR (simplified),590,1,1,60,2.828,0.06,1.382,0,0.05179,False,True,True,True
ChrimsonR (simplified),590,1,1,60,4,0.06,1.954,0,0.07324,False,True,True,True
ChrimsonR (simplified),590,1,1,60,5.657,0.06,2.763,0.05,0.1036,False,True,True,True
ChrimsonR (simplified),590,1,1,60,8,0.06,3.908,0.15,0.1465,False,True,True,True
ChrimsonR (simplified),590,1,1,60,11.31,0.06,5.527,0.3,0.2072,False,True,True,True
ChrimsonR (simplified),590,1,1,60,16,0.06,7.816,0.4,0.293,False,True,True,True
ChrimsonR (simplified),590,1,1,60,22.63,0.06,11.05,0.45,0.4143,False,True,True,True
ChrimsonR (simplified),590,1,1,60,32,0.06,15.63,0.5,0.5859,False,False,True,True
ChrimsonR (simplified),590,1,1,60,45.25,0.06,22.11,0.55,0.8286,False,False,True,True
ChrimsonR (simplified),590,1,1,80,0.25,0.08,0.1221,0,0.005881,False,True,True,True
ChrimsonR (simplified),590,1,1,80,0.3536,0.08,0.1727,0,0.008318,False,True,True,True
ChrimsonR (simplified),590,1,1,80,0.5,0.08,0.2442,0,0.01176,False,True,True,True
ChrimsonR (simplified),590,1,1,80,0.7071,0.08,0.3454,0,0.01663,False,True,True,True
ChrimsonR (simplified),590,1,1,80,1,0.08,0.4885,0,0.02352,False,True,True,True
ChrimsonR (simplified),590,1,1,80,1.414,0.08,0.6908,0,0.03327,False,True,True,True
ChrimsonR (simplified),590,1,1,80,2,0.08,0.977,0,0.04705,False,True,True,True
ChrimsonR (simplified),590,1,1,80,2.828,0.08,1.382,0,0.06654,False,True,True,True
ChrimsonR (simplified),590,1,1,80,4,0.08,1.954,0,0.0941,False,True,True,True
ChrimsonR (simplified),590,1,1,80,5.657,0.08,2.763,0.05,0.1331,False,True,True,True
ChrimsonR (simplified),590,1,1,80,8,0.08,3.908,0.1,0.1882,False,True,True,True
ChrimsonR (simplified),590,1,1,80,11.31,0.08,5.527,0.2,0.2662,False,True,True,True
ChrimsonR (simplified),590,1,1,80,16,0.08,7.816,0.3,0.3764,False,True,True,True
ChrimsonR (simplified),590,1,1,80,22.63,0.08,11.05,0.4,0.5323,False,False,True,True
ChrimsonR (simplified),590,1,1,80,32,0.08,15.63,0.4,0.7528,False,False,True,True
ChrimsonR (simplified),590,1,1,80,45.25,0.08,22.11,0.45,1.065,False,False,False,True
ChrimsonR (simplified),590,1,1,100,0.25,0.1,0.1221,0,0.007185,False,True,True,True
ChrimsonR (simplified),590,1,1,100,0.3536,0.1,0.1727,0,0.01016,False,True,True,True
ChrimsonR (simplified),590,1,1,100,0.5,0.1,0.2442,0,0.01437,False,True,True,True
ChrimsonR (simplified),590,1,1,100,0.7071,0.1,0.3454,0,0.02032,False,True,True,True
ChrimsonR (simplified),590,1,1,100,1,0.1,0.4885,0,0.02874,False,True,True,True
ChrimsonR (simplified),590,1,1,100,1.414,0.1,0.6908,0,0.04064,False,True,True,True
ChrimsonR (simplified),590,1,1,100,2,0.1,0.977,0,0.05748,False,True,True,True
ChrimsonR (simplified),590,1,1,100,2.828,0.1,1.382,0,0.08128,False,True,True,True
ChrimsonR (simplified),590,1,1,100,4,0.1,1.954,0,0.115,False,True,True,True
ChrimsonR (simplified),590,1,1,100,5.657,0.1,2.763,0.05,0.1626,False,True,True,True
ChrimsonR (simplified),590,1,1,100,8,0.1,3.908,0.05,0.2299,False,True,True,True
ChrimsonR (simplified),590,1,1,100,11.31,0.1,5.527,0.1,0.3251,False,True,True,True
ChrimsonR (simplified),590,1,1,100,16,0.1,7.816,0.1,0.4598,False,True,True,True
ChrimsonR (simplified),590,1,1,100,22.63,0.1,11.05,0.15,0.6503,False,False,True,True
ChrimsonR (simplified),590,1,1,100,32,0.1,15.63,0.15,0.9196,False,False,True,True
ChrimsonR (simplified),590,1,1,100,45.25,0.1,22.11,0.15,1.301,False,False,False,True
ChrimsonR (simplified),590,1,1,125,0.25,0.125,0.1221,0,0.008814,False,True,True,True
ChrimsonR (simplified),590,1,1,125,0.3536,0.125,0.1727,0,0.01247,False,True,True,True
ChrimsonR (simplified),590,1,1,125,0.5,0.125,0.2442,0,0.01763,False,True,True,True
ChrimsonR (simplified),590,1,1,125,0.7071,0.125,0.3454,0,0.02493,False,True,True,True
ChrimsonR (simplified),590,1,1,125,1,0.125,0.4885,0,0.03526,False,True,True,True
ChrimsonR (simplified),590,1,1,125,1.414,0.125,0.6908,0,0.04986,False,True,True,True
ChrimsonR (simplified),590,1,1,125,2,0.125,0.977,0,0.07051,False,True,True,True
ChrimsonR (simplified),590,1,1,125,2.828,0.125,1.382,0,0.09972,False,True,True,True
ChrimsonR (simplified),590,1,1,125,4,0.125,1.954,0,0.141,False,True,True,True
ChrimsonR (simplified),590,1,1,125,5.657,0.125,2.763,0.1,0.1994,False,True,True,True
ChrimsonR (simplified),590,1,1,125,8,0.125,3.908,0.1,0.2821,False,True,True,True
ChrimsonR (simplified),590,1,1,125,11.31,0.125,5.527,0.1,0.3989,False,True,True,True
ChrimsonR (simplified),590,1,1,125,16,0.125,7.816,0.05,0.5641,False,False,True,True
ChrimsonR (simplified),590,1,1,125,22.63,0.125,11.05,0.05,0.7978,False,False,True,True
ChrimsonR (simplified),590,1,1,125,32,0.125,15.63,0.05,1.128,False,False,False,True
ChrimsonR (simplified),590,1,1,125,45.25,0.125,22.11,0.05,1.596,False,False,False,True
ChrimsonR (simplified),590,1,1,150,0.25,0.15,0.1221,0,0.01044,False,True,True,True
ChrimsonR (simplified),590,1,1,150,0.3536,0.15,0.1727,0,0.01477,False,True,True,True
ChrimsonR (simplified),590,1,1,150,0.5,0.15,0.2442,0,0.02089,False,True,True,True
ChrimsonR (simplified),590,1,1,150,0.7071,0.15,0.3454,0,0.02954,False,True,True,True
ChrimsonR (simplified),590,1,1,150,1,0.15,0.4885,0,0.04177,False,True,True,True
ChrimsonR (simplified),590,1,1,150,1.414,0.15,0.6908,0,0.05908,False,True,True,True
ChrimsonR (simplified),590,1,1,150,2,0.15,0.977,0,0.08355,False,True,True,True
ChrimsonR (simplified),590,1,1,150,2.828,0.15,1.382,0,0.1182,False,True,True,True
ChrimsonR (simplified),590,1,1,150,4,0.15,1.954,0,0.1671,False,True,True,True
ChrimsonR (simplified),590,1,1,150,5.657,0.15,2.763,0.2,0.2363,False,True,True,True
ChrimsonR (simplified),590,1,1,150,8,0.15,3.908,0.5,0.3342,False,True,True,True
ChrimsonR (simplified),590,1,1,150,11.31,0.15,5.527,0.6,0.4726,False,True,True,True
ChrimsonR (simplified),590,1,1,150,16,0.15,7.816,0.7,0.6684,False,False,True,True
ChrimsonR (simplified),590,1,1,150,22.63,0.15,11.05,0.75,0.9452,False,False,True,True
ChrimsonR (simplified),590,1,1,150,32,0.15,15.63,0.85,1.337,False,False,False,True
ChrimsonR (simplified),590,1,1,150,45.25,0.15,22.11,0.05,1.89,False,False,False,True
ChrimsonR (simplified),590,1,1,200,0.25,0.2,0.1221,0,0.0137,False,True,True,True
ChrimsonR (simplified),590,1,1,200,0.3536,0.2,0.1727,0,0.01938,False,True,True,True
ChrimsonR (simplified),590,1,1,200,0.5,0.2,0.2442,0,0.0274,False,True,True,True
ChrimsonR (simplified),590,1,1,200,0.7071,0.2,0.3454,0,0.03876,False,True,True,True
ChrimsonR (simplified),590,1,1,200,1,0.2,0.4885,0,0.05481,False,True,True,True
ChrimsonR (simplified),590,1,1,200,1.414,0.2,0.6908,0,0.07751,False,True,True,True
ChrimsonR (simplified),590,1,1,200,2,0.2,0.977,0,0.1096,False,True,True,True
ChrimsonR (simplified),590,1,1,200,2.828,0.2,1.382,0,0.155,False,True,True,True
ChrimsonR (simplified),590,1,1,200,4,0.2,1.954,0,0.2192,False,True,True,True
ChrimsonR (simplified),590,1,1,200,5.657,0.2,2.763,0.05,0.31,False,True,True,True
ChrimsonR (simplified),590,1,1,200,8,0.2,3.908,0.1,0.4385,False,True,True,True
ChrimsonR (simplified),590,1,1,200,11.31,0.2,5.527,0.15,0.6201,False,False,True,True
ChrimsonR (simplified),590,1,1,200,16,0.2,7.816,0.15,0.8769,False,False,True,True
ChrimsonR (simplified),590,1,1,200,22.63,0.2,11.05,0.2,1.24,False,False,False,True
ChrimsonR (simplified),590,1,1,200,32,0.2,15.63,0.2,1.754,False,False,False,True
ChrimsonR (simplified),590,1,1,200,45.25,0.2,22.11,0.2,2.48,False,False,False,False
ChrimsonR (simplified),590,1,2,10,0.25,0.02,0.1221,0,0.002613,False,True,True,True
ChrimsonR (simplified),590,1,2,10,0.3536,0.02,0.1727,0,0.003696,False,True,True,True
ChrimsonR (simplified),590,1,2,10,0.5,0.02,0.2442,0,0.005226,False,True,True,True
ChrimsonR (simplified),590,1,2,10,0.7071,0.02,0.3454,0,0.007391,False,True,True,True
ChrimsonR (simplified),590,1,2,10,1,0.02,0.4885,0,0.01045,False,True,True,True
ChrimsonR (simplified),590,1,2,10,1.414,0.02,0.6908,0,0.01478,False,True,True,True
ChrimsonR (simplified),590,1,2,10,2,0.02,0.977,0.2,0.0209,False,True,True,True
ChrimsonR (simplified),590,1,2,10,2.828,0.02,1.382,0.45,0.02956,False,True,True,True
ChrimsonR (simplified),590,1,2,10,4,0.02,1.954,0.65,0.04181,False,True,True,True
ChrimsonR (simplified),590,1,2,10,5.657,0.02,2.763,0.9,0.05913,False,True,True,True
ChrimsonR (simplified),590,1,2,10,8,0.02,3.908,1,0.08362,True,True,True,True
ChrimsonR (simplified),590,1,2,10,11.31,0.02,5.527,1,0.1183,True,True,True,True
ChrimsonR (simplified),590,1,2,10,16,0.02,7.816,1,0.1672,True,True,True,True
ChrimsonR (simplified),590,1,2,10,22.63,0.02,11.05,1,0.2365,True,True,True,True
ChrimsonR (simplified),590,1,2,10,32,0.02,15.63,1,0.3345,True,True,True,True
ChrimsonR (simplified),590,1,2,10,45.25,0.02,22.11,1,0.473,True,True,True,True
ChrimsonR (simplified),590,1,2,20,0.25,0.04,0.1221,0,0.003917,False,True,True,True
ChrimsonR (simplified),590,1,2,20,0.3536,0.04,0.1727,0,0.00554,False,True,True,True
ChrimsonR (simplified),590,1,2,20,0.5,0.04,0.2442,0,0.007833,False,True,True,True
ChrimsonR (simplified),590,1,2,20,0.7071,0.04,0.3454,0,0.01108,False,True,True,True
ChrimsonR (simplified),590,1,2,20,1,0.04,0.4885,0,0.01567,False,True,True,True
ChrimsonR (simplified),590,1,2,20,1.414,0.04,0.6908,0,0.02216,False,True,True,True
ChrimsonR (simplified),590,1,2,20,2,0.04,0.977,0.15,0.03133,False,True,True,True
ChrimsonR (simplified),590,1,2,20,2.828,0.04,1.382,0.4,0.04431,False,True,True,True
ChrimsonR (simplified),590,1,2,20,4,0.04,1.954,0.55,0.06267,False,True,True,True
ChrimsonR (simplified),590,1,2,20,5.657,0.04,2.763,0.7,0.08862,False,True,True,True
ChrimsonR (simplified),590,1,2,20,8,0.04,3.908,1,0.1253,True,True,True,True
ChrimsonR (simplified),590,1,2,20,11.31,0.04,5.527,1,0.1772,True,True,True,True
ChrimsonR (simplified),590,1,2,20,16,0.04,7.816,1,0.2507,True,True,True,True
ChrimsonR (simplified),590,1,2,20,22.63,0.04,11.05,1,0.3545,True,True,True,True
ChrimsonR (simplified),590,1,2,20,32,0.04,15.63,1,0.5013,True,False,True,True
ChrimsonR (simplified),590,1,2,20,45.25,0.04,22.11,1,0.709,True,False,True,True
ChrimsonR (simplified),590,1,2,40,0.25,0.08,0.1221,0,0.006524,False,True,True,True
ChrimsonR (simplified),590,1,2,40,0.3536,0.08,0.1727,0,0.009227,False,True,True,True
ChrimsonR (simplified),590,1,2,40,0.5,0.08,0.2442,0,0.01305,False,True,True,True
ChrimsonR (simplified),590,1,2,40,0.7071,0.08,0.3454,0,0.01845,False,True,True,True
ChrimsonR (simplified),590,1,2,40,1,0.08,0.4885,0,0.02609,False,True,True,True
ChrimsonR (simplified),590,1,2,40,1.414,0.08,0.6908,0,0.0369,False,True,True,True
ChrimsonR (simplified),590,1,2,40,2,0.08,0.977,0.05,0.05219,False,True,True,True
ChrimsonR (simplified),590,1,2,40,2.828,0.08,1.382,0.25,0.07381,False,True,True,True
ChrimsonR (simplified),590,1,2,40,4,0.08,1.954,0.4,0.1044,False,True,True,True
ChrimsonR (simplified),590,1,2,40,5.657,0.08,2.763,0.5,0.1476,False,True,True,True
ChrimsonR (simplified),590,1,2,40,8,0.08,3.908,0.55,0.2088,False,True,True,True
ChrimsonR (simplified),590,1,2,40,11.31,0.08,5.527,0.7,0.2952,False,True,True,True
ChrimsonR (simplified),590,1,2,40,16,0.08,7.816,1,0.4175,True,True,True,True
ChrimsonR (simplified),590,1,2,40,22.63,0.08,11.05,1,0.5905,True,False,True,True
ChrimsonR (simplified),590,1,2,40,32,0.08,15.63,1,0.835,True,False,True,True
ChrimsonR (simplified),590,1,2,40,45.25,0.08,22.11,1,1.181,True,False,False,True
ChrimsonR (simplified),590,1,2,60,0.25,0.12,0.1221,0,0.009131,False,True,True,True
ChrimsonR (simplified),590,1,2,60,0.3536,0.12,0.1727,0,0.01291,False,True,True,True
ChrimsonR (simplified),590,1,2,60,0.5,0.12,0.2442,0,0.01826,False,True,True,True
ChrimsonR (simplified),590,1,2,60,0.7071,0.12,0.3454,0,0.02583,False,True,True,True
ChrimsonR (simplified),590,1,2,60,1,0.12,0.4885,0,0.03652,False,True,True,True
ChrimsonR (simplified),590,1,2,60,1.414,0.12,0.6908,0,0.05165,False,True,True,True
ChrimsonR (simplified),590,1,2,60,2,0.12,0.977,0.05,0.07305,False,True,True,True
ChrimsonR (simplified),590,1,2,60,2.828,0.12,1.382,0.1,0.1033,False,True,True,True
ChrimsonR (simplified),590,1,2,60,4,0.12,1.954,0.2,0.1461,False,True,True,True
ChrimsonR (simplified),590,1,2,60,5.657,0.12,2.763,0.3,0.2066,False,True,True,True
ChrimsonR (simplified),590,1,2,60,8,0.12,3.908,0.35,0.2922,False,True,True,True
ChrimsonR (simplified),590,1,2,60,11.31,0.12,5.527,0.35,0.4132,False,True,True,True
ChrimsonR (simplified),590,1,2,60,16,0.12,7.816,0.4,0.5844,False,False,True,True
ChrimsonR (simplified),590,1,2,60,22.63,0.12,11.05,0.45,0.8264,False,False,True,True
ChrimsonR (simplified),590,1,2,60,32,0.12,15.63,0.7,1.169,False,False,False,True
ChrimsonR (simplified),590,1,2,60,45.25,0.12,22.11,1,1.653,True,False,False,True
ChrimsonR (simplified),590,1,2,80,0.25,0.16,0.1221,0,0.01174,False,True,True,True
ChrimsonR (simplified),590,1,2,80,0.3536,0.16,0.1727,0,0.0166,False,True,True,True
ChrimsonR (simplified),590,1,2,80,0.5,0.16,0.2442,0,0.02348,False,True,True,True
ChrimsonR (simplified),590,1,2,80,0.7071,0.16,0.3454,0,0.0332,False,True,True,True
ChrimsonR (simplified),590,1,2,80,1,0.16,0.4885,0,0.04695,False,True,True,True
ChrimsonR (simplified),590,1,2,80,1.414,0.16,0.6908,0,0.0664,False,True,True,True
ChrimsonR (simplified),590,1,2,80,2,0.16,0.977,0.05,0.0939,False,True,True,True
ChrimsonR (simplified),590,1,2,80,2.828,0.16,1.382,0.1,0.1328,False,True,True,True
ChrimsonR (simplified),590,1,2,80,4,0.16,1.954,0.15,0.1878,False,True,True,True
ChrimsonR (simplified),590,1,2,80,5.657,0.16,2.763,0.25,0.2656,False,True,True,True
ChrimsonR (simplified),590,1,2,80,8,0.16,3.908,0.3,0.3756,False,True,True,True
ChrimsonR (simplified),590,1,2,80,11.31,0.16,5.527,0.3,0.5312,False,False,True,True
ChrimsonR (simplified),590,1,2,80,16,0.16,7.816,0.35,0.7512,False,False,True,True
ChrimsonR (simplified),590,1,2,80,22.63,0.16,11.05,0.35,1.062,False,False,False,True
ChrimsonR (simplified),590,1,2,80,32,0.16,15.63,0.4,1.502,False,False,False,True
ChrimsonR (simplified),590,1,2,80,45.25,0.16,22.11,0.4,2.125,False,False,False,False
ChrimsonR (simplified),590,1,2,100,0.25,0.2,0.1221,0,0.01434,False,True,True,True
ChrimsonR (simplified),590,1,2,100,0.3536,0.2,0.1727,0,0.02029,False,True,True,True
ChrimsonR (simplified),590,1,2,100,0.5,0.2,0.2442,0,0.02869,False,True,True,True
ChrimsonR (simplified),590,1,2,100,0.7071,0.2,0.3454,0,0.04057,False,True,True,True
ChrimsonR (simplified),590,1,2,100,1,0.2,0.4885,0,0.05738,False,True,True,True
ChrimsonR (simplified),590,1,2,100,1.414,0.2,0.6908,0,0.08115,False,True,True,True
ChrimsonR (simplified),590,1,2,100,2,0.2,0.977,0.05,0.1148,False,True,True,True
ChrimsonR (simplified),590,1,2,100,2.828,0.2,1.382,0.05,0.1623,False,True,True,True
ChrimsonR (simplified),590,1,2,100,4,0.2,1.954,0.05,0.2295,False,True,True,True
ChrimsonR (simplified),590,1,2,100,5.657,0.2,2.763,0.1,0.3246,False,True,True,True
ChrimsonR (simplified),590,1,2,100,8,0.2,3.908,0.1,0.459,False,True,True,True
ChrimsonR (simplified),590,1,2,100,11.31,0.2,5.527,0.1,0.6492,False,False,True,True
ChrimsonR (simplified),590,1,2,100,16,0.2,7.816,0.15,0.9181,False,False,True,True
ChrimsonR (simplified),590,1,2,100,22.63,0.2,11.05,0.15,1.298,False,False,False,True
ChrimsonR (simplified),590,1,2,100,32,0.2,15.63,0.15,1.836,False,False,False,True
ChrimsonR (simplified),590,1,2,100,45.25,0.2,22.11,0.15,2.597,False,False,False,False
ChrimsonR (simplified),590,1,2,125,0.25,0.25,0.1221,0,0.0176,False,True,True,True
ChrimsonR (simplified),590,1,2,125,0.3536,0.25,0.1727,0,0.0249,False,True,True,True
ChrimsonR (simplified),590,1,2,125,0.5,0.25,0.2442,0,0.03521,False,True,True,True
ChrimsonR (simplified),590,1,2,125,0.7071,0.25,0.3454,0,0.04979,False,True,True,True
ChrimsonR (simplified),590,1,2,125,1,0.25,0.4885,0,0.07041,False,True,True,True
ChrimsonR (simplified),590,1,2,125,1.414,0.25,0.6908,0,0.09958,False,True,True,True
ChrimsonR (simplified),590,1,2,125,2,0.25,0.977,0.1,0.1408,False,True,True,True
ChrimsonR (simplified),590,1,2,125,2.828,0.25,1.382,0.1,0.1992,False,True,True,True
ChrimsonR (simplified),590,1,2,125,4,0.25,1.954,0.05,0.2817,False,True,True,True
ChrimsonR (simplified),590,1,2,125,5.657,0.25,2.763,0.05,0.3983,False,True,True,True
ChrimsonR (simplified),590,1,2,125,8,0.25,3.908,0.05,0.5633,False,False,True,True
ChrimsonR (simplified),590,1,2,125,11.31,0.25,5.527,0.05,0.7966,False,False,True,True
ChrimsonR (simplified),590,1,2,125,16,0.25,7.816,0.05,1.127,False,False,False,True
ChrimsonR (simplified),590,1,2,125,22.63,0.25,11.05,0.05,1.593,False,False,False,True
ChrimsonR (simplified),590,1,2,125,32,0.25,15.63,0.05,2.253,False,False,False,False
ChrimsonR (simplified),590,1,2,125,45.25,0.25,22.11,0.05,3.187,False,False,False,False
ChrimsonR (simplified),590,1,2,150,0.25,0.3,0.1221,0,0.02086,False,True,True,True
ChrimsonR (simplified),590,1,2,150,0.3536,0.3,0.1727,0,0.02951,False,True,True,True
ChrimsonR (simplified),590,1,2,150,0.5,0.3,0.2442,0,0.04172,False,True,True,True
ChrimsonR (simplified),590,1,2,150,0.7071,0.3,0.3454,0,0.05901,False,True,True,True
ChrimsonR (simplified),590,1,2,150,1,0.3,0.4885,0,0.08345,False,True,True,True
ChrimsonR (simplified),590,1,2,150,1.414,0.3,0.6908,0,0.118,False,True,True,True
ChrimsonR (simplified),590,1,2,150,2,0.3,0.977,0.25,0.1669,False,True,True,True
ChrimsonR (simplified),590,1,2,150,2.828,0.3,1.382,0.4,0.236,False,True,True,True
ChrimsonR (simplified),590,1,2,150,4,0.3,1.954,0.5,0.3338,False,True,True,True
ChrimsonR (simplified),590,1,2,150,5.657,0.3,2.763,0.55,0.4721,False,True,True,True
ChrimsonR (simplified),590,1,2,150,8,0.3,3.908,0.55,0.6676,False,False,True,True
ChrimsonR (simplified),590,1,2,150,11.31,0.3,5.527,0.6,0.9441,False,False,True,True
ChrimsonR (simplified),590,1,2,150,16,0.3,7.816,0.05,1.335,False,False,False,True
ChrimsonR (simplified),590,1,2,150,22.63,0.3,11.05,0.05,1.888,False,False,False,True
ChrimsonR (simplified),590,1,2,150,32,0.3,15.63,0.05,2.67,False,False,False,False
ChrimsonR (simplified),590,1,2,150,45.25,0.3,22.11,0.05,3.776,False,False,False,False
ChrimsonR (simplified),590,1,2,200,0.25,0.4,0.1221,0,0.02738,False,True,True,True
ChrimsonR (simplified),590,1,2,200,0.3536,0.4,0.1727,0,0.03873,False,True,True,True
ChrimsonR (simplified),590,1,2,200,0.5,0.4,0.2442,0,0.05476,False,True,True,True
ChrimsonR (simplified),590,1,2,200,0.7071,0.4,0.3454,0,0.07744,False,True,True,True
ChrimsonR (simplified),590,1,2,200,1,0.4,0.4885,0,0.1095,False,True,True,True
ChrimsonR (simplified),590,1,2,200,1.414,0.4,0.6908,0,0.1549,False,True,True,True
ChrimsonR (simplified),590,1,2,200,2,0.4,0.977,0.05,0.219,False,True,True,True
ChrimsonR (simplified),590,1,2,200,2.828,0.4,1.382,0.1,0.3098,False,True,True,True
ChrimsonR (simplified),590,1,2,200,4,0.4,1.954,0.15,0.4381,False,True,True,True
ChrimsonR (simplified),590,1,2,200,5.657,0.4,2.763,0.15,0.6195,False,False,True,True
ChrimsonR (simplified),590,1,2,200,8,0.4,3.908,0.15,0.8762,False,False,True,True
ChrimsonR (simplified),590,1,2,200,11.31,0.4,5.527,0.15,1.239,False,False,False,True
ChrimsonR (simplified),590,1,2,200,16,0.4,7.816,0.15,1.752,False,False,False,True
ChrimsonR (simplified),590,1,2,200,22.63,0.4,11.05,0.15,2.478,False,False,False,False
ChrimsonR (simplified),590,1,2,200,32,0.4,15.63,0.15,3.505,False,False,False,False
ChrimsonR (simplified),590,1,2,200,45.25,0.4,22.11,0.15,4.956,False,False,False,False
ChrimsonR (simplified),590,1,5,10,0.25,0.05,0.1221,0,0.006407,False,True,True,True
ChrimsonR (simplified),590,1,5,10,0.3536,0.05,0.1727,0,0.009062,False,True,True,True
ChrimsonR (simplified),590,1,5,10,0.5,0.05,0.2442,0,0.01281,False,True,True,True
ChrimsonR (simplified),590,1,5,10,0.7071,0.05,0.3454,0,0.01812,False,True,True,True
ChrimsonR (simplified),590,1,5,10,1,0.05,0.4885,0.15,0.02563,False,True,True,True
ChrimsonR (simplified),590,1,5,10,1.414,0.05,0.6908,0.3,0.03624,False,True,True,True
ChrimsonR (simplified),590,1,5,10,2,0.05,0.977,0.4,0.05125,False,True,True,True
ChrimsonR (simplified),590,1,5,10,2.828,0.05,1.382,0.5,0.07248,False,True,True,True
ChrimsonR (simplified),590,1,5,10,4,0.05,1.954,1,0.1025,True,True,True,True
ChrimsonR (simplified),590,1,5,10,5.657,0.05,2.763,1,0.145,True,True,True,True
ChrimsonR (simplified),590,1,5,10,8,0.05,3.908,1,0.205,True,True,True,True
ChrimsonR (simplified),590,1,5,10,11.31,0.05,5.527,1,0.2899,True,True,True,True
ChrimsonR (simplified),590,1,5,10,16,0.05,7.816,1,0.41,True,True,True,True
ChrimsonR (simplified),590,1,5,10,22.63,0.05,11.05,1,0.5799,True,False,True,True
ChrimsonR (simplified),590,1,5,10,32,0.05,15.63,1,0.8201,True,False,True,True
ChrimsonR (simplified),590,1,5,10,45.25,0.05,22.11,1,1.16,True,False,False,True
ChrimsonR (simplified),590,1,5,20,0.25,0.1,0.1221,0,0.009666,False,True,True,True
ChrimsonR (simplified),590,1,5,20,0.3536,0.1,0.1727,0,0.01367,False,True,True,True
ChrimsonR (simplified),590,1,5,20,0.5,0.1,0.2442,0,0.01933,False,True,True,True
ChrimsonR (simplified),590,1,5,20,0.7071,0.1,0.3454,0,0.02734,False,True,True,True
ChrimsonR (simplified),590,1,5,20,1,0.1,0.4885,0.1,0.03866,False,True,True,True
ChrimsonR (simplified),590,1,5,20,1.414,0.1,0.6908,0.25,0.05468,False,True,True,True
ChrimsonR (simplified),590,1,5,20,2,0.1,0.977,0.3,0.07732,False,True,True,True
ChrimsonR (simplified),590,1,5,20,2.828,0.1,1.382,0.4,0.1094,False,True,True,True
ChrimsonR (simplified),590,1,5,20,4,0.1,1.954,0.55,0.1546,False,True,True,True
ChrimsonR (simplified),590,1,5,20,5.657,0.1,2.763,1,0.2187,True,True,True,True
ChrimsonR (simplified),590,1,5,20,8,0.1,3.908,1,0.3093,True,True,True,True
ChrimsonR (simplified),590,1,5,20,11.31,0.1,5.527,1,0.4374,True,True,True,True
ChrimsonR (simplified),590,1,5,20,16,0.1,7.816,1,0.6186,True,False,True,True
ChrimsonR (simplified),590,1,5,20,22.63,0.1,11.05,1,0.8748,True,False,True,True
ChrimsonR (simplified),590,1,5,20,32,0.1,15.63,1,1.237,True,False,False,True
ChrimsonR (simplified),590,1,5,20,45.25,0.1,22.11,1,1.75,True,False,False,True
ChrimsonR (simplified),590,1,5,40,0.25,0.2,0.1221,0,0.01618,False,True,True,True
ChrimsonR (simplified),590,1,5,40,0.3536,0.2,0.1727,0,0.02289,False,True,True,True
ChrimsonR (simplified),590,1,5,40,0.5,0.2,0.2442,0,0.03237,False,True,True,True
ChrimsonR (simplified),590,1,5,40,0.7071,0.2,0.3454,0,0.04577,False,True,True,True
ChrimsonR (simplified),590,1,5,40,1,0.2,0.4885,0.05,0.06473,False,True,True,True
ChrimsonR (simplified),590,1,5,40,1.414,0.2,0.6908,0.1,0.09154,False,True,True,True
ChrimsonR (simplified),590,1,5,40,2,0.2,0.977,0.15,0.1295,False,True,True,True
ChrimsonR (simplified),590,1,5,40,2.828,0.2,1.382,0.2,0.1831,False,True,True,True
ChrimsonR (simplified),590,1,5,40,4,0.2,1.954,0.25,0.2589,False,True,True,True
ChrimsonR (simplified),590,1,5,40,5.657,0.2,2.763,0.3,0.3662,False,True,True,True
ChrimsonR (simplified),590,1,5,40,8,0.2,3.908,0.4,0.5179,False,False,True,True
ChrimsonR (simplified),590,1,5,40,11.31,0.2,5.527,1,0.7324,True,False,True,True
ChrimsonR (simplified),590,1,5,40,16,0.2,7.816,1,1.036,True,False,False,True
ChrimsonR (simplified),590,1,5,40,22.63,0.2,11.05,1,1.465,True,False,False,True
ChrimsonR (simplified),590,1,5,40,32,0.2,15.63,1,2.071,True,False,False,False
ChrimsonR (simplified),590,1,5,40,45.25,0.2,22.11,1,2.929,True,False,False,False
ChrimsonR (simplified),590,1,5,60,0.25,0.3,0.1221,0,0.0227,False,True,True,True
ChrimsonR (simplified),590,1,5,60,0.3536,0.3,0.1727,0,0.03211,False,True,True,True
ChrimsonR (simplified),590,1,5,60,0.5,0.3,0.2442,0,0.0454,False,True,True,True
ChrimsonR (simplified),590,1,5,60,0.7071,0.3,0.3454,0,0.06421,False,True,True,True
ChrimsonR (simplified),590,1,5,60,1,0.3,0.4885,0.05,0.0908,False,True,True,True
ChrimsonR (simplified),590,1,5,60,1.414,0.3,0.6908,0.05,0.1284,False,True,True,True
ChrimsonR (simplified),590,1,5,60,2,0.3,0.977,0.05,0.1816,False,True,True,True
ChrimsonR (simplified),590,1,5,60,2.828,0.3,1.382,0.05,0.2568,False,True,True,True
ChrimsonR (simplified),590,1,5,60,4,0.3,1.954,0.1,0.3632,False,True,True,True
ChrimsonR (simplified),590,1,5,60,5.657,0.3,2.763,0.1,0.5137,False,False,True,True
ChrimsonR (simplified),590,1,5,60,8,0.3,3.908,0.15,0.7264,False,False,True,True
ChrimsonR (simplified),590,1,5,60,11.31,0.3,5.527,0.15,1.027,False,False,False,True
ChrimsonR (simplified),590,1,5,60,16,0.3,7.816,0.2,1.453,False,False,False,True
ChrimsonR (simplified),590,1,5,60,22.63,0.3,11.05,0.2,2.055,False,False,False,False
ChrimsonR (simplified),590,1,5,60,32,0.3,15.63,0.25,2.906,False,False,False,False
ChrimsonR (simplified),590,1,5,60,45.25,0.3,22.11,0.25,4.109,False,False,False,False
ChrimsonR (simplified),590,1,5,80,0.25,0.4,0.1221,0,0.02922,False,True,True,True
ChrimsonR (simplified),590,1,5,80,0.3536,0.4,0.1727,0,0.04133,False,True,True,True
ChrimsonR (simplified),590,1,5,80,0.5,0.4,0.2442,0,0.05844,False,True,True,True
ChrimsonR (simplified),590,1,5,80,0.7071,0.4,0.3454,0,0.08264,False,True,True,True
ChrimsonR (simplified),590,1,5,80,1,0.4,0.4885,0.05,0.1169,False,True,True,True
ChrimsonR (simplified),590,1,5,80,1.414,0.4,0.6908,0.05,0.1653,False,True,True,True
ChrimsonR (simplified),590,1,5,80,2,0.4,0.977,0.05,0.2337,False,True,True,True
ChrimsonR (simplified),590,1,5,80,2.828,0.4,1.382,0.05,0.3306,False,True,True,True
ChrimsonR (simplified),590,1,5,80,4,0.4,1.954,0.05,0.4675,False,True,True,True
ChrimsonR (simplified),590,1,5,80,5.657,0.4,2.763,0.05,0.6611,False,False,True,True
ChrimsonR (simplified),590,1,5,80,8,0.4,3.908,0.05,0.935,False,False,True,True
ChrimsonR (simplified),590,1,5,80,11.31,0.4,5.527,0.05,1.322,False,False,False,True
ChrimsonR (simplified),590,1,5,80,16,0.4,7.816,0.05,1.87,False,False,False,True
ChrimsonR (simplified),590,1,5,80,22.63,0.4,11.05,0.05,2.645,False,False,False,False
ChrimsonR (simplified),590,1,5,80,32,0.4,15.63,0.05,3.74,False,False,False,False
ChrimsonR (simplified),590,1,5,80,45.25,0.4,22.11,0.05,5.289,False,False,False,False
ChrimsonR (simplified),590,1,5,100,0.25,0.5,0.1221,0,0.03574,False,True,True,True
ChrimsonR (simplified),590,1,5,100,0.3536,0.5,0.1727,0,0.05054,False,True,True,True
ChrimsonR (simplified),590,1,5,100,0.5,0.5,0.2442,0,0.07147,False,True,True,True
ChrimsonR (simplified),590,1,5,100,0.7071,0.5,0.3454,0,0.1011,False,True,True,True
ChrimsonR (simplified),590,1,5,100,1,0.5,0.4885,0.05,0.1429,False,True,True,True
ChrimsonR (simplified),590,1,5,100,1.414,0.5,0.6908,0.05,0.2022,False,True,True,True
ChrimsonR (simplified),590,1,5,100,2,0.5,0.977,0.05,0.2859,False,True,True,True
ChrimsonR (simplified),590,1,5,100,2.828,0.5,1.382,0.05,0.4043,False,True,True,True
ChrimsonR (simplified),590,1,5,100,4,0.5,1.954,0.05,0.5718,False,False,True,True
ChrimsonR (simplified),590,1,5,100,5.657,0.5,2.763,0.05,0.8086,False,False,True,True
ChrimsonR (simplified),590,1,5,100,8,0.5,3.908,0.05,1.144,False,False,False,True
ChrimsonR (simplified),590,1,5,100,11.31,0.5,5.527,0.05,1.617,False,False,False,True
ChrimsonR (simplified),590,1,5,100,16,0.5,7.816,0.05,2.287,False,False,False,False
ChrimsonR (simplified),590,1,5,100,22.63,0.5,11.05,0.05,3.234,False,False,False,False
ChrimsonR (simplified),590,1,5,100,32,0.5,15.63,0.05,4.574,False,False,False,False
ChrimsonR (simplified),590,1,5,100,45.25,0.5,22.11,0.05,6.469,False,False,False,False
ChrimsonR (simplified),590,1,5,125,0.25,0.625,0.1221,0,0.04388,False,True,True,True
ChrimsonR (simplified),590,1,5,125,0.3536,0.625,0.1727,0,0.06207,False,True,True,True
ChrimsonR (simplified),590,1,5,125,0.5,0.625,0.2442,0,0.08777,False,True,True,True
ChrimsonR (simplified),590,1,5,125,0.7071,0.625,0.3454,0,0.1241,False,True,True,True
ChrimsonR (simplified),590,1,5,125,1,0.625,0.4885,0.05,0.1755,False,True,True,True
ChrimsonR (simplified),590,1,5,125,1.414,0.625,0.6908,0.05,0.2482,False,True,True,True
ChrimsonR (simplified),590,1,5,125,2,0.625,0.977,0.05,0.3511,False,True,True,True
ChrimsonR (simplified),590,1,5,125,2.828,0.625,1.382,0.05,0.4965,False,True,True,True
ChrimsonR (simplified),590,1,5,125,4,0.625,1.954,0.05,0.7021,False,False,True,True
ChrimsonR (simplified),590,1,5,125,5.657,0.625,2.763,0.05,0.993,False,False,True,True
ChrimsonR (simplified),590,1,5,125,8,0.625,3.908,0.05,1.404,False,False,False,True
ChrimsonR (simplified),590,1,5,125,11.31,0.625,5.527,0.05,1.986,False,False,False,True
ChrimsonR (simplified),590,1,5,125,16,0.625,7.816,0.05,2.809,False,False,False,False
ChrimsonR (simplified),590,1,5,125,22.63,0.625,11.05,0.05,3.972,False,False,False,False
ChrimsonR (simplified),590,1,5,125,32,0.625,15.63,0.05,5.617,False,False,False,False
ChrimsonR (simplified),590,1,5,125,45.25,0.625,22.11,0.05,7.944,False,False,False,False
ChrimsonR (simplified),590,1,5,150,0.25,0.75,0.1221,0,0.05203,False,True,True,True
ChrimsonR (simplified),590,1,5,150,0.3536,0.75,0.1727,0,0.07359,False,True,True,True
ChrimsonR (simplified),590,1,5,150,0.5,0.75,0.2442,0,0.1041,False,True,True,True
ChrimsonR (simplified),590,1,5,150,0.7071,0.75,0.3454,0,0.1472,False,True,True,True
ChrimsonR (simplified),590,1,5,150,1,0.75,0.4885,0.1,0.2081,False,True,True,True
ChrimsonR (simplified),590,1,5,150,1.414,0.75,0.6908,0.1,0.2943,False,True,True,True
ChrimsonR (simplified),590,1,5,150,2,0.75,0.977,0.1,0.4162,False,True,True,True
ChrimsonR (simplified),590,1,5,150,2.828,0.75,1.382,0.05,0.5886,False,False,True,True
ChrimsonR (simplified),590,1,5,150,4,0.75,1.954,0.05,0.8325,False,False,True,True
ChrimsonR (simplified),590,1,5,150,5.657,0.75,2.763,0.05,1.177,False,False,False,True
ChrimsonR (simplified),590,1,5,150,8,0.75,3.908,0.05,1.665,False,False,False,True
ChrimsonR (simplified),590,1,5,150,11.31,0.75,5.527,0.05,2.355,False,False,False,False
ChrimsonR (simplified),590,1,5,150,16,0.75,7.816,0.05,3.33,False,False,False,False
ChrimsonR (simplified),590,1,5,150,22.63,0.75,11.05,0.05,4.709,False,False,False,False
ChrimsonR (simplified),590,1,5,150,32,0.75,15.63,0.05,6.66,False,False,False,False
ChrimsonR (simplified),590,1,5,150,45.25,0.75,22.11,0.05,9.418,False,False,False,False
ChrimsonR (simplified),590,1,10,10,0.25,0.1,0.1221,0,0.01227,False,True,True,True
ChrimsonR (simplified),590,1,10,10,0.3536,0.1,0.1727,0,0.01736,False,True,True,True
ChrimsonR (simplified),590,1,10,10,0.5,0.1,0.2442,0,0.02454,False,True,True,True
ChrimsonR (simplified),590,1,10,10,0.7071,0.1,0.3454,0,0.03471,False,True,True,True
ChrimsonR (simplified),590,1,10,10,1,0.1,0.4885,0.05,0.04908,False,True,True,True
ChrimsonR (simplified),590,1,10,10,1.414,0.1,0.6908,0.1,0.06941,False,True,True,True
ChrimsonR (simplified),590,1,10,10,2,0.1,0.977,0.15,0.09816,False,True,True,True
ChrimsonR (simplified),590,1,10,10,2.828,0.1,1.382,0.3,0.1388,False,True,True,True
ChrimsonR (simplified),590,1,10,10,4,0.1,1.954,0.95,0.1963,True,True,True,True
ChrimsonR (simplified),590,1,10,10,5.657,0.1,2.763,0.95,0.2777,True,True,True,True
ChrimsonR (simplified),590,1,10,10,8,0.1,3.908,0.95,0.3927,True,True,True,True
ChrimsonR (simplified),590,1,10,10,11.31,0.1,5.527,1,0.5553,True,False,True,True
ChrimsonR (simplified),590,1,10,10,16,0.1,7.816,1,0.7853,True,False,True,True
ChrimsonR (simplified),590,1,10,10,22.63,0.1,11.05,1,1.111,True,False,False,True
ChrimsonR (simplified),590,1,10,10,32,0.1,15.63,1,1.571,True,False,False,True
ChrimsonR (simplified),590,1,10,10,45.25,0.1,22.11,1,2.221,True,False,False,False
ChrimsonR (simplified),590,1,10,20,0.25,0.2,0.1221,0,0.01879,False,True,True,True
ChrimsonR (simplified),590,1,10,20,0.3536,0.2,0.1727,0,0.02657,False,True,True,True
ChrimsonR (simplified),590,1,10,20,0.5,0.2,0.2442,0,0.03758,False,True,True,True
ChrimsonR (simplified),590,1,10,20,0.7071,0.2,0.3454,0,0.05314,False,True,True,True
ChrimsonR (simplified),590,1,10,20,1,0.2,0.4885,0,0.07515,False,True,True,True
ChrimsonR (simplified),590,1,10,20,1.414,0.2,0.6908,0.05,0.1063,False,True,True,True
ChrimsonR (simplified),590,1,10,20,2,0.2,0.977,0.1,0.1503,False,True,True,True
ChrimsonR (simplified),590,1,10,20,2.828,0.2,1.382,0.15,0.2126,False,True,True,True
ChrimsonR (simplified),590,1,10,20,4,0.2,1.954,0.5,0.3006,False,True,True,True
ChrimsonR (simplified),590,1,10,20,5.657,0.2,2.763,0.95,0.4251,True,True,True,True
ChrimsonR (simplified),590,1,10,20,8,0.2,3.908,0.95,0.6012,True,False,True,True
ChrimsonR (simplified),590,1,10,20,11.31,0.2,5.527,1,0.8503,True,False,True,True
ChrimsonR (simplified),590,1,10,20,16,0.2,7.816,1,1.202,True,False,False,True
ChrimsonR (simplified),590,1,10,20,22.63,0.2,11.05,1,1.701,True,False,False,True
ChrimsonR (simplified),590,1,10,20,32,0.2,15.63,1,2.405,True,False,False,False
ChrimsonR (simplified),590,1,10,20,45.25,0.2,22.11,1,3.401,True,False,False,False
ChrimsonR (simplified),590,1,10,40,0.25,0.4,0.1221,0,0.03182,False,True,True,True
ChrimsonR (simplified),590,1,10,40,0.3536,0.4,0.1727,0,0.04501,False,True,True,True
ChrimsonR (simplified),590,1,10,40,0.5,0.4,0.2442,0,0.06365,False,True,True,True
ChrimsonR (simplified),590,1,10,40,0.7071,0.4,0.3454,0,0.09001,False,True,True,True
ChrimsonR (simplified),590,1,10,40,1,0.4,0.4885,0,0.1273,False,True,True,True
ChrimsonR (simplified),590,1,10,40,1.414,0.4,0.6908,0,0.18,False,True,True,True
ChrimsonR (simplified),590,1,10,40,2,0.4,0.977,0,0.2546,False,True,True,True
ChrimsonR (simplified),590,1,10,40,2.828,0.4,1.382,0,0.36,False,True,True,True
ChrimsonR (simplified),590,1,10,40,4,0.4,1.954,0.05,0.5092,False,False,True,True
ChrimsonR (simplified),590,1,10,40,5.657,0.4,2.763,0.05,0.7201,False,False,True,True
ChrimsonR (simplified),590,1,10,40,8,0.4,3.908,0.1,1.018,False,False,False,True
ChrimsonR (simplified),590,1,10,40,11.31,0.4,5.527,0.2,1.44,False,False,False,True
ChrimsonR (simplified),590,1,10,40,16,0.4,7.816,0.25,2.037,False,False,False,False
ChrimsonR (simplified),590,1,10,40,22.63,0.4,11.05,1,2.88,True,False,False,False
ChrimsonR (simplified),590,1,10,40,32,0.4,15.63,1,4.073,True,False,False,False
ChrimsonR (simplified),590,1,10,40,45.25,0.4,22.11,1,5.761,True,False,False,False
ChrimsonR (simplified),590,1,10,60,0.25,0.6,0.1221,0,0.04486,False,True,True,True
ChrimsonR (simplified),590,1,10,60,0.3536,0.6,0.1727,0,0.06345,False,True,True,True
ChrimsonR (simplified),590,1,10,60,0.5,0.6,0.2442,0,0.08972,False,True,True,True
ChrimsonR (simplified),590,1,10,60,0.7071,0.6,0.3454,0,0.1269,False,True,True,True
ChrimsonR (simplified),590,1,10,60,1,0.6,0.4885,0,0.1794,False,True,True,True
ChrimsonR (simplified),590,1,10,60,1.414,0.6,0.6908,0,0.2538,False,True,True,True
ChrimsonR (simplified),590,1,10,60,2,0.6,0.977,0,0.3589,False,True,True,True
ChrimsonR (simplified),590,1,10,60,2.828,0.6,1.382,0,0.5075,False,False,True,True
ChrimsonR (simplified),590,1,10,60,4,0.6,1.954,0,0.7177,False,False,True,True
ChrimsonR (simplified),590,1,10,60,5.657,0.6,2.763,0,1.015,False,False,False,True
ChrimsonR (simplified),590,1,10,60,8,0.6,3.908,0,1.435,False,False,False,True
ChrimsonR (simplified),590,1,10,60,11.31,0.6,5.527,0.05,2.03,False,False,False,False
ChrimsonR (simplified),590,1,10,60,16,0.6,7.816,0.05,2.871,False,False,False,False
ChrimsonR (simplified),590,1,10,60,22.63,0.6,11.05,0.05,4.06,False,False,False,False
ChrimsonR (simplified),590,1,10,60,32,0.6,15.63,0.05,5.742,False,False,False,False
ChrimsonR (simplified),590,1,10,60,45.25,0.6,22.11,0.05,8.12,False,False,False,False
ChrimsonR (simplified),590,1,10,80,0.25,0.8,0.1221,0,0.05789,False,True,True,True
ChrimsonR (simplified),590,1,10,80,0.3536,0.8,0.1727,0,0.08188,False,True,True,True
ChrimsonR (simplified),590,1,10,80,0.5,0.8,0.2442,0,0.1158,False,True,True,True
ChrimsonR (simplified),590,1,10,80,0.7071,0.8,0.3454,0,0.1637,False,True,True,True
ChrimsonR (simplified),590,1,10,80,1,0.8,0.4885,0,0.2316,False,True,True,True
ChrimsonR (simplified),590,1,10,80,1.414,0.8,0.6908,0,0.3275,False,True,True,True
ChrimsonR (simplified),590,1,10,80,2,0.8,0.977,0,0.4631,False,True,True,True
ChrimsonR (simplified),590,1,10,80,2.828,0.8,1.382,0,0.655,False,False,True,True
ChrimsonR (simplified),590,1,10,80,4,0.8,1.954,0,0.9263,False,False,True,True
ChrimsonR (simplified),590,1,10,80,5.657,0.8,2.763,0,1.31,False,False,False,True
ChrimsonR (simplified),590,1,10,80,8,0.8,3.908,0,1.853,False,False,False,True
ChrimsonR (simplified),590,1,10,80,11.31,0.8,5.527,0.05,2.62,False,False,False,False
ChrimsonR (simplified),590,1,10,80,16,0.8,7.816,0.05,3.705,False,False,False,False
ChrimsonR (simplified),590,1,10,80,22.63,0.8,11.05,0.05,5.24,False,False,False,False
ChrimsonR (simplified),590,1,10,80,32,0.8,15.63,0.05,7.41,False,False,False,False
ChrimsonR (simplified),590,1,10,80,45.25,0.8,22.11,0.05,10.48,False,False,False,False
