# IceCube in-ice optical sensor positions (86 strings x 60 sensors = 5160), IceCube coordinates in metres.
# Derived from icecube/ppc ice/spice_ftp-v3m/geo-f2k (z_icecube = z_f2k + 1948.07 m) and eff-f2k (Type 1 = high-QE, rde set to 1.35),
# D. Chirkin, icecube/ppc v1.0, Zenodo https://doi.org/10.5281/zenodo.10410725 (CC-BY-4.0). Columns: string,om,x_m,y_m,z_m,rde
string,om,x_m,y_m,z_m,rde
1,1,-256.14,-521.08,496.03,1.00
1,2,-256.14,-521.08,479.01,1.00
1,3,-256.14,-521.08,461.99,1.00
1,4,-256.14,-521.08,444.97,1.00
1,5,-256.14,-521.08,427.95,1.00
1,6,-256.14,-521.08,410.93,1.00
1,7,-256.14,-521.08,393.91,1.00
1,8,-256.14,-521.08,376.88,1.00
1,9,-256.14,-521.08,359.86,1.00
1,10,-256.14,-521.08,342.84,1.00
1,11,-256.14,-521.08,325.82,1.00
1,12,-256.14,-521.08,308.80,1.00
1,13,-256.14,-521.08,291.78,1.00
1,14,-256.14,-521.08,274.76,1.00
1,15,-256.14,-521.08,257.74,1.00
1,16,-256.14,-521.08,240.72,1.00
1,17,-256.14,-521.08,223.70,1.00
1,18,-256.14,-521.08,206.68,1.00
1,19,-256.14,-521.08,189.66,1.00
1,20,-256.14,-521.08,172.64,1.00
1,21,-256.14,-521.08,155.62,1.00
1,22,-256.14,-521.08,138.59,1.00
1,23,-256.14,-521.08,121.57,1.00
1,24,-256.14,-521.08,104.55,1.00
1,25,-256.14,-521.08,87.53,1.00
1,26,-256.14,-521.08,70.51,1.00
1,27,-256.14,-521.08,53.49,1.00
1,28,-256.14,-521.08,36.47,1.00
1,29,-256.14,-521.08,19.45,1.00
1,30,-256.14,-521.08,2.43,1.00
1,31,-256.14,-521.08,-14.59,1.00
1,32,-256.14,-521.08,-31.61,1.00
1,33,-256.14,-521.08,-48.63,1.00
1,34,-256.14,-521.08,-65.65,1.00
1,35,-256.14,-521.08,-82.68,1.00
1,36,-256.14,-521.08,-99.70,1.00
1,37,-256.14,-521.08,-116.72,1.00
1,38,-256.14,-521.08,-133.74,1.00
1,39,-256.14,-521.08,-150.76,1.00
1,40,-256.14,-521.08,-167.78,1.00
1,41,-256.14,-521.08,-184.80,1.00
1,42,-256.14,-521.08,-201.82,1.00
1,43,-256.14,-521.08,-218.84,1.00
1,44,-256.14,-521.08,-235.86,1.00
1,45,-256.14,-521.08,-252.88,1.00
1,46,-256.14,-521.08,-269.90,1.00
1,47,-256.14,-521.08,-286.92,1.00
1,48,-256.14,-521.08,-303.95,1.00
1,49,-256.14,-521.08,-320.97,1.00
1,50,-256.14,-521.08,-337.99,1.00
1,51,-256.14,-521.08,-355.01,1.00
1,52,-256.14,-521.08,-372.03,1.00
1,53,-256.14,-521.08,-389.05,1.00
1,54,-256.14,-521.08,-406.07,1.00
1,55,-256.14,-521.08,-423.09,1.00
1,56,-256.14,-521.08,-440.11,1.00
1,57,-256.14,-521.08,-457.13,1.00
1,58,-256.14,-521.08,-474.15,1.00
1,59,-256.14,-521.08,-491.17,1.00
1,60,-256.14,-521.08,-504.40,1.00
2,1,-132.80,-501.45,500.07,1.00
2,2,-132.80,-501.45,483.05,1.00
2,3,-132.80,-501.45,466.03,1.00
2,4,-132.80,-501.45,449.01,1.00
2,5,-132.80,-501.45,431.99,1.00
2,6,-132.80,-501.45,414.97,1.00
2,7,-132.80,-501.45,397.95,1.00
2,8,-132.80,-501.45,380.93,1.00
2,9,-132.80,-501.45,363.91,1.00
2,10,-132.80,-501.45,346.89,1.00
2,11,-132.80,-501.45,329.87,1.00
2,12,-132.80,-501.45,312.85,1.00
2,13,-132.80,-501.45,295.83,1.00
2,14,-132.80,-501.45,278.80,1.00
2,15,-132.80,-501.45,261.78,1.00
2,16,-132.80,-501.45,244.76,1.00
2,17,-132.80,-501.45,227.74,1.00
2,18,-132.80,-501.45,210.72,1.00
2,19,-132.80,-501.45,193.70,1.00
2,20,-132.80,-501.45,176.68,1.00
2,21,-132.80,-501.45,159.66,1.00
2,22,-132.80,-501.45,142.64,1.00
2,23,-132.80,-501.45,125.62,1.00
2,24,-132.80,-501.45,108.60,1.00
2,25,-132.80,-501.45,91.58,1.00
2,26,-132.80,-501.45,74.56,1.00
2,27,-132.80,-501.45,57.54,1.00
2,28,-132.80,-501.45,40.51,1.00
2,29,-132.80,-501.45,23.49,1.00
2,30,-132.80,-501.45,6.47,1.00
2,31,-132.80,-501.45,-10.55,1.00
2,32,-132.80,-501.45,-27.57,1.00
2,33,-132.80,-501.45,-44.59,1.00
2,34,-132.80,-501.45,-61.61,1.00
2,35,-132.80,-501.45,-78.63,1.00
2,36,-132.80,-501.45,-95.65,1.00
2,37,-132.80,-501.45,-112.67,1.00
2,38,-132.80,-501.45,-129.69,1.00
2,39,-132.80,-501.45,-146.71,1.00
2,40,-132.80,-501.45,-163.73,1.00
2,41,-132.80,-501.45,-180.76,1.00
2,42,-132.80,-501.45,-197.78,1.00
2,43,-132.80,-501.45,-214.80,1.00
2,44,-132.80,-501.45,-231.82,1.00
2,45,-132.80,-501.45,-248.84,1.00
2,46,-132.80,-501.45,-265.86,1.00
2,47,-132.80,-501.45,-282.88,1.00
2,48,-132.80,-501.45,-299.90,1.00
2,49,-132.80,-501.45,-316.92,1.00
2,50,-132.80,-501.45,-333.94,1.00
2,51,-132.80,-501.45,-350.96,1.00
2,52,-132.80,-501.45,-367.98,1.00
2,53,-132.80,-501.45,-385.00,1.00
2,54,-132.80,-501.45,-402.03,1.00
2,55,-132.80,-501.45,-419.05,1.00
2,56,-132.80,-501.45,-436.07,1.00
2,57,-132.80,-501.45,-453.09,1.00
2,58,-132.80,-501.45,-470.11,1.00
2,59,-132.80,-501.45,-487.13,1.00
2,60,-132.80,-501.45,-504.15,1.00
3,1,-9.13,-481.74,499.23,1.00
3,2,-9.13,-481.74,482.21,1.00
3,3,-9.13,-481.74,465.19,1.00
3,4,-9.13,-481.74,448.17,1.00
3,5,-9.13,-481.74,431.15,1.00
3,6,-9.13,-481.74,414.13,1.00
3,7,-9.13,-481.74,397.11,1.00
3,8,-9.13,-481.74,380.09,1.00
3,9,-9.13,-481.74,363.07,1.00
3,10,-9.13,-481.74,346.05,1.00
3,11,-9.13,-481.74,329.03,1.00
3,12,-9.13,-481.74,312.01,1.00
3,13,-9.13,-481.74,294.99,1.00
3,14,-9.13,-481.74,277.96,1.00
3,15,-9.13,-481.74,260.94,1.00
3,16,-9.13,-481.74,243.92,1.00
3,17,-9.13,-481.74,226.90,1.00
3,18,-9.13,-481.74,209.88,1.00
3,19,-9.13,-481.74,192.86,1.00
3,20,-9.13,-481.74,175.84,1.00
3,21,-9.13,-481.74,158.82,1.00
3,22,-9.13,-481.74,141.80,1.00
3,23,-9.13,-481.74,124.78,1.00
3,24,-9.13,-481.74,107.76,1.00
3,25,-9.13,-481.74,90.74,1.00
3,26,-9.13,-481.74,73.72,1.00
3,27,-9.13,-481.74,56.70,1.00
3,28,-9.13,-481.74,39.67,1.00
3,29,-9.13,-481.74,22.65,1.00
3,30,-9.13,-481.74,5.63,1.00
3,31,-9.13,-481.74,-11.39,1.00
3,32,-9.13,-481.74,-28.41,1.00
3,33,-9.13,-481.74,-45.43,1.00
3,34,-9.13,-481.74,-62.45,1.00
3,35,-9.13,-481.74,-79.47,1.00
3,36,-9.13,-481.74,-96.49,1.00
3,37,-9.13,-481.74,-113.51,1.00
3,38,-9.13,-481.74,-130.53,1.00
3,39,-9.13,-481.74,-147.55,1.00
3,40,-9.13,-481.74,-164.57,1.00
3,41,-9.13,-481.74,-181.60,1.00
3,42,-9.13,-481.74,-198.62,1.00
3,43,-9.13,-481.74,-215.64,1.00
3,44,-9.13,-481.74,-232.66,1.00
3,45,-9.13,-481.74,-249.68,1.00
3,46,-9.13,-481.74,-266.70,1.00
3,47,-9.13,-481.74,-283.72,1.00
3,48,-9.13,-481.74,-300.74,1.00
3,49,-9.13,-481.74,-317.76,1.00
3,50,-9.13,-481.74,-334.78,1.00
3,51,-9.13,-481.74,-351.80,1.00
3,52,-9.13,-481.74,-368.82,1.00
3,53,-9.13,-481.74,-385.84,1.00
3,54,-9.13,-481.74,-402.87,1.00
3,55,-9.13,-481.74,-419.89,1.00
3,56,-9.13,-481.74,-436.91,1.00
3,57,-9.13,-481.74,-453.93,1.00
3,58,-9.13,-481.74,-470.95,1.00
3,59,-9.13,-481.74,-487.97,1.00
3,60,-9.13,-481.74,-504.99,1.00
4,1,114.39,-461.99,498.66,1.00
4,2,114.39,-461.99,481.64,1.00
4,3,114.39,-461.99,464.62,1.00
4,4,114.39,-461.99,447.60,1.00
4,5,114.39,-461.99,430.58,1.00
4,6,114.39,-461.99,413.56,1.00
4,7,114.39,-461.99,396.54,1.00
4,8,114.39,-461.99,379.52,1.00
4,9,114.39,-461.99,362.50,1.00
4,10,114.39,-461.99,345.48,1.00
4,11,114.39,-461.99,328.46,1.00
4,12,114.39,-461.99,311.44,1.00
4,13,114.39,-461.99,294.42,1.00
4,14,114.39,-461.99,277.39,1.00
4,15,114.39,-461.99,260.37,1.00
4,16,114.39,-461.99,243.35,1.00
4,17,114.39,-461.99,226.33,1.00
4,18,114.39,-461.99,209.31,1.00
4,19,114.39,-461.99,192.29,1.00
4,20,114.39,-461.99,175.27,1.00
4,21,114.39,-461.99,158.25,1.00
4,22,114.39,-461.99,141.23,1.00
4,23,114.39,-461.99,124.21,1.00
4,24,114.39,-461.99,107.19,1.00
4,25,114.39,-461.99,90.17,1.00
4,26,114.39,-461.99,73.15,1.00
4,27,114.39,-461.99,56.13,1.00
4,28,114.39,-461.99,39.10,1.00
4,29,114.39,-461.99,22.08,1.00
4,30,114.39,-461.99,5.06,1.00
4,31,114.39,-461.99,-11.96,1.00
4,32,114.39,-461.99,-28.98,1.00
4,33,114.39,-461.99,-46.00,1.00
4,34,114.39,-461.99,-63.02,1.00
4,35,114.39,-461.99,-80.04,1.00
4,36,114.39,-461.99,-97.06,1.00
4,37,114.39,-461.99,-114.08,1.00
4,38,114.39,-461.99,-131.10,1.00
4,39,114.39,-461.99,-148.12,1.00
4,40,114.39,-461.99,-165.14,1.00
4,41,114.39,-461.99,-182.17,1.00
4,42,114.39,-461.99,-199.19,1.00
4,43,114.39,-461.99,-216.21,1.00
4,44,114.39,-461.99,-233.23,1.00
4,45,114.39,-461.99,-250.25,1.00
4,46,114.39,-461.99,-267.27,1.00
4,47,114.39,-461.99,-284.29,1.00
4,48,114.39,-461.99,-301.31,1.00
4,49,114.39,-461.99,-318.33,1.00
4,50,114.39,-461.99,-335.35,1.00
4,51,114.39,-461.99,-352.37,1.00
4,52,114.39,-461.99,-369.39,1.00
4,53,114.39,-461.99,-386.41,1.00
4,54,114.39,-461.99,-403.44,1.00
4,55,114.39,-461.99,-420.46,1.00
4,56,114.39,-461.99,-437.48,1.00
4,57,114.39,-461.99,-454.50,1.00
4,58,114.39,-461.99,-471.52,1.00
4,59,114.39,-461.99,-488.54,1.00
4,60,114.39,-461.99,-505.56,1.00
5,1,237.78,-442.42,501.46,1.00
5,2,237.78,-442.42,484.44,1.00
5,3,237.78,-442.42,467.42,1.00
5,4,237.78,-442.42,450.40,1.00
5,5,237.78,-442.42,433.38,1.00
5,6,237.78,-442.42,416.36,1.00
5,7,237.78,-442.42,399.34,1.00
5,8,237.78,-442.42,382.32,1.00
5,9,237.78,-442.42,365.30,1.00
5,10,237.78,-442.42,348.28,1.00
5,11,237.78,-442.42,331.26,1.00
5,12,237.78,-442.42,314.24,1.00
5,13,237.78,-442.42,297.22,1.00
5,14,237.78,-442.42,280.19,1.00
5,15,237.78,-442.42,263.17,1.00
5,16,237.78,-442.42,246.15,1.00
5,17,237.78,-442.42,229.13,1.00
5,18,237.78,-442.42,212.11,1.00
5,19,237.78,-442.42,195.09,1.00
5,20,237.78,-442.42,178.07,1.00
5,21,237.78,-442.42,161.05,1.00
5,22,237.78,-442.42,144.03,1.00
5,23,237.78,-442.42,127.01,1.00
5,24,237.78,-442.42,109.99,1.00
5,25,237.78,-442.42,92.97,1.00
5,26,237.78,-442.42,75.95,1.00
5,27,237.78,-442.42,58.93,1.00
5,28,237.78,-442.42,41.90,1.00
5,29,237.78,-442.42,24.88,1.00
5,30,237.78,-442.42,7.86,1.00
5,31,237.78,-442.42,-9.16,1.00
5,32,237.78,-442.42,-26.18,1.00
5,33,237.78,-442.42,-43.20,1.00
5,34,237.78,-442.42,-60.22,1.00
5,35,237.78,-442.42,-77.24,1.00
5,36,237.78,-442.42,-94.26,1.00
5,37,237.78,-442.42,-111.28,1.00
5,38,237.78,-442.42,-128.30,1.00
5,39,237.78,-442.42,-145.32,1.00
5,40,237.78,-442.42,-162.34,1.00
5,41,237.78,-442.42,-179.37,1.00
5,42,237.78,-442.42,-196.39,1.00
5,43,237.78,-442.42,-213.41,1.00
5,44,237.78,-442.42,-230.43,1.00
5,45,237.78,-442.42,-247.45,1.00
5,46,237.78,-442.42,-264.47,1.00
5,47,237.78,-442.42,-281.49,1.00
5,48,237.78,-442.42,-298.51,1.00
5,49,237.78,-442.42,-315.53,1.00
5,50,237.78,-442.42,-332.55,1.00
5,51,237.78,-442.42,-349.57,1.00
5,52,237.78,-442.42,-366.59,1.00
5,53,237.78,-442.42,-383.61,1.00
5,54,237.78,-442.42,-400.64,1.00
5,55,237.78,-442.42,-417.66,1.00
5,56,237.78,-442.42,-434.68,1.00
5,57,237.78,-442.42,-451.70,1.00
5,58,237.78,-442.42,-468.72,1.00
5,59,237.78,-442.42,-485.74,1.00
5,60,237.78,-442.42,-502.76,1.00
6,1,361.00,-422.83,499.51,1.00
6,2,361.00,-422.83,482.49,1.00
6,3,361.00,-422.83,465.47,1.00
6,4,361.00,-422.83,448.45,1.00
6,5,361.00,-422.83,431.43,1.00
6,6,361.00,-422.83,414.41,1.00
6,7,361.00,-422.83,397.39,1.00
6,8,361.00,-422.83,380.37,1.00
6,9,361.00,-422.83,363.35,1.00
6,10,361.00,-422.83,346.33,1.00
6,11,361.00,-422.83,329.31,1.00
6,12,361.00,-422.83,312.29,1.00
6,13,361.00,-422.83,295.27,1.00
6,14,361.00,-422.83,278.24,1.00
6,15,361.00,-422.83,261.22,1.00
6,16,361.00,-422.83,244.20,1.00
6,17,361.00,-422.83,227.18,1.00
6,18,361.00,-422.83,210.16,1.00
6,19,361.00,-422.83,193.14,1.00
6,20,361.00,-422.83,176.12,1.00
6,21,361.00,-422.83,159.10,1.00
6,22,361.00,-422.83,142.08,1.00
6,23,361.00,-422.83,125.06,1.00
6,24,361.00,-422.83,108.04,1.00
6,25,361.00,-422.83,91.02,1.00
6,26,361.00,-422.83,74.00,1.00
6,27,361.00,-422.83,56.98,1.00
6,28,361.00,-422.83,39.95,1.00
6,29,361.00,-422.83,22.93,1.00
6,30,361.00,-422.83,5.91,1.00
6,31,361.00,-422.83,-11.11,1.00
6,32,361.00,-422.83,-28.13,1.00
6,33,361.00,-422.83,-45.15,1.00
6,34,361.00,-422.83,-62.17,1.00
6,35,361.00,-422.83,-79.19,1.00
6,36,361.00,-422.83,-96.21,1.00
6,37,361.00,-422.83,-113.23,1.00
6,38,361.00,-422.83,-130.25,1.00
6,39,361.00,-422.83,-147.27,1.00
6,40,361.00,-422.83,-164.29,1.00
6,41,361.00,-422.83,-181.32,1.00
6,42,361.00,-422.83,-198.34,1.00
6,43,361.00,-422.83,-215.36,1.00
6,44,361.00,-422.83,-232.38,1.00
6,45,361.00,-422.83,-249.40,1.00
6,46,361.00,-422.83,-266.42,1.00
6,47,361.00,-422.83,-283.44,1.00
6,48,361.00,-422.83,-300.46,1.00
6,49,361.00,-422.83,-317.48,1.00
6,50,361.00,-422.83,-334.50,1.00
6,51,361.00,-422.83,-351.52,1.00
6,52,361.00,-422.83,-368.54,1.00
6,53,361.00,-422.83,-385.56,1.00
6,54,361.00,-422.83,-402.59,1.00
6,55,361.00,-422.83,-419.61,1.00
6,56,361.00,-422.83,-436.63,1.00
6,57,361.00,-422.83,-453.65,1.00
6,58,361.00,-422.83,-470.67,1.00
6,59,361.00,-422.83,-487.69,1.00
6,60,361.00,-422.83,-504.71,1.00
7,1,-334.80,-424.50,500.59,1.00
7,2,-334.80,-424.50,483.57,1.00
7,3,-334.80,-424.50,466.55,1.00
7,4,-334.80,-424.50,449.53,1.00
7,5,-334.80,-424.50,432.51,1.00
7,6,-334.80,-424.50,415.49,1.00
7,7,-334.80,-424.50,398.47,1.00
7,8,-334.80,-424.50,381.45,1.00
7,9,-334.80,-424.50,364.43,1.00
7,10,-334.80,-424.50,347.41,1.00
7,11,-334.80,-424.50,330.39,1.00
7,12,-334.80,-424.50,313.37,1.00
7,13,-334.80,-424.50,296.35,1.00
7,14,-334.80,-424.50,279.32,1.00
7,15,-334.80,-424.50,262.30,1.00
7,16,-334.80,-424.50,245.28,1.00
7,17,-334.80,-424.50,228.26,1.00
7,18,-334.80,-424.50,211.24,1.00
7,19,-334.80,-424.50,194.22,1.00
7,20,-334.80,-424.50,177.20,1.00
7,21,-334.80,-424.50,160.18,1.00
7,22,-334.80,-424.50,143.16,1.00
7,23,-334.80,-424.50,126.14,1.00
7,24,-334.80,-424.50,109.12,1.00
7,25,-334.80,-424.50,92.10,1.00
7,26,-334.80,-424.50,75.08,1.00
7,27,-334.80,-424.50,58.06,1.00
7,28,-334.80,-424.50,41.03,1.00
7,29,-334.80,-424.50,24.01,1.00
7,30,-334.80,-424.50,6.99,1.00
7,31,-334.80,-424.50,-10.03,1.00
7,32,-334.80,-424.50,-27.05,1.00
7,33,-334.80,-424.50,-44.07,1.00
7,34,-334.80,-424.50,-61.09,1.00
7,35,-334.80,-424.50,-78.11,1.00
7,36,-334.80,-424.50,-95.13,1.00
7,37,-334.80,-424.50,-112.15,1.00
7,38,-334.80,-424.50,-129.17,1.00
7,39,-334.80,-424.50,-146.19,1.00
7,40,-334.80,-424.50,-163.21,1.00
7,41,-334.80,-424.50,-180.24,1.00
7,42,-334.80,-424.50,-197.26,1.00
7,43,-334.80,-424.50,-214.28,1.00
7,44,-334.80,-424.50,-231.30,1.00
7,45,-334.80,-424.50,-248.32,1.00
7,46,-334.80,-424.50,-265.34,1.00
7,47,-334.80,-424.50,-282.36,1.00
7,48,-334.80,-424.50,-299.38,1.00
7,49,-334.80,-424.50,-316.40,1.00
7,50,-334.80,-424.50,-333.42,1.00
7,51,-334.80,-424.50,-350.44,1.00
7,52,-334.80,-424.50,-367.46,1.00
7,53,-334.80,-424.50,-384.48,1.00
7,54,-334.80,-424.50,-401.51,1.00
7,55,-334.80,-424.50,-418.53,1.00
7,56,-334.80,-424.50,-435.55,1.00
7,57,-334.80,-424.50,-452.57,1.00
7,58,-334.80,-424.50,-469.59,1.00
7,59,-334.80,-424.50,-486.61,1.00
7,60,-334.80,-424.50,-503.63,1.00
8,1,-211.35,-404.48,498.63,1.00
8,2,-211.35,-404.48,481.61,1.00
8,3,-211.35,-404.48,464.59,1.00
8,4,-211.35,-404.48,447.56,1.00
8,5,-211.35,-404.48,430.54,1.00
8,6,-211.35,-404.48,413.52,1.00
8,7,-211.35,-404.48,396.50,1.00
8,8,-211.35,-404.48,379.48,1.00
8,9,-211.35,-404.48,362.46,1.00
8,10,-211.35,-404.48,345.44,1.00
8,11,-211.35,-404.48,328.42,1.00
8,12,-211.35,-404.48,311.40,1.00
8,13,-211.35,-404.48,294.38,1.00
8,14,-211.35,-404.48,277.36,1.00
8,15,-211.35,-404.48,260.34,1.00
8,16,-211.35,-404.48,243.32,1.00
8,17,-211.35,-404.48,226.29,1.00
8,18,-211.35,-404.48,209.27,1.00
8,19,-211.35,-404.48,192.25,1.00
8,20,-211.35,-404.48,175.23,1.00
8,21,-211.35,-404.48,158.21,1.00
8,22,-211.35,-404.48,141.19,1.00
8,23,-211.35,-404.48,124.17,1.00
8,24,-211.35,-404.48,107.15,1.00
8,25,-211.35,-404.48,90.13,1.00
8,26,-211.35,-404.48,73.11,1.00
8,27,-211.35,-404.48,56.09,1.00
8,28,-211.35,-404.48,39.07,1.00
8,29,-211.35,-404.48,22.05,1.00
8,30,-211.35,-404.48,5.02,1.00
8,31,-211.35,-404.48,-12.00,1.00
8,32,-211.35,-404.48,-29.02,1.00
8,33,-211.35,-404.48,-46.04,1.00
8,34,-211.35,-404.48,-63.06,1.00
8,35,-211.35,-404.48,-80.08,1.00
8,36,-211.35,-404.48,-97.10,1.00
8,37,-211.35,-404.48,-114.12,1.00
8,38,-211.35,-404.48,-131.14,1.00
8,39,-211.35,-404.48,-148.16,1.00
8,40,-211.35,-404.48,-165.18,1.00
8,41,-211.35,-404.48,-182.20,1.00
8,42,-211.35,-404.48,-199.22,1.00
8,43,-211.35,-404.48,-216.24,1.00
8,44,-211.35,-404.48,-233.27,1.00
8,45,-211.35,-404.48,-250.29,1.00
8,46,-211.35,-404.48,-267.31,1.00
8,47,-211.35,-404.48,-284.33,1.00
8,48,-211.35,-404.48,-301.35,1.00
8,49,-211.35,-404.48,-318.37,1.00
8,50,-211.35,-404.48,-335.39,1.00
8,51,-211.35,-404.48,-352.41,1.00
8,52,-211.35,-404.48,-369.43,1.00
8,53,-211.35,-404.48,-386.45,1.00
8,54,-211.35,-404.48,-403.47,1.00
8,55,-211.35,-404.48,-420.49,1.00
8,56,-211.35,-404.48,-437.51,1.00
8,57,-211.35,-404.48,-454.54,1.00
8,58,-211.35,-404.48,-471.56,1.00
8,59,-211.35,-404.48,-490.38,1.00
8,60,-211.35,-404.48,-507.40,1.00
9,1,-88.05,-384.30,500.02,1.00
9,2,-88.05,-384.30,482.99,1.00
9,3,-88.05,-384.30,465.97,1.00
9,4,-88.05,-384.30,448.95,1.00
9,5,-88.05,-384.30,431.93,1.00
9,6,-88.05,-384.30,414.91,1.00
9,7,-88.05,-384.30,397.89,1.00
9,8,-88.05,-384.30,380.87,1.00
9,9,-88.05,-384.30,363.85,1.00
9,10,-88.05,-384.30,346.83,1.00
9,11,-88.05,-384.30,329.81,1.00
9,12,-88.05,-384.30,312.79,1.00
9,13,-88.05,-384.30,295.77,1.00
9,14,-88.05,-384.30,278.75,1.00
9,15,-88.05,-384.30,261.72,1.00
9,16,-88.05,-384.30,244.70,1.00
9,17,-88.05,-384.30,227.68,1.00
9,18,-88.05,-384.30,210.66,1.00
9,19,-88.05,-384.30,193.64,1.00
9,20,-88.05,-384.30,176.62,1.00
9,21,-88.05,-384.30,159.60,1.00
9,22,-88.05,-384.30,142.58,1.00
9,23,-88.05,-384.30,125.56,1.00
9,24,-88.05,-384.30,108.54,1.00
9,25,-88.05,-384.30,91.52,1.00
9,26,-88.05,-384.30,74.50,1.00
9,27,-88.05,-384.30,57.48,1.00
9,28,-88.05,-384.30,40.46,1.00
9,29,-88.05,-384.30,23.43,1.00
9,30,-88.05,-384.30,6.41,1.00
9,31,-88.05,-384.30,-10.61,1.00
9,32,-88.05,-384.30,-27.63,1.00
9,33,-88.05,-384.30,-44.65,1.00
9,34,-88.05,-384.30,-61.67,1.00
9,35,-88.05,-384.30,-78.69,1.00
9,36,-88.05,-384.30,-95.71,1.00
9,37,-88.05,-384.30,-112.73,1.00
9,38,-88.05,-384.30,-129.75,1.00
9,39,-88.05,-384.30,-146.77,1.00
9,40,-88.05,-384.30,-163.79,1.00
9,41,-88.05,-384.30,-180.81,1.00
9,42,-88.05,-384.30,-197.84,1.00
9,43,-88.05,-384.30,-214.86,1.00
9,44,-88.05,-384.30,-231.88,1.00
9,45,-88.05,-384.30,-248.90,1.00
9,46,-88.05,-384.30,-265.92,1.00
9,47,-88.05,-384.30,-282.94,1.00
9,48,-88.05,-384.30,-299.96,1.00
9,49,-88.05,-384.30,-316.98,1.00
9,50,-88.05,-384.30,-334.00,1.00
9,51,-88.05,-384.30,-351.02,1.00
9,52,-88.05,-384.30,-368.04,1.00
9,53,-88.05,-384.30,-385.06,1.00
9,54,-88.05,-384.30,-402.08,1.00
9,55,-88.05,-384.30,-419.11,1.00
9,56,-88.05,-384.30,-436.13,1.00
9,57,-88.05,-384.30,-453.15,1.00
9,58,-88.05,-384.30,-470.17,1.00
9,59,-88.05,-384.30,-487.19,1.00
9,60,-88.05,-384.30,-504.83,1.00
10,1,35.54,-364.83,497.71,1.00
10,2,35.54,-364.83,480.69,1.00
10,3,35.54,-364.83,463.67,1.00
10,4,35.54,-364.83,446.65,1.00
10,5,35.54,-364.83,429.63,1.00
10,6,35.54,-364.83,412.61,1.00
10,7,35.54,-364.83,395.59,1.00
10,8,35.54,-364.83,378.57,1.00
10,9,35.54,-364.83,361.55,1.00
10,10,35.54,-364.83,344.53,1.00
10,11,35.54,-364.83,327.51,1.00
10,12,35.54,-364.83,310.49,1.00
10,13,35.54,-364.83,293.47,1.00
10,14,35.54,-364.83,276.44,1.00
10,15,35.54,-364.83,259.42,1.00
10,16,35.54,-364.83,242.40,1.00
10,17,35.54,-364.83,225.38,1.00
10,18,35.54,-364.83,208.36,1.00
10,19,35.54,-364.83,191.34,1.00
10,20,35.54,-364.83,174.32,1.00
10,21,35.54,-364.83,157.30,1.00
10,22,35.54,-364.83,140.28,1.00
10,23,35.54,-364.83,123.26,1.00
10,24,35.54,-364.83,106.24,1.00
10,25,35.54,-364.83,89.22,1.00
10,26,35.54,-364.83,72.20,1.00
10,27,35.54,-364.83,55.18,1.00
10,28,35.54,-364.83,38.15,1.00
10,29,35.54,-364.83,21.13,1.00
10,30,35.54,-364.83,4.11,1.00
10,31,35.54,-364.83,-12.91,1.00
10,32,35.54,-364.83,-29.93,1.00
10,33,35.54,-364.83,-46.95,1.00
10,34,35.54,-364.83,-63.97,1.00
10,35,35.54,-364.83,-80.99,1.00
10,36,35.54,-364.83,-98.01,1.00
10,37,35.54,-364.83,-115.03,1.00
10,38,35.54,-364.83,-132.05,1.00
10,39,35.54,-364.83,-149.07,1.00
10,40,35.54,-364.83,-166.09,1.00
10,41,35.54,-364.83,-183.12,1.00
10,42,35.54,-364.83,-200.14,1.00
10,43,35.54,-364.83,-217.16,1.00
10,44,35.54,-364.83,-234.18,1.00
10,45,35.54,-364.83,-251.20,1.00
10,46,35.54,-364.83,-268.22,1.00
10,47,35.54,-364.83,-285.24,1.00
10,48,35.54,-364.83,-302.26,1.00
10,49,35.54,-364.83,-319.28,1.00
10,50,35.54,-364.83,-336.30,1.00
10,51,35.54,-364.83,-353.32,1.00
10,52,35.54,-364.83,-370.34,1.00
10,53,35.54,-364.83,-387.36,1.00
10,54,35.54,-364.83,-404.39,1.00
10,55,35.54,-364.83,-421.41,1.00
10,56,35.54,-364.83,-438.43,1.00
10,57,35.54,-364.83,-455.45,1.00
10,58,35.54,-364.83,-472.47,1.00
10,59,35.54,-364.83,-489.49,1.00
10,60,35.54,-364.83,-506.51,1.00
11,1,158.94,-345.23,499.83,1.00
11,2,158.94,-345.23,482.81,1.00
11,3,158.94,-345.23,465.79,1.00
11,4,158.94,-345.23,448.77,1.00
11,5,158.94,-345.23,431.75,1.00
11,6,158.94,-345.23,414.73,1.00
11,7,158.94,-345.23,397.71,1.00
11,8,158.94,-345.23,380.69,1.00
11,9,158.94,-345.23,363.67,1.00
11,10,158.94,-345.23,346.65,1.00
11,11,158.94,-345.23,329.63,1.00
11,12,158.94,-345.23,312.61,1.00
11,13,158.94,-345.23,295.59,1.00
11,14,158.94,-345.23,278.56,1.00
11,15,158.94,-345.23,261.54,1.00
11,16,158.94,-345.23,244.52,1.00
11,17,158.94,-345.23,227.50,1.00
11,18,158.94,-345.23,210.48,1.00
11,19,158.94,-345.23,193.46,1.00
11,20,158.94,-345.23,176.44,1.00
11,21,158.94,-345.23,159.42,1.00
11,22,158.94,-345.23,142.40,1.00
11,23,158.94,-345.23,125.38,1.00
11,24,158.94,-345.23,108.36,1.00
11,25,158.94,-345.23,91.34,1.00
11,26,158.94,-345.23,74.32,1.00
11,27,158.94,-345.23,57.30,1.00
11,28,158.94,-345.23,40.27,1.00
11,29,158.94,-345.23,23.25,1.00
11,30,158.94,-345.23,6.23,1.00
11,31,158.94,-345.23,-10.79,1.00
11,32,158.94,-345.23,-27.81,1.00
11,33,158.94,-345.23,-44.83,1.00
11,34,158.94,-345.23,-61.85,1.00
11,35,158.94,-345.23,-78.87,1.00
11,36,158.94,-345.23,-95.89,1.00
11,37,158.94,-345.23,-112.91,1.00
11,38,158.94,-345.23,-129.93,1.00
11,39,158.94,-345.23,-146.95,1.00
11,40,158.94,-345.23,-163.97,1.00
11,41,158.94,-345.23,-181.00,1.00
11,42,158.94,-345.23,-198.02,1.00
11,43,158.94,-345.23,-215.04,1.00
11,44,158.94,-345.23,-232.06,1.00
11,45,158.94,-345.23,-249.08,1.00
11,46,158.94,-345.23,-266.10,1.00
11,47,158.94,-345.23,-283.12,1.00
11,48,158.94,-345.23,-300.14,1.00
11,49,158.94,-345.23,-317.16,1.00
11,50,158.94,-345.23,-334.18,1.00
11,51,158.94,-345.23,-351.20,1.00
11,52,158.94,-345.23,-368.22,1.00
11,53,158.94,-345.23,-385.24,1.00
11,54,158.94,-345.23,-402.27,1.00
11,55,158.94,-345.23,-419.29,1.00
11,56,158.94,-345.23,-436.31,1.00
11,57,158.94,-345.23,-453.33,1.00
11,58,158.94,-345.23,-470.35,1.00
11,59,158.94,-345.23,-487.37,1.00
11,60,158.94,-345.23,-504.39,1.00
12,1,282.18,-325.74,498.44,1.00
12,2,282.18,-325.74,481.42,1.00
12,3,282.18,-325.74,464.40,1.00
12,4,282.18,-325.74,447.38,1.00
12,5,282.18,-325.74,430.36,1.00
12,6,282.18,-325.74,413.34,1.00
12,7,282.18,-325.74,396.32,1.00
12,8,282.18,-325.74,379.30,1.00
12,9,282.18,-325.74,362.28,1.00
12,10,282.18,-325.74,345.26,1.00
12,11,282.18,-325.74,328.24,1.00
12,12,282.18,-325.74,311.22,1.00
12,13,282.18,-325.74,294.20,1.00
12,14,282.18,-325.74,277.17,1.00
12,15,282.18,-325.74,260.15,1.00
12,16,282.18,-325.74,243.13,1.00
12,17,282.18,-325.74,226.11,1.00
12,18,282.18,-325.74,209.09,1.00
12,19,282.18,-325.74,192.07,1.00
12,20,282.18,-325.74,175.05,1.00
12,21,282.18,-325.74,158.03,1.00
12,22,282.18,-325.74,141.01,1.00
12,23,282.18,-325.74,123.99,1.00
12,24,282.18,-325.74,106.97,1.00
12,25,282.18,-325.74,89.95,1.00
12,26,282.18,-325.74,72.93,1.00
12,27,282.18,-325.74,55.91,1.00
12,28,282.18,-325.74,38.88,1.00
12,29,282.18,-325.74,21.86,1.00
12,30,282.18,-325.74,4.84,1.00
12,31,282.18,-325.74,-12.18,1.00
12,32,282.18,-325.74,-29.20,1.00
12,33,282.18,-325.74,-46.22,1.00
12,34,282.18,-325.74,-63.24,1.00
12,35,282.18,-325.74,-80.26,1.00
12,36,282.18,-325.74,-97.28,1.00
12,37,282.18,-325.74,-114.30,1.00
12,38,282.18,-325.74,-131.32,1.00
12,39,282.18,-325.74,-148.34,1.00
12,40,282.18,-325.74,-165.36,1.00
12,41,282.18,-325.74,-182.39,1.00
12,42,282.18,-325.74,-199.41,1.00
12,43,282.18,-325.74,-216.43,1.00
12,44,282.18,-325.74,-233.45,1.00
12,45,282.18,-325.74,-250.47,1.00
12,46,282.18,-325.74,-267.49,1.00
12,47,282.18,-325.74,-284.51,1.00
12,48,282.18,-325.74,-301.53,1.00
12,49,282.18,-325.74,-318.55,1.00
12,50,282.18,-325.74,-335.57,1.00
12,51,282.18,-325.74,-352.59,1.00
12,52,282.18,-325.74,-369.61,1.00
12,53,282.18,-325.74,-386.63,1.00
12,54,282.18,-325.74,-403.66,1.00
12,55,282.18,-325.74,-420.68,1.00
12,56,282.18,-325.74,-437.70,1.00
12,57,282.18,-325.74,-454.72,1.00
12,58,282.18,-325.74,-471.74,1.00
12,59,282.18,-325.74,-488.76,1.00
12,60,282.18,-325.74,-505.78,1.00
13,1,405.83,-306.38,495.13,1.00
13,2,405.83,-306.38,478.11,1.00
13,3,405.83,-306.38,461.09,1.00
13,4,405.83,-306.38,444.07,1.00
13,5,405.83,-306.38,427.05,1.00
13,6,405.83,-306.38,410.03,1.00
13,7,405.83,-306.38,393.01,1.00
13,8,405.83,-306.38,375.99,1.00
13,9,405.83,-306.38,358.97,1.00
13,10,405.83,-306.38,341.95,1.00
13,11,405.83,-306.38,324.93,1.00
13,12,405.83,-306.38,307.91,1.00
13,13,405.83,-306.38,290.89,1.00
13,14,405.83,-306.38,273.86,1.00
13,15,405.83,-306.38,256.84,1.00
13,16,405.83,-306.38,239.82,1.00
13,17,405.83,-306.38,222.80,1.00
13,18,405.83,-306.38,205.78,1.00
13,19,405.83,-306.38,188.76,1.00
13,20,405.83,-306.38,171.74,1.00
13,21,405.83,-306.38,154.72,1.00
13,22,405.83,-306.38,137.70,1.00
13,23,405.83,-306.38,120.68,1.00
13,24,405.83,-306.38,103.66,1.00
13,25,405.83,-306.38,86.64,1.00
13,26,405.83,-306.38,69.62,1.00
13,27,405.83,-306.38,52.60,1.00
13,28,405.83,-306.38,35.57,1.00
13,29,405.83,-306.38,18.55,1.00
13,30,405.83,-306.38,1.53,1.00
13,31,405.83,-306.38,-15.49,1.00
13,32,405.83,-306.38,-32.51,1.00
13,33,405.83,-306.38,-49.53,1.00
13,34,405.83,-306.38,-66.55,1.00
13,35,405.83,-306.38,-83.57,1.00
13,36,405.83,-306.38,-100.59,1.00
13,37,405.83,-306.38,-117.61,1.00
13,38,405.83,-306.38,-134.63,1.00
13,39,405.83,-306.38,-151.65,1.00
13,40,405.83,-306.38,-168.67,1.00
13,41,405.83,-306.38,-185.70,1.00
13,42,405.83,-306.38,-202.72,1.00
13,43,405.83,-306.38,-219.74,1.00
13,44,405.83,-306.38,-236.76,1.00
13,45,405.83,-306.38,-253.78,1.00
13,46,405.83,-306.38,-270.80,1.00
13,47,405.83,-306.38,-287.82,1.00
13,48,405.83,-306.38,-304.84,1.00
13,49,405.83,-306.38,-321.86,1.00
13,50,405.83,-306.38,-338.88,1.00
13,51,405.83,-306.38,-355.90,1.00
13,52,405.83,-306.38,-372.92,1.00
13,53,405.83,-306.38,-389.94,1.00
13,54,405.83,-306.38,-406.97,1.00
13,55,405.83,-306.38,-423.99,1.00
13,56,405.83,-306.38,-441.01,1.00
13,57,405.83,-306.38,-458.03,1.00
13,58,405.83,-306.38,-475.05,1.00
13,59,405.83,-306.38,-492.07,1.00
13,60,405.83,-306.38,-509.09,1.00
14,1,-413.46,-327.27,499.59,1.00
14,2,-413.46,-327.27,482.57,1.00
14,3,-413.46,-327.27,465.55,1.00
14,4,-413.46,-327.27,448.53,1.00
14,5,-413.46,-327.27,431.51,1.00
14,6,-413.46,-327.27,414.49,1.00
14,7,-413.46,-327.27,397.47,1.00
14,8,-413.46,-327.27,380.45,1.00
14,9,-413.46,-327.27,363.43,1.00
14,10,-413.46,-327.27,346.41,1.00
14,11,-413.46,-327.27,329.39,1.00
14,12,-413.46,-327.27,312.37,1.00
14,13,-413.46,-327.27,295.35,1.00
14,14,-413.46,-327.27,278.32,1.00
14,15,-413.46,-327.27,261.30,1.00
14,16,-413.46,-327.27,244.28,1.00
14,17,-413.46,-327.27,227.26,1.00
14,18,-413.46,-327.27,210.24,1.00
14,19,-413.46,-327.27,193.22,1.00
14,20,-413.46,-327.27,176.20,1.00
14,21,-413.46,-327.27,159.18,1.00
14,22,-413.46,-327.27,142.16,1.00
14,23,-413.46,-327.27,125.14,1.00
14,24,-413.46,-327.27,108.12,1.00
14,25,-413.46,-327.27,91.10,1.00
14,26,-413.46,-327.27,74.08,1.00
14,27,-413.46,-327.27,57.06,1.00
14,28,-413.46,-327.27,40.03,1.00
14,29,-413.46,-327.27,23.01,1.00
14,30,-413.46,-327.27,5.99,1.00
14,31,-413.46,-327.27,-11.03,1.00
14,32,-413.46,-327.27,-28.05,1.00
14,33,-413.46,-327.27,-45.07,1.00
14,34,-413.46,-327.27,-62.09,1.00
14,35,-413.46,-327.27,-79.11,1.00
14,36,-413.46,-327.27,-96.13,1.00
14,37,-413.46,-327.27,-113.15,1.00
14,38,-413.46,-327.27,-130.17,1.00
14,39,-413.46,-327.27,-147.19,1.00
14,40,-413.46,-327.27,-164.21,1.00
14,41,-413.46,-327.27,-181.24,1.00
14,42,-413.46,-327.27,-198.26,1.00
14,43,-413.46,-327.27,-215.28,1.00
14,44,-413.46,-327.27,-232.30,1.00
14,45,-413.46,-327.27,-249.32,1.00
14,46,-413.46,-327.27,-266.34,1.00
14,47,-413.46,-327.27,-283.36,1.00
14,48,-413.46,-327.27,-300.38,1.00
14,49,-413.46,-327.27,-317.40,1.00
14,50,-413.46,-327.27,-334.42,1.00
14,51,-413.46,-327.27,-351.44,1.00
14,52,-413.46,-327.27,-368.46,1.00
14,53,-413.46,-327.27,-385.48,1.00
14,54,-413.46,-327.27,-402.51,1.00
14,55,-413.46,-327.27,-419.53,1.00
14,56,-413.46,-327.27,-436.55,1.00
14,57,-413.46,-327.27,-453.57,1.00
14,58,-413.46,-327.27,-470.59,1.00
14,59,-413.46,-327.27,-487.61,1.00
14,60,-413.46,-327.27,-504.63,1.00
15,1,-290.66,-307.38,504.02,1.00
15,2,-290.66,-307.38,487.00,1.00
15,3,-290.66,-307.38,469.98,1.00
15,4,-290.66,-307.38,452.96,1.00
15,5,-290.66,-307.38,435.94,1.00
15,6,-290.66,-307.38,418.92,1.00
15,7,-290.66,-307.38,401.90,1.00
15,8,-290.66,-307.38,384.88,1.00
15,9,-290.66,-307.38,367.86,1.00
15,10,-290.66,-307.38,350.84,1.00
15,11,-290.66,-307.38,333.82,1.00
15,12,-290.66,-307.38,316.80,1.00
15,13,-290.66,-307.38,299.78,1.00
15,14,-290.66,-307.38,282.75,1.00
15,15,-290.66,-307.38,265.73,1.00
15,16,-290.66,-307.38,248.71,1.00
15,17,-290.66,-307.38,231.69,1.00
15,18,-290.66,-307.38,214.67,1.00
15,19,-290.66,-307.38,197.65,1.00
15,20,-290.66,-307.38,180.63,1.00
15,21,-290.66,-307.38,163.61,1.00
15,22,-290.66,-307.38,146.59,1.00
15,23,-290.66,-307.38,129.57,1.00
15,24,-290.66,-307.38,112.55,1.00
15,25,-290.66,-307.38,95.65,1.00
15,26,-290.66,-307.38,78.63,1.00
15,27,-290.66,-307.38,61.61,1.00
15,28,-290.66,-307.38,44.58,1.00
15,29,-290.66,-307.38,27.56,1.00
15,30,-290.66,-307.38,10.54,1.00
15,31,-290.66,-307.38,-6.48,1.00
15,32,-290.66,-307.38,-23.50,1.00
15,33,-290.66,-307.38,-40.52,1.00
15,34,-290.66,-307.38,-57.54,1.00
15,35,-290.66,-307.38,-74.56,1.00
15,36,-290.66,-307.38,-91.58,1.00
15,37,-290.66,-307.38,-108.60,1.00
15,38,-290.66,-307.38,-125.62,1.00
15,39,-290.66,-307.38,-142.64,1.00
15,40,-290.66,-307.38,-159.66,1.00
15,41,-290.66,-307.38,-176.69,1.00
15,42,-290.66,-307.38,-193.71,1.00
15,43,-290.66,-307.38,-210.73,1.00
15,44,-290.66,-307.38,-227.75,1.00
15,45,-290.66,-307.38,-244.77,1.00
15,46,-290.66,-307.38,-261.79,1.00
15,47,-290.66,-307.38,-278.81,1.00
15,48,-290.66,-307.38,-295.83,1.00
15,49,-290.66,-307.38,-312.85,1.00
15,50,-290.66,-307.38,-329.87,1.00
15,51,-290.66,-307.38,-346.89,1.00
15,52,-290.66,-307.38,-363.91,1.00
15,53,-290.66,-307.38,-380.93,1.00
15,54,-290.66,-307.38,-397.96,1.00
15,55,-290.66,-307.38,-414.98,1.00
15,56,-290.66,-307.38,-432.00,1.00
15,57,-290.66,-307.38,-449.02,1.00
15,58,-290.66,-307.38,-466.04,1.00
15,59,-290.66,-307.38,-483.06,1.00
15,60,-290.66,-307.38,-500.08,1.00
16,1,-166.40,-287.79,497.78,1.00
16,2,-166.40,-287.79,480.51,1.00
16,3,-166.40,-287.79,463.49,1.00
16,4,-166.40,-287.79,446.47,1.00
16,5,-166.40,-287.79,429.45,1.00
16,6,-166.40,-287.79,412.43,1.00
16,7,-166.40,-287.79,395.41,1.00
16,8,-166.40,-287.79,378.39,1.00
16,9,-166.40,-287.79,361.37,1.00
16,10,-166.40,-287.79,344.35,1.00
16,11,-166.40,-287.79,327.33,1.00
16,12,-166.40,-287.79,310.31,1.00
16,13,-166.40,-287.79,293.29,1.00
16,14,-166.40,-287.79,276.26,1.00
16,15,-166.40,-287.79,259.24,1.00
16,16,-166.40,-287.79,242.22,1.00
16,17,-166.40,-287.79,225.20,1.00
16,18,-166.40,-287.79,208.30,1.00
16,19,-166.40,-287.79,191.28,1.00
16,20,-166.40,-287.79,174.26,1.00
16,21,-166.40,-287.79,157.24,1.00
16,22,-166.40,-287.79,140.22,1.00
16,23,-166.40,-287.79,123.20,1.00
16,24,-166.40,-287.79,106.18,1.00
16,25,-166.40,-287.79,89.16,1.00
16,26,-166.40,-287.79,72.14,1.00
16,27,-166.40,-287.79,55.11,1.00
16,28,-166.40,-287.79,38.09,1.00
16,29,-166.40,-287.79,21.07,1.00
16,30,-166.40,-287.79,4.05,1.00
16,31,-166.40,-287.79,-12.97,1.00
16,32,-166.40,-287.79,-29.99,1.00
16,33,-166.40,-287.79,-47.01,1.00
16,34,-166.40,-287.79,-64.03,1.00
16,35,-166.40,-287.79,-81.05,1.00
16,36,-166.40,-287.79,-98.07,1.00
16,37,-166.40,-287.79,-115.09,1.00
16,38,-166.40,-287.79,-132.11,1.00
16,39,-166.40,-287.79,-149.13,1.00
16,40,-166.40,-287.79,-166.15,1.00
16,41,-166.40,-287.79,-183.18,1.00
16,42,-166.40,-287.79,-200.20,1.00
16,43,-166.40,-287.79,-217.22,1.00
16,44,-166.40,-287.79,-234.24,1.00
16,45,-166.40,-287.79,-251.26,1.00
16,46,-166.40,-287.79,-268.28,1.00
16,47,-166.40,-287.79,-285.30,1.00
16,48,-166.40,-287.79,-302.32,1.00
16,49,-166.40,-287.79,-319.34,1.00
16,50,-166.40,-287.79,-336.36,1.00
16,51,-166.40,-287.79,-353.38,1.00
16,52,-166.40,-287.79,-370.40,1.00
16,53,-166.40,-287.79,-387.29,1.00
16,54,-166.40,-287.79,-404.32,1.00
16,55,-166.40,-287.79,-421.34,1.00
16,56,-166.40,-287.79,-438.36,1.00
16,57,-166.40,-287.79,-455.38,1.00
16,58,-166.40,-287.79,-472.40,1.00
16,59,-166.40,-287.79,-489.42,1.00
16,60,-166.40,-287.79,-506.44,1.00
17,1,-43.27,-267.52,500.43,1.00
17,2,-43.27,-267.52,483.10,1.00
17,3,-43.27,-267.52,466.08,1.00
17,4,-43.27,-267.52,449.06,1.00
17,5,-43.27,-267.52,432.04,1.00
17,6,-43.27,-267.52,415.02,1.00
17,7,-43.27,-267.52,398.00,1.00
17,8,-43.27,-267.52,380.98,1.00
17,9,-43.27,-267.52,363.96,1.00
17,10,-43.27,-267.52,346.94,1.00
17,11,-43.27,-267.52,329.92,1.00
17,12,-43.27,-267.52,312.90,1.00
17,13,-43.27,-267.52,295.88,1.00
17,14,-43.27,-267.52,278.85,1.00
17,15,-43.27,-267.52,261.83,1.00
17,16,-43.27,-267.52,244.81,1.00
17,17,-43.27,-267.52,227.79,1.00
17,18,-43.27,-267.52,210.77,1.00
17,19,-43.27,-267.52,193.75,1.00
17,20,-43.27,-267.52,176.73,1.00
17,21,-43.27,-267.52,159.71,1.00
17,22,-43.27,-267.52,142.69,1.00
17,23,-43.27,-267.52,125.67,1.00
17,24,-43.27,-267.52,108.65,1.00
17,25,-43.27,-267.52,91.63,1.00
17,26,-43.27,-267.52,74.61,1.00
17,27,-43.27,-267.52,57.59,1.00
17,28,-43.27,-267.52,40.56,1.00
17,29,-43.27,-267.52,23.54,1.00
17,30,-43.27,-267.52,6.52,1.00
17,31,-43.27,-267.52,-10.50,1.00
17,32,-43.27,-267.52,-27.52,1.00
17,33,-43.27,-267.52,-44.54,1.00
17,34,-43.27,-267.52,-61.56,1.00
17,35,-43.27,-267.52,-78.58,1.00
17,36,-43.27,-267.52,-95.60,1.00
17,37,-43.27,-267.52,-112.62,1.00
17,38,-43.27,-267.52,-129.64,1.00
17,39,-43.27,-267.52,-146.66,1.00
17,40,-43.27,-267.52,-163.68,1.00
17,41,-43.27,-267.52,-180.71,1.00
17,42,-43.27,-267.52,-197.73,1.00
17,43,-43.27,-267.52,-214.75,1.00
17,44,-43.27,-267.52,-231.77,1.00
17,45,-43.27,-267.52,-248.79,1.00
17,46,-43.27,-267.52,-265.81,1.00
17,47,-43.27,-267.52,-282.83,1.00
17,48,-43.27,-267.52,-299.85,1.00
17,49,-43.27,-267.52,-316.87,1.00
17,50,-43.27,-267.52,-333.89,1.00
17,51,-43.27,-267.52,-350.91,1.00
17,52,-43.27,-267.52,-367.93,1.00
17,53,-43.27,-267.52,-384.95,1.00
17,54,-43.27,-267.52,-401.98,1.00
17,55,-43.27,-267.52,-419.00,1.00
17,56,-43.27,-267.52,-436.02,1.00
17,57,-43.27,-267.52,-453.04,1.00
17,58,-43.27,-267.52,-470.06,1.00
17,59,-43.27,-267.52,-487.08,1.00
17,60,-43.27,-267.52,-504.10,1.00
18,1,79.41,-248.24,498.90,1.00
18,2,79.41,-248.24,481.88,1.00
18,3,79.41,-248.24,464.86,1.00
18,4,79.41,-248.24,447.84,1.00
18,5,79.41,-248.24,430.82,1.00
18,6,79.41,-248.24,413.80,1.00
18,7,79.41,-248.24,396.78,1.00
18,8,79.41,-248.24,379.76,1.00
18,9,79.41,-248.24,362.74,1.00
18,10,79.41,-248.24,345.72,1.00
18,11,79.41,-248.24,328.70,1.00
18,12,79.41,-248.24,311.68,1.00
18,13,79.41,-248.24,294.66,1.00
18,14,79.41,-248.24,277.63,1.00
18,15,79.41,-248.24,260.61,1.00
18,16,79.41,-248.24,243.59,1.00
18,17,79.41,-248.24,226.57,1.00
18,18,79.41,-248.24,209.55,1.00
18,19,79.41,-248.24,192.53,1.00
18,20,79.41,-248.24,175.51,1.00
18,21,79.41,-248.24,158.49,1.00
18,22,79.41,-248.24,141.47,1.00
18,23,79.41,-248.24,124.45,1.00
18,24,79.41,-248.24,107.43,1.00
18,25,79.41,-248.24,90.41,1.00
18,26,79.41,-248.24,73.39,1.00
18,27,79.41,-248.24,56.37,1.00
18,28,79.41,-248.24,39.34,1.00
18,29,79.41,-248.24,22.32,1.00
18,30,79.41,-248.24,5.30,1.00
18,31,79.41,-248.24,-11.72,1.00
18,32,79.41,-248.24,-28.74,1.00
18,33,79.41,-248.24,-45.76,1.00
18,34,79.41,-248.24,-62.78,1.00
18,35,79.41,-248.24,-79.80,1.00
18,36,79.41,-248.24,-96.82,1.00
18,37,79.41,-248.24,-113.84,1.00
18,38,79.41,-248.24,-130.86,1.00
18,39,79.41,-248.24,-147.88,1.00
18,40,79.41,-248.24,-164.90,1.00
18,41,79.41,-248.24,-181.93,1.00
18,42,79.41,-248.24,-198.95,1.00
18,43,79.41,-248.24,-215.97,1.00
18,44,79.41,-248.24,-232.99,1.00
18,45,79.41,-248.24,-250.01,1.00
18,46,79.41,-248.24,-267.03,1.00
18,47,79.41,-248.24,-284.05,1.00
18,48,79.41,-248.24,-301.07,1.00
18,49,79.41,-248.24,-318.09,1.00
18,50,79.41,-248.24,-335.11,1.00
18,51,79.41,-248.24,-352.13,1.00
18,52,79.41,-248.24,-369.15,1.00
18,53,79.41,-248.24,-386.17,1.00
18,54,79.41,-248.24,-403.20,1.00
18,55,79.41,-248.24,-420.22,1.00
18,56,79.41,-248.24,-437.24,1.00
18,57,79.41,-248.24,-454.26,1.00
18,58,79.41,-248.24,-471.28,1.00
18,59,79.41,-248.24,-488.30,1.00
18,60,79.41,-248.24,-505.32,1.00
19,1,210.47,-209.77,496.94,1.00
19,2,210.47,-209.77,479.92,1.00
19,3,210.47,-209.77,462.90,1.00
19,4,210.47,-209.77,445.88,1.00
19,5,210.47,-209.77,428.86,1.00
19,6,210.47,-209.77,411.84,1.00
19,7,210.47,-209.77,394.82,1.00
19,8,210.47,-209.77,377.80,1.00
19,9,210.47,-209.77,360.78,1.00
19,10,210.47,-209.77,343.76,1.00
19,11,210.47,-209.77,326.74,1.00
19,12,210.47,-209.77,309.72,1.00
19,13,210.47,-209.77,292.70,1.00
19,14,210.47,-209.77,275.67,1.00
19,15,210.47,-209.77,258.65,1.00
19,16,210.47,-209.77,241.63,1.00
19,17,210.47,-209.77,224.61,1.00
19,18,210.47,-209.77,207.59,1.00
19,19,210.47,-209.77,190.57,1.00
19,20,210.47,-209.77,173.55,1.00
19,21,210.47,-209.77,156.53,1.00
19,22,210.47,-209.77,139.51,1.00
19,23,210.47,-209.77,122.49,1.00
19,24,210.47,-209.77,105.47,1.00
19,25,210.47,-209.77,88.45,1.00
19,26,210.47,-209.77,71.43,1.00
19,27,210.47,-209.77,54.41,1.00
19,28,210.47,-209.77,37.38,1.00
19,29,210.47,-209.77,20.36,1.00
19,30,210.47,-209.77,3.34,1.00
19,31,210.47,-209.77,-13.68,1.00
19,32,210.47,-209.77,-30.70,1.00
19,33,210.47,-209.77,-47.72,1.00
19,34,210.47,-209.77,-64.74,1.00
19,35,210.47,-209.77,-81.76,1.00
19,36,210.47,-209.77,-98.78,1.00
19,37,210.47,-209.77,-115.80,1.00
19,38,210.47,-209.77,-132.82,1.00
19,39,210.47,-209.77,-149.84,1.00
19,40,210.47,-209.77,-166.86,1.00
19,41,210.47,-209.77,-183.89,1.00
19,42,210.47,-209.77,-200.91,1.00
19,43,210.47,-209.77,-217.93,1.00
19,44,210.47,-209.77,-234.95,1.00
19,45,210.47,-209.77,-251.97,1.00
19,46,210.47,-209.77,-268.99,1.00
19,47,210.47,-209.77,-286.01,1.00
19,48,210.47,-209.77,-303.03,1.00
19,49,210.47,-209.77,-320.05,1.00
19,50,210.47,-209.77,-337.07,1.00
19,51,210.47,-209.77,-354.09,1.00
19,52,210.47,-209.77,-371.11,1.00
19,53,210.47,-209.77,-388.13,1.00
19,54,210.47,-209.77,-405.16,1.00
19,55,210.47,-209.77,-422.18,1.00
19,56,210.47,-209.77,-439.20,1.00
19,57,210.47,-209.77,-456.22,1.00
19,58,210.47,-209.77,-473.24,1.00
19,59,210.47,-209.77,-490.26,1.00
19,60,210.47,-209.77,-507.28,1.00
20,1,326.85,-209.07,498.42,1.00
20,2,326.85,-209.07,481.40,1.00
20,3,326.85,-209.07,464.38,1.00
20,4,326.85,-209.07,447.36,1.00
20,5,326.85,-209.07,430.34,1.00
20,6,326.85,-209.07,413.32,1.00
20,7,326.85,-209.07,396.30,1.00
20,8,326.85,-209.07,379.28,1.00
20,9,326.85,-209.07,362.26,1.00
20,10,326.85,-209.07,345.24,1.00
20,11,326.85,-209.07,328.22,1.00
20,12,326.85,-209.07,311.20,1.00
20,13,326.85,-209.07,294.18,1.00
20,14,326.85,-209.07,277.15,1.00
20,15,326.85,-209.07,260.13,1.00
20,16,326.85,-209.07,243.11,1.00
20,17,326.85,-209.07,226.09,1.00
20,18,326.85,-209.07,209.07,1.00
20,19,326.85,-209.07,192.05,1.00
20,20,326.85,-209.07,175.03,1.00
20,21,326.85,-209.07,158.01,1.00
20,22,326.85,-209.07,140.99,1.00
20,23,326.85,-209.07,123.97,1.00
20,24,326.85,-209.07,106.95,1.00
20,25,326.85,-209.07,89.93,1.00
20,26,326.85,-209.07,72.91,1.00
20,27,326.85,-209.07,55.89,1.00
20,28,326.85,-209.07,38.86,1.00
20,29,326.85,-209.07,21.84,1.00
20,30,326.85,-209.07,4.82,1.00
20,31,326.85,-209.07,-12.20,1.00
20,32,326.85,-209.07,-29.22,1.00
20,33,326.85,-209.07,-46.24,1.00
20,34,326.85,-209.07,-63.26,1.00
20,35,326.85,-209.07,-80.28,1.00
20,36,326.85,-209.07,-97.30,1.00
20,37,326.85,-209.07,-114.32,1.00
20,38,326.85,-209.07,-131.34,1.00
20,39,326.85,-209.07,-148.36,1.00
20,40,326.85,-209.07,-165.38,1.00
20,41,326.85,-209.07,-182.41,1.00
20,42,326.85,-209.07,-199.43,1.00
20,43,326.85,-209.07,-216.45,1.00
20,44,326.85,-209.07,-233.47,1.00
20,45,326.85,-209.07,-250.49,1.00
20,46,326.85,-209.07,-267.51,1.00
20,47,326.85,-209.07,-284.53,1.00
20,48,326.85,-209.07,-301.55,1.00
20,49,326.85,-209.07,-318.57,1.00
20,50,326.85,-209.07,-335.59,1.00
20,51,326.85,-209.07,-352.61,1.00
20,52,326.85,-209.07,-369.63,1.00
20,53,326.85,-209.07,-386.65,1.00
20,54,326.85,-209.07,-403.68,1.00
20,55,326.85,-209.07,-420.70,1.00
20,56,326.85,-209.07,-437.72,1.00
20,57,326.85,-209.07,-454.74,1.00
20,58,326.85,-209.07,-471.76,1.00
20,59,326.85,-209.07,-488.78,1.00
20,60,326.85,-209.07,-505.80,1.00
21,1,443.60,-194.16,516.67,1.00
21,2,443.60,-194.12,499.65,1.00
21,3,443.63,-194.08,482.63,1.00
21,4,443.66,-194.04,465.61,1.00
21,5,443.70,-194.02,448.59,1.00
21,6,443.75,-194.01,431.57,1.00
21,7,443.80,-194.01,414.55,1.00
21,8,443.85,-194.02,397.53,1.00
21,9,443.89,-194.04,380.51,1.00
21,10,443.93,-194.08,363.49,1.00
21,11,443.96,-194.12,346.47,1.00
21,12,443.96,-194.17,329.45,1.00
21,13,443.95,-194.22,312.43,1.00
21,14,443.92,-194.26,295.40,1.00
21,15,443.88,-194.29,278.38,1.00
21,16,443.84,-194.31,261.36,1.00
21,17,443.80,-194.31,244.34,1.00
21,18,443.75,-194.29,227.32,1.00
21,19,443.72,-194.26,210.30,1.00
21,20,443.72,-194.21,193.28,1.00
21,21,443.75,-194.17,176.26,1.00
21,22,443.80,-194.16,159.24,1.00
21,23,443.85,-194.18,142.22,1.00
21,24,443.88,-194.22,125.20,1.00
21,25,443.92,-194.25,108.18,1.00
21,26,443.95,-194.29,91.16,1.00
21,27,443.96,-194.34,74.14,1.00
21,28,443.96,-194.38,57.11,1.00
21,29,443.94,-194.43,40.09,1.00
21,30,443.92,-194.47,23.07,1.00
21,31,443.89,-194.50,6.05,1.00
21,32,443.85,-194.52,-10.97,1.00
21,33,443.80,-194.52,-27.99,1.00
21,34,443.75,-194.52,-45.01,1.00
21,35,443.71,-194.52,-62.03,1.00
21,36,443.66,-194.52,-79.05,1.00
21,37,443.62,-194.51,-96.07,1.00
21,38,443.58,-194.49,-113.09,1.00
21,39,443.54,-194.46,-130.11,1.00
21,40,443.50,-194.43,-147.13,1.00
21,41,443.47,-194.40,-164.16,1.00
21,42,443.44,-194.35,-181.18,1.00
21,43,443.43,-194.30,-198.20,1.00
21,44,443.43,-194.25,-215.22,1.00
21,45,443.46,-194.21,-232.24,1.00
21,46,443.50,-194.18,-249.26,1.00
21,47,443.55,-194.16,-266.28,1.00
21,48,443.59,-194.18,-281.30,1.00
21,49,443.65,-194.20,-300.32,1.00
21,50,443.68,-194.23,-315.34,1.00
21,51,443.72,-194.27,-334.36,1.00
21,52,443.75,-194.31,-351.38,1.00
21,53,443.78,-194.34,-368.40,1.00
21,54,443.81,-194.38,-385.43,1.00
21,55,443.85,-194.42,-402.45,1.00
21,56,443.89,-194.44,-417.46,1.00
21,57,443.93,-194.47,-436.49,1.00
21,58,443.96,-194.49,-451.51,1.00
21,59,444.00,-194.48,-470.53,1.00
21,60,444.05,-194.46,-487.55,1.00
22,1,-492.43,-230.16,497.60,1.00
22,2,-492.43,-230.16,480.58,1.00
22,3,-492.43,-230.16,463.56,1.00
22,4,-492.43,-230.16,446.54,1.00
22,5,-492.43,-230.16,429.52,1.00
22,6,-492.43,-230.16,412.50,1.00
22,7,-492.43,-230.16,395.48,1.00
22,8,-492.43,-230.16,378.46,1.00
22,9,-492.43,-230.16,361.44,1.00
22,10,-492.43,-230.16,344.42,1.00
22,11,-492.43,-230.16,327.40,1.00
22,12,-492.43,-230.16,310.38,1.00
22,13,-492.43,-230.16,293.36,1.00
22,14,-492.43,-230.16,276.33,1.00
22,15,-492.43,-230.16,259.31,1.00
22,16,-492.43,-230.16,242.29,1.00
22,17,-492.43,-230.16,225.27,1.00
22,18,-492.43,-230.16,208.25,1.00
22,19,-492.43,-230.16,191.23,1.00
22,20,-492.43,-230.16,174.21,1.00
22,21,-492.43,-230.16,157.19,1.00
22,22,-492.43,-230.16,140.17,1.00
22,23,-492.43,-230.16,123.15,1.00
22,24,-492.43,-230.16,106.13,1.00
22,25,-492.43,-230.16,89.11,1.00
22,26,-492.43,-230.16,72.09,1.00
22,27,-492.43,-230.16,55.07,1.00
22,28,-492.43,-230.16,38.04,1.00
22,29,-492.43,-230.16,21.02,1.00
22,30,-492.43,-230.16,4.00,1.00
22,31,-492.43,-230.16,-13.02,1.00
22,32,-492.43,-230.16,-30.04,1.00
22,33,-492.43,-230.16,-47.06,1.00
22,34,-492.43,-230.16,-64.08,1.00
22,35,-492.43,-230.16,-81.10,1.00
22,36,-492.43,-230.16,-98.12,1.00
22,37,-492.43,-230.16,-115.14,1.00
22,38,-492.43,-230.16,-132.16,1.00
22,39,-492.43,-230.16,-149.18,1.00
22,40,-492.43,-230.16,-166.20,1.00
22,41,-492.43,-230.16,-183.23,1.00
22,42,-492.43,-230.16,-200.25,1.00
22,43,-492.43,-230.16,-217.27,1.00
22,44,-492.43,-230.16,-234.29,1.00
22,45,-492.43,-230.16,-251.31,1.00
22,46,-492.43,-230.16,-268.33,1.00
22,47,-492.43,-230.16,-285.35,1.00
22,48,-492.43,-230.16,-302.37,1.00
22,49,-492.43,-230.16,-319.39,1.00
22,50,-492.43,-230.16,-336.41,1.00
22,51,-492.43,-230.16,-353.43,1.00
22,52,-492.43,-230.16,-370.45,1.00
22,53,-492.43,-230.16,-387.47,1.00
22,54,-492.43,-230.16,-404.50,1.00
22,55,-492.43,-230.16,-421.52,1.00
22,56,-492.43,-230.16,-438.54,1.00
22,57,-492.43,-230.16,-455.56,1.00
22,58,-492.43,-230.16,-472.58,1.00
22,59,-492.43,-230.16,-489.60,1.00
22,60,-492.43,-230.16,-506.62,1.00
23,1,-368.93,-210.23,500.53,1.00
23,2,-368.93,-210.23,483.51,1.00
23,3,-368.93,-210.23,466.49,1.00
23,4,-368.93,-210.23,449.47,1.00
23,5,-368.93,-210.23,432.45,1.00
23,6,-368.93,-210.23,415.43,1.00
23,7,-368.93,-210.23,398.41,1.00
23,8,-368.93,-210.23,381.39,1.00
23,9,-368.93,-210.23,364.37,1.00
23,10,-368.93,-210.23,347.35,1.00
23,11,-368.93,-210.23,330.33,1.00
23,12,-368.93,-210.23,313.31,1.00
23,13,-368.93,-210.23,296.29,1.00
23,14,-368.93,-210.23,279.26,1.00
23,15,-368.93,-210.23,262.24,1.00
23,16,-368.93,-210.23,245.22,1.00
23,17,-368.93,-210.23,228.20,1.00
23,18,-368.93,-210.23,211.18,1.00
23,19,-368.93,-210.23,194.16,1.00
23,20,-368.93,-210.23,177.14,1.00
23,21,-368.93,-210.23,160.12,1.00
23,22,-368.93,-210.23,143.10,1.00
23,23,-368.93,-210.23,126.08,1.00
23,24,-368.93,-210.23,109.06,1.00
23,25,-368.93,-210.23,92.04,1.00
23,26,-368.93,-210.23,75.02,1.00
23,27,-368.93,-210.23,58.00,1.00
23,28,-368.93,-210.23,40.97,1.00
23,29,-368.93,-210.23,23.95,1.00
23,30,-368.93,-210.23,6.93,1.00
23,31,-368.93,-210.23,-10.09,1.00
23,32,-368.93,-210.23,-27.11,1.00
23,33,-368.93,-210.23,-44.13,1.00
23,34,-368.93,-210.23,-61.15,1.00
23,35,-368.93,-210.23,-78.17,1.00
23,36,-368.93,-210.23,-95.19,1.00
23,37,-368.93,-210.23,-112.21,1.00
23,38,-368.93,-210.23,-129.23,1.00
23,39,-368.93,-210.23,-146.25,1.00
23,40,-368.93,-210.23,-163.27,1.00
23,41,-368.93,-210.23,-180.30,1.00
23,42,-368.93,-210.23,-197.32,1.00
23,43,-368.93,-210.23,-214.34,1.00
23,44,-368.93,-210.23,-231.36,1.00
23,45,-368.93,-210.23,-248.38,1.00
23,46,-368.93,-210.23,-265.40,1.00
23,47,-368.93,-210.23,-282.42,1.00
23,48,-368.93,-210.23,-299.44,1.00
23,49,-368.93,-210.23,-316.46,1.00
23,50,-368.93,-210.23,-333.48,1.00
23,51,-368.93,-210.23,-350.50,1.00
23,52,-368.93,-210.23,-367.52,1.00
23,53,-368.93,-210.23,-384.54,1.00
23,54,-368.93,-210.23,-401.57,1.00
23,55,-368.93,-210.23,-418.59,1.00
23,56,-368.93,-210.23,-435.61,1.00
23,57,-368.93,-210.23,-452.63,1.00
23,58,-368.93,-210.23,-469.65,1.00
23,59,-368.93,-210.23,-486.67,1.00
23,60,-368.93,-210.23,-503.69,1.00
24,1,-245.65,-190.49,501.48,1.00
24,2,-245.65,-190.49,484.46,1.00
24,3,-245.65,-190.49,467.44,1.00
24,4,-245.65,-190.49,450.42,1.00
24,5,-245.65,-190.49,433.40,1.00
24,6,-245.65,-190.49,416.38,1.00
24,7,-245.65,-190.49,399.36,1.00
24,8,-245.65,-190.49,382.34,1.00
24,9,-245.65,-190.49,365.32,1.00
24,10,-245.65,-190.49,348.30,1.00
24,11,-245.65,-190.49,331.28,1.00
24,12,-245.65,-190.49,314.26,1.00
24,13,-245.65,-190.49,297.23,1.00
24,14,-245.65,-190.49,280.21,1.00
24,15,-245.65,-190.49,263.19,1.00
24,16,-245.65,-190.49,246.17,1.00
24,17,-245.65,-190.49,229.15,1.00
24,18,-245.65,-190.49,212.13,1.00
24,19,-245.65,-190.49,195.11,1.00
24,20,-245.65,-190.49,178.09,1.00
24,21,-245.65,-190.49,161.07,1.00
24,22,-245.65,-190.49,144.05,1.00
24,23,-245.65,-190.49,127.03,1.00
24,24,-245.65,-190.49,110.01,1.00
24,25,-245.65,-190.49,92.99,1.00
24,26,-245.65,-190.49,75.96,1.00
24,27,-245.65,-190.49,58.94,1.00
24,28,-245.65,-190.49,41.92,1.00
24,29,-245.65,-190.49,24.90,1.00
24,30,-245.65,-190.49,7.88,1.00
24,31,-245.65,-190.49,-9.14,1.00
24,32,-245.65,-190.49,-26.03,1.00
24,33,-245.65,-190.49,-42.93,1.00
24,34,-245.65,-190.49,-59.95,1.00
24,35,-245.65,-190.49,-76.97,1.00
24,36,-245.65,-190.49,-93.99,1.00
24,37,-245.65,-190.49,-110.88,1.00
24,38,-245.65,-190.49,-127.90,1.00
24,39,-245.65,-190.49,-144.92,1.00
24,40,-245.65,-190.49,-161.95,1.00
24,41,-245.65,-190.49,-178.97,1.00
24,42,-245.65,-190.49,-195.99,1.00
24,43,-245.65,-190.49,-213.01,1.00
24,44,-245.65,-190.49,-230.03,1.00
24,45,-245.65,-190.49,-247.05,1.00
24,46,-245.65,-190.49,-264.07,1.00
24,47,-245.65,-190.49,-281.09,1.00
24,48,-245.65,-190.49,-298.11,1.00
24,49,-245.65,-190.49,-315.13,1.00
24,50,-245.65,-190.49,-332.15,1.00
24,51,-245.65,-190.49,-349.17,1.00
24,52,-245.65,-190.49,-366.19,1.00
24,53,-245.65,-190.49,-383.22,1.00
24,54,-245.65,-190.49,-400.24,1.00
24,55,-245.65,-190.49,-417.26,1.00
24,56,-245.65,-190.49,-434.15,1.00
24,57,-245.65,-190.49,-451.07,1.00
24,58,-245.65,-190.49,-467.97,1.00
24,59,-245.65,-190.49,-484.99,1.00
24,60,-245.65,-190.49,-502.01,1.00
25,1,-121.77,-171.03,502.27,1.00
25,2,-121.77,-171.03,485.25,1.00
25,3,-121.77,-171.03,468.23,1.00
25,4,-121.77,-171.03,451.21,1.00
25,5,-121.77,-171.03,434.19,1.00
25,6,-121.77,-171.03,417.17,1.00
25,7,-121.77,-171.03,400.15,1.00
25,8,-121.77,-171.03,383.13,1.00
25,9,-121.77,-171.03,366.11,1.00
25,10,-121.77,-171.03,349.09,1.00
25,11,-121.77,-171.03,332.07,1.00
25,12,-121.77,-171.03,315.05,1.00
25,13,-121.77,-171.03,298.03,1.00
25,14,-121.77,-171.03,281.00,1.00
25,15,-121.77,-171.03,263.98,1.00
25,16,-121.77,-171.03,246.96,1.00
25,17,-121.77,-171.03,229.94,1.00
25,18,-121.77,-171.03,212.92,1.00
25,19,-121.77,-171.03,195.90,1.00
25,20,-121.77,-171.03,178.88,1.00
25,21,-121.77,-171.03,161.86,1.00
25,22,-121.77,-171.03,144.84,1.00
25,23,-121.77,-171.03,127.82,1.00
25,24,-121.77,-171.03,110.80,1.00
25,25,-121.77,-171.03,93.78,1.00
25,26,-121.77,-171.03,76.76,1.00
25,27,-121.77,-171.03,59.73,1.00
25,28,-121.77,-171.03,42.71,1.00
25,29,-121.77,-171.03,25.69,1.00
25,30,-121.77,-171.03,8.67,1.00
25,31,-121.77,-171.03,-8.35,1.00
25,32,-121.77,-171.03,-25.37,1.00
25,33,-121.77,-171.03,-42.39,1.00
25,34,-121.77,-171.03,-59.41,1.00
25,35,-121.77,-171.03,-76.43,1.00
25,36,-121.77,-171.03,-93.45,1.00
25,37,-121.77,-171.03,-110.47,1.00
25,38,-121.77,-171.03,-127.49,1.00
25,39,-121.77,-171.03,-144.51,1.00
25,40,-121.77,-171.03,-161.54,1.00
25,41,-121.77,-171.03,-178.56,1.00
25,42,-121.77,-171.03,-195.58,1.00
25,43,-121.77,-171.03,-212.60,1.00
25,44,-121.77,-171.03,-229.62,1.00
25,45,-121.77,-171.03,-246.64,1.00
25,46,-121.77,-171.03,-263.66,1.00
25,47,-121.77,-171.03,-280.68,1.00
25,48,-121.77,-171.03,-297.57,1.00
25,49,-121.77,-171.03,-314.59,1.00
25,50,-121.77,-171.03,-331.49,1.00
25,51,-121.77,-171.03,-348.51,1.00
25,52,-121.77,-171.03,-365.53,1.00
25,53,-121.77,-171.03,-382.55,1.00
25,54,-121.77,-171.03,-399.58,1.00
25,55,-121.77,-171.03,-416.60,1.00
25,56,-121.77,-171.03,-433.48,1.00
25,57,-121.77,-171.03,-450.50,1.00
25,58,-121.77,-171.03,-467.52,1.00
25,59,-121.77,-171.03,-484.54,1.00
25,60,-121.77,-171.03,-501.56,1.00
26,1,1.71,-150.63,497.25,1.00
26,2,1.71,-150.63,480.23,1.00
26,3,1.71,-150.63,463.21,1.00
26,4,1.71,-150.63,446.19,1.00
26,5,1.71,-150.63,429.17,1.00
26,6,1.71,-150.63,412.15,1.00
26,7,1.71,-150.63,395.13,1.00
26,8,1.71,-150.63,378.11,1.00
26,9,1.71,-150.63,361.09,1.00
26,10,1.71,-150.63,344.07,1.00
26,11,1.71,-150.63,327.05,1.00
26,12,1.71,-150.63,310.03,1.00
26,13,1.71,-150.63,293.01,1.00
26,14,1.71,-150.63,275.98,1.00
26,15,1.71,-150.63,258.96,1.00
26,16,1.71,-150.63,241.94,1.00
26,17,1.71,-150.63,224.92,1.00
26,18,1.71,-150.63,207.90,1.00
26,19,1.71,-150.63,190.88,1.00
26,20,1.71,-150.63,173.86,1.00
26,21,1.71,-150.63,156.84,1.00
26,22,1.71,-150.63,139.82,1.00
26,23,1.71,-150.63,122.80,1.00
26,24,1.71,-150.63,105.78,1.00
26,25,1.71,-150.63,88.76,1.00
26,26,1.71,-150.63,71.74,1.00
26,27,1.71,-150.63,54.72,1.00
26,28,1.71,-150.63,37.69,1.00
26,29,1.71,-150.63,20.67,1.00
26,30,1.71,-150.63,3.65,1.00
26,31,1.71,-150.63,-13.37,1.00
26,32,1.71,-150.63,-30.39,1.00
26,33,1.71,-150.63,-47.41,1.00
26,34,1.71,-150.63,-64.43,1.00
26,35,1.71,-150.63,-81.45,1.00
26,36,1.71,-150.63,-98.47,1.00
26,37,1.71,-150.63,-115.49,1.00
26,38,1.71,-150.63,-132.51,1.00
26,39,1.71,-150.63,-149.53,1.00
26,40,1.71,-150.63,-166.55,1.00
26,41,1.71,-150.63,-183.58,1.00
26,42,1.71,-150.63,-200.60,1.00
26,43,1.71,-150.63,-217.62,1.00
26,44,1.71,-150.63,-234.64,1.00
26,45,1.71,-150.63,-251.66,1.00
26,46,1.71,-150.63,-268.68,1.00
26,47,1.71,-150.63,-285.70,1.00
26,48,1.71,-150.63,-302.72,1.00
26,49,1.71,-150.63,-319.74,1.00
26,50,1.71,-150.63,-336.76,1.00
26,51,1.71,-150.63,-353.78,1.00
26,52,1.71,-150.63,-370.80,1.00
26,53,1.71,-150.63,-387.82,1.00
26,54,1.71,-150.63,-404.85,1.00
26,55,1.71,-150.63,-421.87,1.00
26,56,1.71,-150.63,-438.89,1.00
26,57,1.71,-150.63,-455.91,1.00
26,58,1.71,-150.63,-472.93,1.00
26,59,1.71,-150.63,-489.95,1.00
26,60,1.71,-150.63,-506.97,1.00
27,1,124.97,-131.25,493.65,1.00
27,2,124.97,-131.25,476.63,1.00
27,3,124.97,-131.25,459.61,1.00
27,4,124.97,-131.25,442.59,1.00
27,5,124.97,-131.25,425.57,1.00
27,6,124.97,-131.25,408.55,1.00
27,7,124.97,-131.25,391.53,1.00
27,8,124.97,-131.25,374.51,1.00
27,9,124.97,-131.25,357.49,1.00
27,10,124.97,-131.25,340.47,1.00
27,11,124.97,-131.25,323.45,1.00
27,12,124.97,-131.25,306.43,1.00
27,13,124.97,-131.25,289.41,1.00
27,14,124.97,-131.25,272.38,1.00
27,15,124.97,-131.25,255.36,1.00
27,16,124.97,-131.25,238.34,1.00
27,17,124.97,-131.25,221.32,1.00
27,18,124.97,-131.25,204.30,1.00
27,19,124.97,-131.25,187.28,1.00
27,20,124.97,-131.25,170.26,1.00
27,21,124.97,-131.25,153.24,1.00
27,22,124.97,-131.25,136.22,1.00
27,23,124.97,-131.25,119.20,1.00
27,24,124.97,-131.25,102.18,1.00
27,25,124.97,-131.25,85.16,1.00
27,26,124.97,-131.25,68.14,1.00
27,27,124.97,-131.25,51.12,1.00
27,28,124.97,-131.25,34.09,1.00
27,29,124.97,-131.25,17.07,1.00
27,30,124.97,-131.25,0.05,1.00
27,31,124.97,-131.25,-16.97,1.00
27,32,124.97,-131.25,-33.99,1.00
27,33,124.97,-131.25,-51.01,1.00
27,34,124.97,-131.25,-68.03,1.00
27,35,124.97,-131.25,-85.05,1.00
27,36,124.97,-131.25,-102.07,1.00
27,37,124.97,-131.25,-119.09,1.00
27,38,124.97,-131.25,-136.11,1.00
27,39,124.97,-131.25,-153.13,1.00
27,40,124.97,-131.25,-170.15,1.00
27,41,124.97,-131.25,-187.18,1.00
27,42,124.97,-131.25,-204.20,1.00
27,43,124.97,-131.25,-221.22,1.00
27,44,124.97,-131.25,-238.24,1.00
27,45,124.97,-131.25,-255.26,1.00
27,46,124.97,-131.25,-272.28,1.00
27,47,124.97,-131.25,-289.30,1.00
27,48,124.97,-131.25,-306.32,1.00
27,49,124.97,-131.25,-323.34,1.00
27,50,124.97,-131.25,-340.36,1.00
27,51,124.97,-131.25,-357.38,1.00
27,52,124.97,-131.25,-374.40,1.00
27,53,124.97,-131.25,-391.42,1.00
27,54,124.97,-131.25,-408.45,1.00
27,55,124.97,-131.25,-425.47,1.00
27,56,124.97,-131.25,-442.49,1.00
27,57,124.97,-131.25,-459.51,1.00
27,58,124.97,-131.25,-476.53,1.00
27,59,124.97,-131.25,-493.55,1.00
27,60,124.97,-131.25,-510.57,1.00
28,1,248.15,-111.87,498.34,1.00
28,2,248.15,-111.87,481.01,1.00
28,3,248.15,-111.87,463.99,1.00
28,4,248.15,-111.87,446.97,1.00
28,5,248.15,-111.87,429.95,1.00
28,6,248.15,-111.87,412.93,1.00
28,7,248.15,-111.87,395.91,1.00
28,8,248.15,-111.87,378.89,1.00
28,9,248.15,-111.87,361.87,1.00
28,10,248.15,-111.87,344.85,1.00
28,11,248.15,-111.87,327.83,1.00
28,12,248.15,-111.87,310.81,1.00
28,13,248.15,-111.87,293.79,1.00
28,14,248.15,-111.87,276.76,1.00
28,15,248.15,-111.87,259.74,1.00
28,16,248.15,-111.87,242.72,1.00
28,17,248.15,-111.87,225.70,1.00
28,18,248.15,-111.87,208.68,1.00
28,19,248.15,-111.87,191.66,1.00
28,20,248.15,-111.87,174.64,1.00
28,21,248.15,-111.87,157.62,1.00
28,22,248.15,-111.87,140.60,1.00
28,23,248.15,-111.87,123.58,1.00
28,24,248.15,-111.87,106.56,1.00
28,25,248.15,-111.87,89.54,1.00
28,26,248.15,-111.87,72.52,1.00
28,27,248.15,-111.87,55.50,1.00
28,28,248.15,-111.87,38.47,1.00
28,29,248.15,-111.87,21.45,1.00
28,30,248.15,-111.87,4.43,1.00
28,31,248.15,-111.87,-12.59,1.00
28,32,248.15,-111.87,-29.61,1.00
28,33,248.15,-111.87,-46.63,1.00
28,34,248.15,-111.87,-63.65,1.00
28,35,248.15,-111.87,-80.67,1.00
28,36,248.15,-111.87,-97.69,1.00
28,37,248.15,-111.87,-114.71,1.00
28,38,248.15,-111.87,-131.73,1.00
28,39,248.15,-111.87,-148.75,1.00
28,40,248.15,-111.87,-165.77,1.00
28,41,248.15,-111.87,-182.80,1.00
28,42,248.15,-111.87,-199.82,1.00
28,43,248.15,-111.87,-216.84,1.00
28,44,248.15,-111.87,-233.86,1.00
28,45,248.15,-111.87,-250.88,1.00
28,46,248.15,-111.87,-267.90,1.00
28,47,248.15,-111.87,-284.92,1.00
28,48,248.15,-111.87,-301.94,1.00
28,49,248.15,-111.87,-318.96,1.00
28,50,248.15,-111.87,-335.98,1.00
28,51,248.15,-111.87,-353.00,1.00
28,52,248.15,-111.87,-370.02,1.00
28,53,248.15,-111.87,-387.04,1.00
28,54,248.15,-111.87,-404.07,1.00
28,55,248.15,-111.87,-421.09,1.00
28,56,248.15,-111.87,-438.11,1.00
28,57,248.15,-111.87,-455.13,1.00
28,58,248.15,-111.87,-472.15,1.00
28,59,248.15,-111.87,-489.17,1.00
28,60,248.15,-111.87,-506.19,1.00
29,1,371.56,-92.18,501.58,1.00
29,2,371.56,-92.18,485.56,1.00
29,3,371.56,-92.18,467.54,1.00
29,4,371.56,-92.18,451.52,1.00
29,5,371.56,-92.18,433.50,1.00
29,6,371.56,-92.18,417.48,1.00
29,7,371.56,-92.18,399.46,1.00
29,8,371.56,-92.18,383.44,1.00
29,9,371.56,-92.18,365.42,1.00
29,10,371.56,-92.18,349.40,1.00
29,11,371.56,-92.18,331.38,1.00
29,12,371.56,-92.18,315.36,1.00
29,13,371.56,-92.18,297.33,1.00
29,14,371.56,-92.18,281.31,1.00
29,15,371.56,-92.18,263.29,1.00
29,16,371.56,-92.18,247.27,1.00
29,17,371.56,-92.18,229.25,1.00
29,18,371.56,-92.18,213.23,1.00
29,19,371.56,-92.18,195.21,1.00
29,20,371.56,-92.18,179.19,1.00
29,21,371.56,-92.18,161.17,1.00
29,22,371.56,-92.18,145.15,1.00
29,23,371.56,-92.18,127.13,1.00
29,24,371.56,-92.18,111.11,1.00
29,25,371.56,-92.18,93.09,1.00
29,26,371.56,-92.18,77.07,1.00
29,27,371.56,-92.18,59.04,1.00
29,28,371.56,-92.18,43.02,1.00
29,29,371.56,-92.18,25.00,1.00
29,30,371.56,-92.18,8.98,1.00
29,31,371.56,-92.18,-9.04,1.00
29,32,371.56,-92.18,-25.06,1.00
29,33,371.56,-92.18,-43.08,1.00
29,34,371.56,-92.18,-59.10,1.00
29,35,371.56,-92.18,-77.12,1.00
29,36,371.56,-92.18,-93.14,1.00
29,37,371.56,-92.18,-111.16,1.00
29,38,371.56,-92.18,-127.18,1.00
29,39,371.56,-92.18,-145.21,1.00
29,40,371.56,-92.18,-161.22,1.00
29,41,371.56,-92.18,-179.25,1.00
29,42,371.56,-92.18,-195.27,1.00
29,43,371.56,-92.18,-213.29,1.00
29,44,371.56,-92.18,-229.31,1.00
29,45,371.56,-92.18,-247.33,1.00
29,46,371.56,-92.18,-263.35,1.00
29,47,371.56,-92.18,-281.37,1.00
29,48,371.56,-92.18,-297.39,1.00
29,49,371.56,-92.18,-315.41,1.00
29,50,371.56,-92.18,-331.43,1.00
29,51,371.56,-92.18,-349.45,1.00
29,52,371.56,-92.18,-365.47,1.00
29,53,371.56,-92.18,-383.50,1.00
29,54,371.56,-92.18,-399.52,1.00
29,55,371.56,-92.18,-417.54,1.00
29,56,371.56,-92.18,-433.56,1.00
29,57,371.56,-92.18,-451.58,1.00
29,58,371.56,-92.18,-467.60,1.00
29,59,371.56,-92.18,-485.62,1.00
29,60,371.56,-92.18,-501.64,1.00
30,1,500.43,-58.45,501.85,1.00
30,2,500.43,-58.45,484.83,1.00
30,3,500.43,-58.45,467.81,1.00
30,4,500.43,-58.45,450.79,1.00
30,5,500.43,-58.45,433.77,1.00
30,6,500.43,-58.45,416.75,1.00
30,7,500.43,-58.45,399.73,1.00
30,8,500.43,-58.45,382.71,1.00
30,9,500.43,-58.45,365.69,1.00
30,10,500.43,-58.45,348.67,1.00
30,11,500.43,-58.45,331.65,1.00
30,12,500.43,-58.45,314.63,1.00
30,13,500.43,-58.45,297.61,1.00
30,14,500.43,-58.45,280.58,1.00
30,15,500.43,-58.45,263.56,1.00
30,16,500.43,-58.45,246.54,1.00
30,17,500.43,-58.45,229.52,1.00
30,18,500.43,-58.45,212.50,1.00
30,19,500.43,-58.45,195.48,1.00
30,20,500.43,-58.45,178.46,1.00
30,21,500.43,-58.45,161.44,1.00
30,22,500.43,-58.45,144.42,1.00
30,23,500.43,-58.45,127.40,1.00
30,24,500.43,-58.45,110.38,1.00
30,25,500.43,-58.45,93.36,1.00
30,26,500.43,-58.45,76.34,1.00
30,27,500.43,-58.45,59.32,1.00
30,28,500.43,-58.45,42.29,1.00
30,29,500.43,-58.45,25.27,1.00
30,30,500.43,-58.45,8.25,1.00
30,31,500.43,-58.45,-8.77,1.00
30,32,500.43,-58.45,-25.79,1.00
30,33,500.43,-58.45,-42.81,1.00
30,34,500.43,-58.45,-59.83,1.00
30,35,500.43,-58.45,-76.85,1.00
30,36,500.43,-58.45,-93.87,1.00
30,37,500.43,-58.45,-110.89,1.00
30,38,500.43,-58.45,-127.91,1.00
30,39,500.43,-58.45,-144.93,1.00
30,40,500.43,-58.45,-161.95,1.00
30,41,500.43,-58.45,-178.98,1.00
30,42,500.43,-58.45,-196.00,1.00
30,43,500.43,-58.45,-213.02,1.00
30,44,500.43,-58.45,-230.04,1.00
30,45,500.43,-58.45,-247.06,1.00
30,46,500.43,-58.45,-264.08,1.00
30,47,500.43,-58.45,-281.10,1.00
30,48,500.43,-58.45,-298.12,1.00
30,49,500.43,-58.45,-315.14,1.00
30,50,500.43,-58.45,-332.16,1.00
30,51,500.43,-58.45,-349.18,1.00
30,52,500.43,-58.45,-366.20,1.00
30,53,500.43,-58.45,-383.22,1.00
30,54,500.43,-58.45,-400.25,1.00
30,55,500.43,-58.45,-417.27,1.00
30,56,500.43,-58.45,-434.29,1.00
30,57,500.43,-58.45,-451.31,1.00
30,58,500.43,-58.45,-468.33,1.00
30,59,500.43,-58.45,-485.35,1.00
30,60,500.43,-58.45,-502.37,1.00
31,1,-570.90,-125.14,499.60,1.00
31,2,-570.90,-125.14,482.58,1.00
31,3,-570.90,-125.14,465.56,1.00
31,4,-570.90,-125.14,448.54,1.00
31,5,-570.90,-125.14,431.52,1.00
31,6,-570.90,-125.14,414.50,1.00
31,7,-570.90,-125.14,397.48,1.00
31,8,-570.90,-125.14,380.46,1.00
31,9,-570.90,-125.14,363.44,1.00
31,10,-570.90,-125.14,346.42,1.00
31,11,-570.90,-125.14,329.40,1.00
31,12,-570.90,-125.14,312.38,1.00
31,13,-570.90,-125.14,295.36,1.00
31,14,-570.90,-125.14,278.33,1.00
31,15,-570.90,-125.14,261.31,1.00
31,16,-570.90,-125.14,244.29,1.00
31,17,-570.90,-125.14,227.27,1.00
31,18,-570.90,-125.14,210.25,1.00
31,19,-570.90,-125.14,193.23,1.00
31,20,-570.90,-125.14,176.21,1.00
31,21,-570.90,-125.14,159.19,1.00
31,22,-570.90,-125.14,142.17,1.00
31,23,-570.90,-125.14,125.15,1.00
31,24,-570.90,-125.14,108.13,1.00
31,25,-570.90,-125.14,91.11,1.00
31,26,-570.90,-125.14,74.09,1.00
31,27,-570.90,-125.14,57.07,1.00
31,28,-570.90,-125.14,40.04,1.00
31,29,-570.90,-125.14,23.02,1.00
31,30,-570.90,-125.14,6.00,1.00
31,31,-570.90,-125.14,-11.02,1.00
31,32,-570.90,-125.14,-28.04,1.00
31,33,-570.90,-125.14,-45.06,1.00
31,34,-570.90,-125.14,-62.08,1.00
31,35,-570.90,-125.14,-79.10,1.00
31,36,-570.90,-125.14,-96.12,1.00
31,37,-570.90,-125.14,-113.14,1.00
31,38,-570.90,-125.14,-130.16,1.00
31,39,-570.90,-125.14,-147.18,1.00
31,40,-570.90,-125.14,-164.20,1.00
31,41,-570.90,-125.14,-181.23,1.00
31,42,-570.90,-125.14,-198.25,1.00
31,43,-570.90,-125.14,-215.27,1.00
31,44,-570.90,-125.14,-232.29,1.00
31,45,-570.90,-125.14,-249.31,1.00
31,46,-570.90,-125.14,-266.33,1.00
31,47,-570.90,-125.14,-283.35,1.00
31,48,-570.90,-125.14,-300.37,1.00
31,49,-570.90,-125.14,-317.39,1.00
31,50,-570.90,-125.14,-334.41,1.00
31,51,-570.90,-125.14,-351.43,1.00
31,52,-570.90,-125.14,-368.45,1.00
31,53,-570.90,-125.14,-385.47,1.00
31,54,-570.90,-125.14,-402.50,1.00
31,55,-570.90,-125.14,-419.52,1.00
31,56,-570.90,-125.14,-436.54,1.00
31,57,-570.90,-125.14,-453.56,1.00
31,58,-570.90,-125.14,-470.58,1.00
31,59,-570.90,-125.14,-487.60,1.00
31,60,-570.90,-125.14,-504.62,1.00
32,1,-447.74,-113.13,500.67,1.00
32,2,-447.74,-113.13,483.65,1.00
32,3,-447.74,-113.13,466.63,1.00
32,4,-447.74,-113.13,449.61,1.00
32,5,-447.74,-113.13,432.59,1.00
32,6,-447.74,-113.13,415.57,1.00
32,7,-447.74,-113.13,398.55,1.00
32,8,-447.74,-113.13,381.53,1.00
32,9,-447.74,-113.13,364.51,1.00
32,10,-447.74,-113.13,347.49,1.00
32,11,-447.74,-113.13,330.47,1.00
32,12,-447.74,-113.13,313.45,1.00
32,13,-447.74,-113.13,296.43,1.00
32,14,-447.74,-113.13,279.40,1.00
32,15,-447.74,-113.13,262.38,1.00
32,16,-447.74,-113.13,245.36,1.00
32,17,-447.74,-113.13,228.34,1.00
32,18,-447.74,-113.13,211.32,1.00
32,19,-447.74,-113.13,194.30,1.00
32,20,-447.74,-113.13,177.28,1.00
32,21,-447.74,-113.13,160.26,1.00
32,22,-447.74,-113.13,143.24,1.00
32,23,-447.74,-113.13,126.22,1.00
32,24,-447.74,-113.13,109.20,1.00
32,25,-447.74,-113.13,92.18,1.00
32,26,-447.74,-113.13,75.16,1.00
32,27,-447.74,-113.13,58.14,1.00
32,28,-447.74,-113.13,41.11,1.00
32,29,-447.74,-113.13,24.09,1.00
32,30,-447.74,-113.13,7.07,1.00
32,31,-447.74,-113.13,-9.95,1.00
32,32,-447.74,-113.13,-26.97,1.00
32,33,-447.74,-113.13,-43.99,1.00
32,34,-447.74,-113.13,-61.01,1.00
32,35,-447.74,-113.13,-78.03,1.00
32,36,-447.74,-113.13,-95.05,1.00
32,37,-447.74,-113.13,-112.07,1.00
32,38,-447.74,-113.13,-129.09,1.00
32,39,-447.74,-113.13,-146.11,1.00
32,40,-447.74,-113.13,-163.13,1.00
32,41,-447.74,-113.13,-180.16,1.00
32,42,-447.74,-113.13,-197.18,1.00
32,43,-447.74,-113.13,-214.20,1.00
32,44,-447.74,-113.13,-231.22,1.00
32,45,-447.74,-113.13,-248.24,1.00
32,46,-447.74,-113.13,-265.26,1.00
32,47,-447.74,-113.13,-282.28,1.00
32,48,-447.74,-113.13,-299.30,1.00
32,49,-447.74,-113.13,-316.32,1.00
32,50,-447.74,-113.13,-333.34,1.00
32,51,-447.74,-113.13,-350.36,1.00
32,52,-447.74,-113.13,-367.38,1.00
32,53,-447.74,-113.13,-384.40,1.00
32,54,-447.74,-113.13,-401.43,1.00
32,55,-447.74,-113.13,-418.45,1.00
32,56,-447.74,-113.13,-435.47,1.00
32,57,-447.74,-113.13,-452.49,1.00
32,58,-447.74,-113.13,-469.51,1.00
32,59,-447.74,-113.13,-486.53,1.00
32,60,-447.74,-113.13,-503.55,1.00
33,1,-324.39,-93.43,500.13,1.00
33,2,-324.39,-93.43,483.11,1.00
33,3,-324.39,-93.43,466.09,1.00
33,4,-324.39,-93.43,449.07,1.00
33,5,-324.39,-93.43,432.05,1.00
33,6,-324.39,-93.43,415.03,1.00
33,7,-324.39,-93.43,398.01,1.00
33,8,-324.39,-93.43,380.99,1.00
33,9,-324.39,-93.43,363.97,1.00
33,10,-324.39,-93.43,346.95,1.00
33,11,-324.39,-93.43,329.93,1.00
33,12,-324.39,-93.43,312.91,1.00
33,13,-324.39,-93.43,295.89,1.00
33,14,-324.39,-93.43,278.86,1.00
33,15,-324.39,-93.43,261.84,1.00
33,16,-324.39,-93.43,244.82,1.00
33,17,-324.39,-93.43,227.80,1.00
33,18,-324.39,-93.43,210.78,1.00
33,19,-324.39,-93.43,193.76,1.00
33,20,-324.39,-93.43,176.74,1.00
33,21,-324.39,-93.43,159.72,1.00
33,22,-324.39,-93.43,142.70,1.00
33,23,-324.39,-93.43,125.68,1.00
33,24,-324.39,-93.43,108.66,1.00
33,25,-324.39,-93.43,91.64,1.00
33,26,-324.39,-93.43,74.62,1.00
33,27,-324.39,-93.43,57.60,1.00
33,28,-324.39,-93.43,40.57,1.00
33,29,-324.39,-93.43,23.55,1.00
33,30,-324.39,-93.43,6.53,1.00
33,31,-324.39,-93.43,-10.49,1.00
33,32,-324.39,-93.43,-27.51,1.00
33,33,-324.39,-93.43,-44.53,1.00
33,34,-324.39,-93.43,-61.55,1.00
33,35,-324.39,-93.43,-78.57,1.00
33,36,-324.39,-93.43,-95.59,1.00
33,37,-324.39,-93.43,-112.61,1.00
33,38,-324.39,-93.43,-129.63,1.00
33,39,-324.39,-93.43,-146.65,1.00
33,40,-324.39,-93.43,-163.67,1.00
33,41,-324.39,-93.43,-180.70,1.00
33,42,-324.39,-93.43,-197.72,1.00
33,43,-324.39,-93.43,-214.74,1.00
33,44,-324.39,-93.43,-231.76,1.00
33,45,-324.39,-93.43,-248.78,1.00
33,46,-324.39,-93.43,-265.80,1.00
33,47,-324.39,-93.43,-282.82,1.00
33,48,-324.39,-93.43,-299.84,1.00
33,49,-324.39,-93.43,-316.86,1.00
33,50,-324.39,-93.43,-333.88,1.00
33,51,-324.39,-93.43,-350.90,1.00
33,52,-324.39,-93.43,-367.92,1.00
33,53,-324.39,-93.43,-384.94,1.00
33,54,-324.39,-93.43,-401.97,1.00
33,55,-324.39,-93.43,-418.99,1.00
33,56,-324.39,-93.43,-436.01,1.00
33,57,-324.39,-93.43,-453.03,1.00
33,58,-324.39,-93.43,-470.05,1.00
33,59,-324.39,-93.43,-487.07,1.00
33,60,-324.39,-93.43,-504.09,1.00
34,1,-200.55,-74.03,523.42,1.00
34,2,-200.55,-74.03,506.40,1.00
34,3,-200.55,-74.03,489.38,1.00
34,4,-200.55,-74.03,472.36,1.00
34,5,-200.55,-74.03,455.34,1.00
34,6,-200.55,-74.03,438.32,1.00
34,7,-200.55,-74.03,421.30,1.00
34,8,-200.55,-74.03,404.28,1.00
34,9,-200.55,-74.03,387.26,1.00
34,10,-200.55,-74.03,370.24,1.00
34,11,-200.55,-74.03,353.22,1.00
34,12,-200.55,-74.03,336.20,1.00
34,13,-200.55,-74.03,319.18,1.00
34,14,-200.55,-74.03,302.15,1.00
34,15,-200.55,-74.03,285.13,1.00
34,16,-200.55,-74.03,268.11,1.00
34,17,-200.55,-74.03,251.09,1.00
34,18,-200.55,-74.03,234.07,1.00
34,19,-200.55,-74.03,217.05,1.00
34,20,-200.55,-74.03,200.03,1.00
34,21,-200.55,-74.03,183.01,1.00
34,22,-200.55,-74.03,165.99,1.00
34,23,-200.55,-74.03,148.97,1.00
34,24,-200.55,-74.03,131.95,1.00
34,25,-200.55,-74.03,114.93,1.00
34,26,-200.55,-74.03,97.91,1.00
34,27,-200.55,-74.03,80.89,1.00
34,28,-200.55,-74.03,63.86,1.00
34,29,-200.55,-74.03,46.84,1.00
34,30,-200.55,-74.03,29.82,1.00
34,31,-200.55,-74.03,12.80,1.00
34,32,-200.55,-74.03,-4.22,1.00
34,33,-200.55,-74.03,-21.24,1.00
34,34,-200.55,-74.03,-38.26,1.00
34,35,-200.55,-74.03,-55.28,1.00
34,36,-200.55,-74.03,-72.30,1.00
34,37,-200.55,-74.03,-89.32,1.00
34,38,-200.55,-74.03,-106.34,1.00
34,39,-200.55,-74.03,-123.36,1.00
34,40,-200.55,-74.03,-140.38,1.00
34,41,-200.55,-74.03,-157.41,1.00
34,42,-200.55,-74.03,-174.43,1.00
34,43,-200.55,-74.03,-191.45,1.00
34,44,-200.55,-74.03,-208.47,1.00
34,45,-200.55,-74.03,-225.49,1.00
34,46,-200.55,-74.03,-242.51,1.00
34,47,-200.55,-74.03,-259.53,1.00
34,48,-200.55,-74.03,-276.55,1.00
34,49,-200.55,-74.03,-293.57,1.00
34,50,-200.55,-74.03,-310.59,1.00
34,51,-200.55,-74.03,-327.61,1.00
34,52,-200.55,-74.03,-344.63,1.00
34,53,-200.55,-74.03,-361.65,1.00
34,54,-200.55,-74.03,-378.68,1.00
34,55,-200.55,-74.03,-395.70,1.00
34,56,-200.55,-74.03,-412.72,1.00
34,57,-200.55,-74.03,-429.74,1.00
34,58,-200.55,-74.03,-446.76,1.00
34,59,-200.55,-74.03,-463.78,1.00
34,60,-200.55,-74.03,-480.80,1.00
35,1,-77.80,-54.33,502.70,1.00
35,2,-77.80,-54.33,485.68,1.00
35,3,-77.80,-54.33,468.66,1.00
35,4,-77.80,-54.33,451.64,1.00
35,5,-77.80,-54.33,434.62,1.00
35,6,-77.80,-54.33,417.60,1.00
35,7,-77.80,-54.33,400.58,1.00
35,8,-77.80,-54.33,383.56,1.00
35,9,-77.80,-54.33,366.54,1.00
35,10,-77.80,-54.33,349.52,1.00
35,11,-77.80,-54.33,332.50,1.00
35,12,-77.80,-54.33,315.48,1.00
35,13,-77.80,-54.33,298.46,1.00
35,14,-77.80,-54.33,281.43,1.00
35,15,-77.80,-54.33,264.41,1.00
35,16,-77.80,-54.33,247.39,1.00
35,17,-77.80,-54.33,230.37,1.00
35,18,-77.80,-54.33,213.35,1.00
35,19,-77.80,-54.33,196.33,1.00
35,20,-77.80,-54.33,179.31,1.00
35,21,-77.80,-54.33,162.29,1.00
35,22,-77.80,-54.33,145.27,1.00
35,23,-77.80,-54.33,128.25,1.00
35,24,-77.80,-54.33,111.23,1.00
35,25,-77.80,-54.33,94.21,1.00
35,26,-77.80,-54.33,77.19,1.00
35,27,-77.80,-54.33,60.17,1.00
35,28,-77.80,-54.33,43.14,1.00
35,29,-77.80,-54.33,26.12,1.00
35,30,-77.80,-54.33,9.10,1.00
35,31,-77.80,-54.33,-7.92,1.00
35,32,-77.80,-54.33,-24.94,1.00
35,33,-77.80,-54.33,-41.96,1.00
35,34,-77.80,-54.33,-58.98,1.00
35,35,-77.80,-54.33,-76.00,1.00
35,36,-77.80,-54.33,-93.02,1.00
35,37,-77.80,-54.33,-110.04,1.00
35,38,-77.80,-54.33,-127.06,1.00
35,39,-77.80,-54.33,-144.08,1.00
35,40,-77.80,-54.33,-161.10,1.00
35,41,-77.80,-54.33,-178.13,1.00
35,42,-77.80,-54.33,-195.15,1.00
35,43,-77.80,-54.33,-212.17,1.00
35,44,-77.80,-54.33,-229.19,1.00
35,45,-77.80,-54.33,-246.21,1.00
35,46,-77.80,-54.33,-263.23,1.00
35,47,-77.80,-54.33,-280.25,1.00
35,48,-77.80,-54.33,-297.27,1.00
35,49,-77.80,-54.33,-314.29,1.00
35,50,-77.80,-54.33,-331.31,1.00
35,51,-77.80,-54.33,-348.33,1.00
35,52,-77.80,-54.33,-365.35,1.00
35,53,-77.80,-54.33,-382.37,1.00
35,54,-77.80,-54.33,-399.40,1.00
35,55,-77.80,-54.33,-416.42,1.00
35,56,-77.80,-54.33,-433.44,1.00
35,57,-77.80,-54.33,-450.46,1.00
35,58,-77.80,-54.33,-467.48,1.00
35,59,-77.80,-54.33,-484.50,1.00
35,60,-77.80,-54.33,-501.52,1.00
36,1,46.29,-34.88,500.97,1.00
36,2,46.29,-34.88,483.95,1.00
36,3,46.29,-34.88,466.93,1.00
36,4,46.29,-34.88,449.91,1.00
36,5,46.29,-34.88,432.89,1.00
36,6,46.29,-34.88,415.87,1.00
36,7,46.29,-34.88,398.85,1.00
36,8,46.29,-34.88,381.83,1.00
36,9,46.29,-34.88,364.81,1.00
36,10,46.29,-34.88,347.79,1.00
36,11,46.29,-34.88,330.77,1.00
36,12,46.29,-34.88,313.75,1.00
36,13,46.29,-34.88,296.73,1.00
36,14,46.29,-34.88,279.70,1.00
36,15,46.29,-34.88,262.68,1.00
36,16,46.29,-34.88,245.66,1.00
36,17,46.29,-34.88,228.64,1.00
36,18,46.29,-34.88,211.62,1.00
36,19,46.29,-34.88,194.60,1.00
36,20,46.29,-34.88,177.58,1.00
36,21,46.29,-34.88,160.56,1.00
36,22,46.29,-34.88,143.54,1.00
36,23,46.29,-34.88,126.52,1.00
36,24,46.29,-34.88,109.50,1.00
36,25,46.29,-34.88,92.48,1.00
36,26,46.29,-34.88,75.46,1.00
36,27,46.29,-34.88,58.44,1.00
36,28,46.29,-34.88,41.41,1.00
36,29,46.29,-34.88,24.39,1.00
36,30,46.29,-34.88,7.37,1.00
36,31,46.29,-34.88,-9.65,1.00
36,32,46.29,-34.88,-26.67,1.00
36,33,46.29,-34.88,-43.69,1.00
36,34,46.29,-34.88,-60.71,1.00
36,35,46.29,-34.88,-77.73,1.00
36,36,46.29,-34.88,-94.75,1.00
36,37,46.29,-34.88,-111.77,1.00
36,38,46.29,-34.88,-128.79,1.00
36,39,46.29,-34.88,-145.81,1.00
36,40,46.29,-34.88,-162.83,1.00
36,41,46.29,-34.88,-179.86,1.00
36,42,46.29,-34.88,-196.88,1.00
36,43,46.29,-34.88,-213.90,1.00
36,44,46.29,-34.88,-230.92,1.35
36,45,46.29,-34.88,-247.94,1.00
36,46,46.29,-34.88,-264.96,1.35
36,47,46.29,-34.88,-281.98,1.00
36,48,46.29,-34.88,-299.00,1.35
36,49,46.29,-34.88,-316.02,1.35
36,50,46.29,-34.88,-333.04,1.35
36,51,46.29,-34.88,-350.06,1.35
36,52,46.29,-34.88,-367.08,1.35
36,53,46.29,-34.88,-384.10,1.35
36,54,46.29,-34.88,-401.13,1.35
36,55,46.29,-34.88,-418.15,1.35
36,56,46.29,-34.88,-435.17,1.35
36,57,46.29,-34.88,-452.19,1.35
36,58,46.29,-34.88,-469.21,1.35
36,59,46.29,-34.88,-486.23,1.35
36,60,46.29,-34.88,-503.25,1.00
37,1,194.34,-30.92,504.09,1.00
37,2,194.34,-30.92,487.07,1.00
37,3,194.34,-30.92,470.05,1.00
37,4,194.34,-30.92,453.03,1.00
37,5,194.34,-30.92,436.01,1.00
37,6,194.34,-30.92,418.99,1.00
37,7,194.34,-30.92,401.97,1.00
37,8,194.34,-30.92,384.95,1.00
37,9,194.34,-30.92,367.93,1.00
37,10,194.34,-30.92,350.91,1.00
37,11,194.34,-30.92,333.89,1.00
37,12,194.34,-30.92,316.87,1.00
37,13,194.34,-30.92,299.85,1.00
37,14,194.34,-30.92,282.82,1.00
37,15,194.34,-30.92,265.80,1.00
37,16,194.34,-30.92,248.78,1.00
37,17,194.34,-30.92,231.76,1.00
37,18,194.34,-30.92,214.74,1.00
37,19,194.34,-30.92,197.72,1.00
37,20,194.34,-30.92,180.70,1.00
37,21,194.34,-30.92,163.68,1.00
37,22,194.34,-30.92,146.66,1.00
37,23,194.34,-30.92,129.64,1.00
37,24,194.34,-30.92,112.62,1.00
37,25,194.34,-30.92,95.60,1.00
37,26,194.34,-30.92,78.58,1.00
37,27,194.34,-30.92,61.56,1.00
37,28,194.34,-30.92,44.53,1.00
37,29,194.34,-30.92,27.51,1.00
37,30,194.34,-30.92,10.49,1.00
37,31,194.34,-30.92,-6.53,1.00
37,32,194.34,-30.92,-23.55,1.00
37,33,194.34,-30.92,-40.57,1.00
37,34,194.34,-30.92,-57.59,1.00
37,35,194.34,-30.92,-74.61,1.00
37,36,194.34,-30.92,-91.63,1.00
37,37,194.34,-30.92,-108.65,1.00
37,38,194.34,-30.92,-125.67,1.00
37,39,194.34,-30.92,-142.69,1.00
37,40,194.34,-30.92,-159.71,1.00
37,41,194.34,-30.92,-176.74,1.00
37,42,194.34,-30.92,-193.76,1.00
37,43,194.34,-30.92,-210.78,1.00
37,44,194.34,-30.92,-227.80,1.00
37,45,194.34,-30.92,-244.82,1.00
37,46,194.34,-30.92,-261.84,1.00
37,47,194.34,-30.92,-278.86,1.00
37,48,194.34,-30.92,-295.88,1.00
37,49,194.34,-30.92,-312.90,1.00
37,50,194.34,-30.92,-329.92,1.00
37,51,194.34,-30.92,-346.94,1.00
37,52,194.34,-30.92,-363.96,1.00
37,53,194.34,-30.92,-380.98,1.00
37,54,194.34,-30.92,-398.01,1.00
37,55,194.34,-30.92,-415.03,1.00
37,56,194.34,-30.92,-432.05,1.00
37,57,194.34,-30.92,-449.07,1.00
37,58,194.34,-30.92,-466.09,1.00
37,59,194.34,-30.92,-483.11,1.00
37,60,194.34,-30.92,-500.13,1.00
38,1,292.90,5.20,491.40,1.00
38,2,292.90,5.20,474.38,1.00
38,3,292.90,5.20,457.36,1.00
38,4,292.90,5.20,440.34,1.00
38,5,292.90,5.20,423.32,1.00
38,6,292.90,5.20,406.30,1.00
38,7,292.90,5.20,389.28,1.00
38,8,292.90,5.20,372.26,1.00
38,9,292.90,5.20,355.24,1.00
38,10,292.90,5.20,338.22,1.00
38,11,292.90,5.20,321.20,1.00
38,12,292.90,5.20,304.18,1.00
38,13,292.90,5.20,287.16,1.00
38,14,292.90,5.20,270.13,1.00
38,15,292.90,5.20,253.11,1.00
38,16,292.90,5.20,236.09,1.00
38,17,292.90,5.20,219.07,1.00
38,18,292.90,5.20,202.05,1.00
38,19,292.90,5.20,185.03,1.00
38,20,292.90,5.20,168.01,1.00
38,21,292.90,5.20,150.99,1.00
38,22,292.90,5.20,133.97,1.00
38,23,292.90,5.20,116.95,1.00
38,24,292.90,5.20,99.93,1.00
38,25,292.90,5.20,82.91,1.00
38,26,292.90,5.20,65.89,1.00
38,27,292.90,5.20,48.87,1.00
38,28,292.90,5.20,31.84,1.00
38,29,292.90,5.20,14.82,1.00
38,30,292.90,5.20,-2.20,1.00
38,31,292.90,5.20,-19.22,1.00
38,32,292.90,5.20,-36.24,1.00
38,33,292.90,5.20,-53.26,1.00
38,34,292.90,5.20,-70.28,1.00
38,35,292.90,5.20,-87.30,1.00
38,36,292.90,5.20,-104.32,1.00
38,37,292.90,5.20,-121.34,1.00
38,38,292.90,5.20,-138.36,1.00
38,39,292.90,5.20,-155.38,1.00
38,40,292.90,5.20,-172.40,1.00
38,41,292.90,5.20,-189.43,1.00
38,42,292.90,5.20,-206.45,1.00
38,43,292.90,5.20,-223.47,1.00
38,44,292.90,5.20,-240.49,1.00
38,45,292.90,5.20,-257.51,1.00
38,46,292.90,5.20,-274.53,1.00
38,47,292.90,5.20,-291.55,1.00
38,48,292.90,5.20,-308.57,1.00
38,49,292.90,5.20,-325.59,1.00
38,50,292.90,5.20,-342.61,1.00
38,51,292.90,5.20,-359.63,1.00
38,52,292.90,5.20,-376.65,1.00
38,53,292.90,5.20,-393.67,1.00
38,54,292.90,5.20,-410.70,1.00
38,55,292.90,5.20,-427.72,1.00
38,56,292.90,5.20,-444.74,1.00
38,57,292.90,5.20,-461.76,1.00
38,58,292.90,5.20,-478.78,1.00
38,59,292.90,5.20,-495.80,1.00
38,60,292.90,5.20,-512.82,1.00
39,1,411.81,13.00,501.73,1.00
39,2,411.81,13.00,484.71,1.00
39,3,411.81,13.00,467.69,1.00
39,4,411.81,13.00,450.67,1.00
39,5,411.81,13.00,433.65,1.00
39,6,411.81,13.00,416.63,1.00
39,7,411.81,13.00,399.61,1.00
39,8,411.81,13.00,382.59,1.00
39,9,411.81,13.00,365.57,1.00
39,10,411.81,13.00,348.55,1.00
39,11,411.81,13.00,331.53,1.00
39,12,411.81,13.00,314.51,1.00
39,13,411.81,13.00,297.49,1.00
39,14,411.81,13.00,280.46,1.00
39,15,411.81,13.00,263.44,1.00
39,16,411.81,13.00,246.42,1.00
39,17,411.81,13.00,229.40,1.00
39,18,411.81,13.00,212.38,1.00
39,19,411.81,13.00,195.36,1.00
39,20,411.81,13.00,178.34,1.00
39,21,411.81,13.00,161.32,1.00
39,22,411.81,13.00,144.30,1.00
39,23,411.81,13.00,127.28,1.00
39,24,411.81,13.00,110.26,1.00
39,25,411.81,13.00,93.24,1.00
39,26,411.81,13.00,76.22,1.00
39,27,411.81,13.00,59.20,1.00
39,28,411.81,13.00,42.17,1.00
39,29,411.81,13.00,25.15,1.00
39,30,411.81,13.00,8.13,1.00
39,31,411.81,13.00,-8.89,1.00
39,32,411.81,13.00,-25.91,1.00
39,33,411.81,13.00,-42.93,1.00
39,34,411.81,13.00,-59.95,1.00
39,35,411.81,13.00,-76.97,1.00
39,36,411.81,13.00,-93.99,1.00
39,37,411.81,13.00,-111.01,1.00
39,38,411.81,13.00,-128.03,1.00
39,39,411.81,13.00,-145.05,1.00
39,40,411.81,13.00,-162.07,1.00
39,41,411.81,13.00,-179.10,1.00
39,42,411.81,13.00,-196.12,1.00
39,43,411.81,13.00,-213.14,1.00
39,44,411.81,13.00,-230.16,1.00
39,45,411.81,13.00,-247.18,1.00
39,46,411.81,13.00,-264.20,1.00
39,47,411.81,13.00,-281.22,1.00
39,48,411.81,13.00,-298.24,1.00
39,49,411.81,13.00,-315.26,1.00
39,50,411.81,13.00,-332.28,1.00
39,51,411.81,13.00,-349.30,1.00
39,52,411.81,13.00,-366.32,1.00
39,53,411.81,13.00,-383.34,1.00
39,54,411.81,13.00,-400.37,1.00
39,55,411.81,13.00,-417.39,1.00
39,56,411.81,13.00,-434.41,1.00
39,57,411.81,13.00,-451.43,1.00
39,58,411.81,13.00,-468.45,1.00
39,59,411.81,13.00,-485.47,1.00
39,60,411.81,13.00,-502.49,1.00
40,1,544.07,55.89,502.79,1.00
40,2,544.07,55.89,485.76,1.00
40,3,544.07,55.89,468.74,1.00
40,4,544.07,55.89,451.72,1.00
40,5,544.07,55.89,434.70,1.00
40,6,544.07,55.89,417.68,1.00
40,7,544.07,55.89,400.66,1.00
40,8,544.07,55.89,383.64,1.00
40,9,544.07,55.89,366.62,1.00
40,10,544.07,55.89,349.60,1.00
40,11,544.07,55.89,332.58,1.00
40,12,544.07,55.89,315.56,1.00
40,13,544.07,55.89,298.54,1.00
40,14,544.07,55.89,281.52,1.00
40,15,544.07,55.89,264.50,1.00
40,16,544.07,55.89,247.47,1.00
40,17,544.07,55.89,230.45,1.00
40,18,544.07,55.89,213.43,1.00
40,19,544.07,55.89,196.41,1.00
40,20,544.07,55.89,179.39,1.00
40,21,544.07,55.89,162.37,1.00
40,22,544.07,55.89,145.35,1.00
40,23,544.07,55.89,128.33,1.00
40,24,544.07,55.89,111.31,1.00
40,25,544.07,55.89,94.29,1.00
40,26,544.07,55.89,77.27,1.00
40,27,544.07,55.89,60.25,1.00
40,28,544.07,55.89,43.23,1.00
40,29,544.07,55.89,26.20,1.00
40,30,544.07,55.89,9.18,1.00
40,31,544.07,55.89,-7.84,1.00
40,32,544.07,55.89,-24.86,1.00
40,33,544.07,55.89,-41.88,1.00
40,34,544.07,55.89,-58.90,1.00
40,35,544.07,55.89,-75.92,1.00
40,36,544.07,55.89,-92.94,1.00
40,37,544.07,55.89,-109.96,1.00
40,38,544.07,55.89,-126.98,1.00
40,39,544.07,55.89,-144.00,1.00
40,40,544.07,55.89,-161.02,1.00
40,41,544.07,55.89,-178.04,1.00
40,42,544.07,55.89,-195.07,1.00
40,43,544.07,55.89,-212.09,1.00
40,44,544.07,55.89,-229.11,1.00
40,45,544.07,55.89,-246.13,1.00
40,46,544.07,55.89,-263.15,1.00
40,47,544.07,55.89,-280.17,1.00
40,48,544.07,55.89,-297.19,1.00
40,49,544.07,55.89,-314.21,1.00
40,50,544.07,55.89,-331.23,1.00
40,51,544.07,55.89,-348.25,1.00
40,52,544.07,55.89,-365.27,1.00
40,53,544.07,55.89,-382.29,1.00
40,54,544.07,55.89,-399.31,1.00
40,55,544.07,55.89,-416.34,1.00
40,56,544.07,55.89,-433.36,1.00
40,57,544.07,55.89,-450.38,1.00
40,58,544.07,55.89,-467.40,1.00
40,59,544.07,55.89,-484.42,1.00
40,60,544.07,55.89,-502.14,1.00
41,1,-526.63,-15.60,502.67,1.00
41,2,-526.63,-15.60,485.64,1.00
41,3,-526.63,-15.60,468.62,1.00
41,4,-526.63,-15.60,451.60,1.00
41,5,-526.63,-15.60,434.58,1.00
41,6,-526.63,-15.60,417.56,1.00
41,7,-526.63,-15.60,400.54,1.00
41,8,-526.63,-15.60,383.52,1.00
41,9,-526.63,-15.60,366.50,1.00
41,10,-526.63,-15.60,349.48,1.00
41,11,-526.63,-15.60,332.46,1.00
41,12,-526.63,-15.60,315.44,1.00
41,13,-526.63,-15.60,298.42,1.00
41,14,-526.63,-15.60,281.40,1.00
41,15,-526.63,-15.60,264.37,1.00
41,16,-526.63,-15.60,247.35,1.00
41,17,-526.63,-15.60,230.33,1.00
41,18,-526.63,-15.60,213.31,1.00
41,19,-526.63,-15.60,196.29,1.00
41,20,-526.63,-15.60,179.27,1.00
41,21,-526.63,-15.60,162.25,1.00
41,22,-526.63,-15.60,145.23,1.00
41,23,-526.63,-15.60,128.21,1.00
41,24,-526.63,-15.60,111.19,1.00
41,25,-526.63,-15.60,94.17,1.00
41,26,-526.63,-15.60,77.15,1.00
41,27,-526.63,-15.60,60.13,1.00
41,28,-526.63,-15.60,43.10,1.00
41,29,-526.63,-15.60,26.08,1.00
41,30,-526.63,-15.60,9.06,1.00
41,31,-526.63,-15.60,-7.96,1.00
41,32,-526.63,-15.60,-24.98,1.00
41,33,-526.63,-15.60,-42.00,1.00
41,34,-526.63,-15.60,-59.02,1.00
41,35,-526.63,-15.60,-76.04,1.00
41,36,-526.63,-15.60,-93.06,1.00
41,37,-526.63,-15.60,-110.08,1.00
41,38,-526.63,-15.60,-127.10,1.00
41,39,-526.63,-15.60,-144.12,1.00
41,40,-526.63,-15.60,-161.14,1.00
41,41,-526.63,-15.60,-178.17,1.00
41,42,-526.63,-15.60,-195.19,1.00
41,43,-526.63,-15.60,-212.21,1.00
41,44,-526.63,-15.60,-229.23,1.00
41,45,-526.63,-15.60,-246.25,1.00
41,46,-526.63,-15.60,-263.27,1.00
41,47,-526.63,-15.60,-280.29,1.00
41,48,-526.63,-15.60,-297.31,1.00
41,49,-526.63,-15.60,-314.33,1.00
41,50,-526.63,-15.60,-331.35,1.00
41,51,-526.63,-15.60,-348.37,1.00
41,52,-526.63,-15.60,-365.39,1.00
41,53,-526.63,-15.60,-382.41,1.00
41,54,-526.63,-15.60,-399.43,1.00
41,55,-526.63,-15.60,-416.46,1.00
41,56,-526.63,-15.60,-433.48,1.00
41,57,-526.63,-15.60,-450.50,1.00
41,58,-526.63,-15.60,-467.52,1.00
41,59,-526.63,-15.60,-484.54,1.00
41,60,-526.63,-15.60,-502.01,1.00
42,1,-403.14,3.49,501.80,1.00
42,2,-403.14,3.49,484.78,1.00
42,3,-403.14,3.49,467.76,1.00
42,4,-403.14,3.49,450.74,1.00
42,5,-403.14,3.49,433.72,1.00
42,6,-403.14,3.49,416.70,1.00
42,7,-403.14,3.49,399.68,1.00
42,8,-403.14,3.49,382.66,1.00
42,9,-403.14,3.49,365.64,1.00
42,10,-403.14,3.49,348.62,1.00
42,11,-403.14,3.49,331.60,1.00
42,12,-403.14,3.49,314.58,1.00
42,13,-403.14,3.49,297.56,1.00
42,14,-403.14,3.49,280.53,1.00
42,15,-403.14,3.49,263.51,1.00
42,16,-403.14,3.49,246.49,1.00
42,17,-403.14,3.49,229.47,1.00
42,18,-403.14,3.49,212.45,1.00
42,19,-403.14,3.49,195.43,1.00
42,20,-403.14,3.49,178.41,1.00
42,21,-403.14,3.49,161.39,1.00
42,22,-403.14,3.49,144.37,1.00
42,23,-403.14,3.49,127.35,1.00
42,24,-403.14,3.49,110.33,1.00
42,25,-403.14,3.49,93.31,1.00
42,26,-403.14,3.49,76.29,1.00
42,27,-403.14,3.49,59.27,1.00
42,28,-403.14,3.49,42.24,1.00
42,29,-403.14,3.49,25.22,1.00
42,30,-403.14,3.49,8.20,1.00
42,31,-403.14,3.49,-8.82,1.00
42,32,-403.14,3.49,-25.84,1.00
42,33,-403.14,3.49,-42.86,1.00
42,34,-403.14,3.49,-59.88,1.00
42,35,-403.14,3.49,-76.90,1.00
42,36,-403.14,3.49,-93.92,1.00
42,37,-403.14,3.49,-110.94,1.00
42,38,-403.14,3.49,-127.96,1.00
42,39,-403.14,3.49,-144.98,1.00
42,40,-403.14,3.49,-162.00,1.00
42,41,-403.14,3.49,-179.03,1.00
42,42,-403.14,3.49,-196.05,1.00
42,43,-403.14,3.49,-213.07,1.00
42,44,-403.14,3.49,-230.09,1.00
42,45,-403.14,3.49,-247.11,1.00
42,46,-403.14,3.49,-264.13,1.00
42,47,-403.14,3.49,-281.15,1.00
42,48,-403.14,3.49,-298.17,1.00
42,49,-403.14,3.49,-315.19,1.00
42,50,-403.14,3.49,-332.21,1.00
42,51,-403.14,3.49,-349.23,1.00
42,52,-403.14,3.49,-366.25,1.00
42,53,-403.14,3.49,-383.27,1.00
42,54,-403.14,3.49,-400.30,1.00
42,55,-403.14,3.49,-417.32,1.00
42,56,-403.14,3.49,-434.34,1.00
42,57,-403.14,3.49,-451.36,1.00
42,58,-403.14,3.49,-468.38,1.00
42,59,-403.14,3.49,-485.40,1.00
42,60,-403.14,3.49,-502.42,1.00
43,1,-279.53,23.17,502.61,1.00
43,2,-279.53,23.17,485.59,1.00
43,3,-279.53,23.17,468.57,1.00
43,4,-279.53,23.17,451.54,1.00
43,5,-279.53,23.17,434.52,1.00
43,6,-279.53,23.17,417.50,1.00
43,7,-279.53,23.17,400.48,1.00
43,8,-279.53,23.17,383.46,1.00
43,9,-279.53,23.17,366.44,1.00
43,10,-279.53,23.17,349.42,1.00
43,11,-279.53,23.17,332.40,1.00
43,12,-279.53,23.17,315.38,1.00
43,13,-279.53,23.17,298.36,1.00
43,14,-279.53,23.17,281.34,1.00
43,15,-279.53,23.17,264.32,1.00
43,16,-279.53,23.17,247.30,1.00
43,17,-279.53,23.17,230.27,1.00
43,18,-279.53,23.17,213.25,1.00
43,19,-279.53,23.17,196.23,1.00
43,20,-279.53,23.17,179.21,1.00
43,21,-279.53,23.17,162.19,1.00
43,22,-279.53,23.17,145.17,1.00
43,23,-279.53,23.17,128.15,1.00
43,24,-279.53,23.17,111.13,1.00
43,25,-279.53,23.17,94.11,1.00
43,26,-279.53,23.17,77.09,1.00
43,27,-279.53,23.17,60.07,1.00
43,28,-279.53,23.17,43.05,1.00
43,29,-279.53,23.17,26.03,1.00
43,30,-279.53,23.17,9.00,1.00
43,31,-279.53,23.17,-8.02,1.00
43,32,-279.53,23.17,-25.04,1.00
43,33,-279.53,23.17,-42.06,1.00
43,34,-279.53,23.17,-59.08,1.00
43,35,-279.53,23.17,-76.10,1.00
43,36,-279.53,23.17,-93.12,1.00
43,37,-279.53,23.17,-110.14,1.00
43,38,-279.53,23.17,-127.16,1.00
43,39,-279.53,23.17,-144.18,1.00
43,40,-279.53,23.17,-161.20,1.00
43,41,-279.53,23.17,-178.22,1.00
43,42,-279.53,23.17,-195.24,1.00
43,43,-279.53,23.17,-212.26,1.00
43,44,-279.53,23.17,-229.29,1.00
43,45,-279.53,23.17,-246.31,1.00
43,46,-279.53,23.17,-263.33,1.00
43,47,-279.53,23.17,-280.35,1.00
43,48,-279.53,23.17,-297.37,1.00
43,49,-279.53,23.17,-314.39,1.00
43,50,-279.53,23.17,-331.41,1.00
43,51,-279.53,23.17,-348.43,1.00
43,52,-279.53,23.17,-365.45,1.00
43,53,-279.53,23.17,-382.47,1.00
43,54,-279.53,23.17,-399.49,1.00
43,55,-279.53,23.17,-416.51,1.35
43,56,-279.53,23.17,-433.53,1.00
43,57,-279.53,23.17,-450.56,1.00
43,58,-279.53,23.17,-467.58,1.00
43,59,-279.53,23.17,-486.40,1.00
43,60,-279.53,23.17,-503.42,1.00
44,1,-156.23,43.37,500.84,1.00
44,2,-156.23,43.37,483.81,1.00
44,3,-156.23,43.37,466.79,1.00
44,4,-156.23,43.37,449.77,1.00
44,5,-156.23,43.37,432.75,1.00
44,6,-156.23,43.37,415.73,1.00
44,7,-156.23,43.37,398.71,1.00
44,8,-156.23,43.37,381.69,1.00
44,9,-156.23,43.37,364.67,1.00
44,10,-156.23,43.37,347.65,1.00
44,11,-156.23,43.37,330.63,1.00
44,12,-156.23,43.37,313.61,1.00
44,13,-156.23,43.37,296.59,1.00
44,14,-156.23,43.37,279.57,1.00
44,15,-156.23,43.37,262.54,1.00
44,16,-156.23,43.37,245.52,1.00
44,17,-156.23,43.37,228.50,1.00
44,18,-156.23,43.37,211.48,1.00
44,19,-156.23,43.37,194.46,1.00
44,20,-156.23,43.37,177.44,1.00
44,21,-156.23,43.37,160.42,1.00
44,22,-156.23,43.37,143.40,1.00
44,23,-156.23,43.37,126.38,1.00
44,24,-156.23,43.37,109.36,1.00
44,25,-156.23,43.37,92.34,1.00
44,26,-156.23,43.37,75.32,1.00
44,27,-156.23,43.37,58.30,1.00
44,28,-156.23,43.37,41.27,1.00
44,29,-156.23,43.37,24.25,1.00
44,30,-156.23,43.37,7.23,1.00
44,31,-156.23,43.37,-9.79,1.00
44,32,-156.23,43.37,-26.81,1.00
44,33,-156.23,43.37,-43.83,1.00
44,34,-156.23,43.37,-60.85,1.00
44,35,-156.23,43.37,-77.87,1.00
44,36,-156.23,43.37,-94.89,1.00
44,37,-156.23,43.37,-111.91,1.00
44,38,-156.23,43.37,-128.93,1.00
44,39,-156.23,43.37,-145.95,1.00
44,40,-156.23,43.37,-162.97,1.00
44,41,-156.23,43.37,-179.99,1.00
44,42,-156.23,43.37,-197.02,1.00
44,43,-156.23,43.37,-214.04,1.00
44,44,-156.23,43.37,-231.06,1.00
44,45,-156.23,43.37,-248.08,1.00
44,46,-156.23,43.37,-265.10,1.00
44,47,-156.23,43.37,-282.12,1.00
44,48,-156.23,43.37,-299.14,1.00
44,49,-156.23,43.37,-316.16,1.00
44,50,-156.23,43.37,-333.18,1.00
44,51,-156.23,43.37,-350.20,1.00
44,52,-156.23,43.37,-367.22,1.00
44,53,-156.23,43.37,-384.24,1.00
44,54,-156.23,43.37,-401.26,1.00
44,55,-156.23,43.37,-418.29,1.00
44,56,-156.23,43.37,-435.31,1.00
44,57,-156.23,43.37,-452.33,1.00
44,58,-156.23,43.37,-469.35,1.00
44,59,-156.23,43.37,-486.37,1.00
44,60,-156.23,43.37,-503.89,1.00
45,1,-32.96,62.44,495.81,1.00
45,2,-32.96,62.44,478.79,1.00
45,3,-32.96,62.44,461.77,1.00
45,4,-32.96,62.44,444.75,1.00
45,5,-32.96,62.44,427.73,1.00
45,6,-32.96,62.44,410.71,1.00
45,7,-32.96,62.44,393.69,1.00
45,8,-32.96,62.44,376.67,1.00
45,9,-32.96,62.44,359.65,1.00
45,10,-32.96,62.44,342.63,1.00
45,11,-32.96,62.44,325.61,1.00
45,12,-32.96,62.44,308.59,1.00
45,13,-32.96,62.44,291.57,1.00
45,14,-32.96,62.44,274.54,1.00
45,15,-32.96,62.44,257.52,1.00
45,16,-32.96,62.44,240.50,1.00
45,17,-32.96,62.44,223.48,1.00
45,18,-32.96,62.44,206.46,1.00
45,19,-32.96,62.44,189.44,1.00
45,20,-32.96,62.44,172.42,1.00
45,21,-32.96,62.44,155.40,1.00
45,22,-32.96,62.44,138.38,1.00
45,23,-32.96,62.44,121.36,1.00
45,24,-32.96,62.44,104.34,1.00
45,25,-32.96,62.44,87.32,1.00
45,26,-32.96,62.44,70.30,1.00
45,27,-32.96,62.44,53.28,1.00
45,28,-32.96,62.44,36.25,1.00
45,29,-32.96,62.44,19.23,1.00
45,30,-32.96,62.44,2.21,1.00
45,31,-32.96,62.44,-14.81,1.00
45,32,-32.96,62.44,-31.83,1.00
45,33,-32.96,62.44,-48.85,1.00
45,34,-32.96,62.44,-65.87,1.00
45,35,-32.96,62.44,-82.89,1.00
45,36,-32.96,62.44,-99.91,1.00
45,37,-32.96,62.44,-116.93,1.00
45,38,-32.96,62.44,-133.95,1.00
45,39,-32.96,62.44,-150.97,1.00
45,40,-32.96,62.44,-167.99,1.00
45,41,-32.96,62.44,-185.02,1.00
45,42,-32.96,62.44,-202.04,1.00
45,43,-32.96,62.44,-219.06,1.00
45,44,-32.96,62.44,-236.08,1.00
45,45,-32.96,62.44,-253.10,1.00
45,46,-32.96,62.44,-270.12,1.00
45,47,-32.96,62.44,-287.14,1.00
45,48,-32.96,62.44,-304.16,1.00
45,49,-32.96,62.44,-321.18,1.00
45,50,-32.96,62.44,-338.20,1.00
45,51,-32.96,62.44,-355.22,1.00
45,52,-32.96,62.44,-372.24,1.00
45,53,-32.96,62.44,-389.26,1.00
45,54,-32.96,62.44,-406.29,1.00
45,55,-32.96,62.44,-423.31,1.00
45,56,-32.96,62.44,-440.33,1.00
45,57,-32.96,62.44,-457.35,1.00
45,58,-32.96,62.44,-474.37,1.00
45,59,-32.96,62.44,-491.39,1.00
45,60,-32.96,62.44,-508.41,1.00
46,1,90.49,82.35,501.66,1.00
46,2,90.49,82.35,484.64,1.00
46,3,90.49,82.35,467.62,1.00
46,4,90.49,82.35,450.60,1.00
46,5,90.49,82.35,433.58,1.00
46,6,90.49,82.35,416.56,1.00
46,7,90.49,82.35,399.54,1.00
46,8,90.49,82.35,382.52,1.00
46,9,90.49,82.35,365.50,1.00
46,10,90.49,82.35,348.48,1.00
46,11,90.49,82.35,331.46,1.00
46,12,90.49,82.35,314.44,1.00
46,13,90.49,82.35,297.42,1.00
46,14,90.49,82.35,280.39,1.00
46,15,90.49,82.35,263.37,1.00
46,16,90.49,82.35,246.35,1.00
46,17,90.49,82.35,229.33,1.00
46,18,90.49,82.35,212.31,1.00
46,19,90.49,82.35,195.29,1.00
46,20,90.49,82.35,178.27,1.00
46,21,90.49,82.35,161.25,1.00
46,22,90.49,82.35,144.23,1.00
46,23,90.49,82.35,127.21,1.00
46,24,90.49,82.35,110.19,1.00
46,25,90.49,82.35,93.17,1.00
46,26,90.49,82.35,76.15,1.00
46,27,90.49,82.35,59.13,1.00
46,28,90.49,82.35,42.10,1.00
46,29,90.49,82.35,25.08,1.00
46,30,90.49,82.35,8.06,1.00
46,31,90.49,82.35,-8.96,1.00
46,32,90.49,82.35,-25.98,1.00
46,33,90.49,82.35,-43.00,1.00
46,34,90.49,82.35,-60.02,1.00
46,35,90.49,82.35,-77.04,1.00
46,36,90.49,82.35,-94.06,1.00
46,37,90.49,82.35,-111.08,1.00
46,38,90.49,82.35,-128.10,1.00
46,39,90.49,82.35,-145.12,1.00
46,40,90.49,82.35,-162.14,1.00
46,41,90.49,82.35,-179.17,1.00
46,42,90.49,82.35,-196.19,1.00
46,43,90.49,82.35,-213.21,1.00
46,44,90.49,82.35,-230.23,1.00
46,45,90.49,82.35,-247.25,1.00
46,46,90.49,82.35,-264.27,1.00
46,47,90.49,82.35,-281.29,1.00
46,48,90.49,82.35,-298.31,1.00
46,49,90.49,82.35,-315.33,1.00
46,50,90.49,82.35,-332.35,1.00
46,51,90.49,82.35,-349.37,1.00
46,52,90.49,82.35,-366.39,1.00
46,53,90.49,82.35,-383.41,1.00
46,54,90.49,82.35,-400.44,1.00
46,55,90.49,82.35,-417.46,1.00
46,56,90.49,82.35,-434.48,1.00
46,57,90.49,82.35,-451.50,1.00
46,58,90.49,82.35,-468.52,1.00
46,59,90.49,82.35,-485.54,1.00
46,60,90.49,82.35,-502.56,1.00
47,1,195.03,125.59,501.83,1.00
47,2,195.03,125.59,484.81,1.00
47,3,195.03,125.59,467.79,1.00
47,4,195.03,125.59,450.77,1.00
47,5,195.03,125.59,433.75,1.00
47,6,195.03,125.59,416.73,1.00
47,7,195.03,125.59,399.71,1.00
47,8,195.03,125.59,382.69,1.00
47,9,195.03,125.59,365.67,1.00
47,10,195.03,125.59,348.65,1.00
47,11,195.03,125.59,331.63,1.00
47,12,195.03,125.59,314.61,1.00
47,13,195.03,125.59,297.59,1.00
47,14,195.03,125.59,280.56,1.00
47,15,195.03,125.59,263.54,1.00
47,16,195.03,125.59,246.52,1.00
47,17,195.03,125.59,229.50,1.00
47,18,195.03,125.59,212.48,1.00
47,19,195.03,125.59,195.46,1.00
47,20,195.03,125.59,178.44,1.00
47,21,195.03,125.59,161.42,1.00
47,22,195.03,125.59,144.40,1.00
47,23,195.03,125.59,127.38,1.00
47,24,195.03,125.59,110.36,1.00
47,25,195.03,125.59,93.34,1.00
47,26,195.03,125.59,76.32,1.00
47,27,195.03,125.59,59.30,1.00
47,28,195.03,125.59,42.27,1.00
47,29,195.03,125.59,25.25,1.00
47,30,195.03,125.59,8.23,1.00
47,31,195.03,125.59,-8.79,1.00
47,32,195.03,125.59,-25.81,1.00
47,33,195.03,125.59,-42.83,1.00
47,34,195.03,125.59,-59.85,1.00
47,35,195.03,125.59,-76.87,1.00
47,36,195.03,125.59,-93.89,1.00
47,37,195.03,125.59,-110.91,1.00
47,38,195.03,125.59,-127.93,1.00
47,39,195.03,125.59,-144.95,1.00
47,40,195.03,125.59,-161.97,1.00
47,41,195.03,125.59,-179.00,1.00
47,42,195.03,125.59,-196.02,1.00
47,43,195.03,125.59,-213.04,1.00
47,44,195.03,125.59,-230.06,1.00
47,45,195.03,125.59,-247.08,1.00
47,46,195.03,125.59,-264.10,1.00
47,47,195.03,125.59,-281.12,1.00
47,48,195.03,125.59,-298.14,1.00
47,49,195.03,125.59,-315.16,1.00
47,50,195.03,125.59,-332.18,1.00
47,51,195.03,125.59,-349.20,1.00
47,52,195.03,125.59,-366.22,1.00
47,53,195.03,125.59,-383.24,1.00
47,54,195.03,125.59,-400.27,1.00
47,55,195.03,125.59,-417.29,1.00
47,56,195.03,125.59,-434.31,1.00
47,57,195.03,125.59,-451.33,1.00
47,58,195.03,125.59,-468.35,1.00
47,59,195.03,125.59,-485.37,1.00
47,60,195.03,125.59,-502.39,1.00
48,1,330.03,127.20,500.87,1.00
48,2,330.03,127.20,483.85,1.00
48,3,330.03,127.20,466.83,1.00
48,4,330.03,127.20,449.80,1.00
48,5,330.03,127.20,432.78,1.00
48,6,330.03,127.20,415.76,1.00
48,7,330.03,127.20,398.74,1.00
48,8,330.03,127.20,381.72,1.00
48,9,330.03,127.20,364.70,1.00
48,10,330.03,127.20,347.68,1.00
48,11,330.03,127.20,330.66,1.00
48,12,330.03,127.20,313.64,1.00
48,13,330.03,127.20,296.62,1.00
48,14,330.03,127.20,279.60,1.00
48,15,330.03,127.20,262.58,1.00
48,16,330.03,127.20,245.56,1.00
48,17,330.03,127.20,228.53,1.00
48,18,330.03,127.20,211.51,1.00
48,19,330.03,127.20,194.49,1.00
48,20,330.03,127.20,177.47,1.00
48,21,330.03,127.20,160.45,1.00
48,22,330.03,127.20,143.43,1.00
48,23,330.03,127.20,126.41,1.00
48,24,330.03,127.20,109.39,1.00
48,25,330.03,127.20,92.37,1.00
48,26,330.03,127.20,75.35,1.00
48,27,330.03,127.20,58.33,1.00
48,28,330.03,127.20,41.31,1.00
48,29,330.03,127.20,24.29,1.00
48,30,330.03,127.20,7.26,1.00
48,31,330.03,127.20,-9.76,1.00
48,32,330.03,127.20,-26.78,1.00
48,33,330.03,127.20,-43.80,1.00
48,34,330.03,127.20,-60.82,1.00
48,35,330.03,127.20,-77.84,1.00
48,36,330.03,127.20,-94.86,1.00
48,37,330.03,127.20,-111.88,1.00
48,38,330.03,127.20,-128.90,1.00
48,39,330.03,127.20,-145.92,1.00
48,40,330.03,127.20,-162.94,1.00
48,41,330.03,127.20,-179.96,1.00
48,42,330.03,127.20,-196.98,1.00
48,43,330.03,127.20,-214.01,1.00
48,44,330.03,127.20,-231.03,1.00
48,45,330.03,127.20,-248.05,1.00
48,46,330.03,127.20,-265.07,1.00
48,47,330.03,127.20,-282.09,1.00
48,48,330.03,127.20,-299.11,1.00
48,49,330.03,127.20,-316.13,1.00
48,50,330.03,127.20,-333.15,1.00
48,51,330.03,127.20,-350.17,1.00
48,52,330.03,127.20,-367.19,1.00
48,53,330.03,127.20,-384.21,1.00
48,54,330.03,127.20,-401.23,1.00
48,55,330.03,127.20,-418.25,1.00
48,56,330.03,127.20,-435.28,1.00
48,57,330.03,127.20,-452.30,1.00
48,58,330.03,127.20,-469.32,1.00
48,59,330.03,127.20,-486.34,1.00
48,60,330.03,127.20,-504.86,1.00
49,1,472.05,127.90,504.27,1.00
49,2,472.05,127.90,487.25,1.00
49,3,472.05,127.90,470.23,1.00
49,4,472.05,127.90,453.21,1.00
49,5,472.05,127.90,436.19,1.00
49,6,472.05,127.90,419.17,1.00
49,7,472.05,127.90,402.15,1.00
49,8,472.05,127.90,385.13,1.00
49,9,472.05,127.90,368.11,1.00
49,10,472.05,127.90,351.09,1.00
49,11,472.05,127.90,334.07,1.00
49,12,472.05,127.90,317.05,1.00
49,13,472.05,127.90,300.03,1.00
49,14,472.05,127.90,283.00,1.00
49,15,472.05,127.90,265.98,1.00
49,16,472.05,127.90,248.96,1.00
49,17,472.05,127.90,231.94,1.00
49,18,472.05,127.90,214.92,1.00
49,19,472.05,127.90,197.90,1.00
49,20,472.05,127.90,180.88,1.00
49,21,472.05,127.90,163.86,1.00
49,22,472.05,127.90,146.84,1.00
49,23,472.05,127.90,129.82,1.00
49,24,472.05,127.90,112.80,1.00
49,25,472.05,127.90,95.78,1.00
49,26,472.05,127.90,78.76,1.00
49,27,472.05,127.90,61.74,1.00
49,28,472.05,127.90,44.71,1.00
49,29,472.05,127.90,27.69,1.00
49,30,472.05,127.90,10.67,1.00
49,31,472.05,127.90,-6.35,1.00
49,32,472.05,127.90,-23.37,1.00
49,33,472.05,127.90,-40.39,1.00
49,34,472.05,127.90,-57.41,1.00
49,35,472.05,127.90,-74.43,1.00
49,36,472.05,127.90,-91.45,1.00
49,37,472.05,127.90,-108.47,1.00
49,38,472.05,127.90,-125.49,1.00
49,39,472.05,127.90,-142.51,1.00
49,40,472.05,127.90,-159.53,1.00
49,41,472.05,127.90,-176.56,1.00
49,42,472.05,127.90,-193.58,1.00
49,43,472.05,127.90,-210.60,1.00
49,44,472.05,127.90,-227.62,1.00
49,45,472.05,127.90,-244.64,1.00
49,46,472.05,127.90,-261.66,1.00
49,47,472.05,127.90,-278.68,1.00
49,48,472.05,127.90,-295.70,1.00
49,49,472.05,127.90,-312.72,1.00
49,50,472.05,127.90,-329.74,1.00
49,51,472.05,127.90,-346.76,1.00
49,52,472.05,127.90,-363.78,1.00
49,53,472.05,127.90,-380.80,1.00
49,54,472.05,127.90,-397.83,1.00
49,55,472.05,127.90,-414.85,1.00
49,56,472.05,127.90,-431.87,1.00
49,57,472.05,127.90,-448.89,1.00
49,58,472.05,127.90,-465.91,1.00
49,59,472.05,127.90,-482.93,1.00
49,60,472.05,127.90,-499.95,1.00
50,1,576.37,170.92,494.04,1.00
50,2,576.37,170.92,477.02,1.00
50,3,576.37,170.92,460.00,1.00
50,4,576.37,170.92,442.98,1.00
50,5,576.37,170.92,425.96,1.00
50,6,576.37,170.92,408.94,1.00
50,7,576.37,170.92,391.92,1.00
50,8,576.37,170.92,374.90,1.00
50,9,576.37,170.92,357.88,1.00
50,10,576.37,170.92,340.86,1.00
50,11,576.37,170.92,323.84,1.00
50,12,576.37,170.92,306.82,1.00
50,13,576.37,170.92,289.80,1.00
50,14,576.37,170.92,272.77,1.00
50,15,576.37,170.92,255.75,1.00
50,16,576.37,170.92,238.73,1.00
50,17,576.37,170.92,221.71,1.00
50,18,576.37,170.92,204.69,1.00
50,19,576.37,170.92,187.67,1.00
50,20,576.37,170.92,170.65,1.00
50,21,576.37,170.92,153.63,1.00
50,22,576.37,170.92,136.61,1.00
50,23,576.37,170.92,119.59,1.00
50,24,576.37,170.92,102.57,1.00
50,25,576.37,170.92,85.55,1.00
50,26,576.37,170.92,68.53,1.00
50,27,576.37,170.92,51.51,1.00
50,28,576.37,170.92,34.48,1.00
50,29,576.37,170.92,17.46,1.00
50,30,576.37,170.92,0.44,1.00
50,31,576.37,170.92,-16.58,1.00
50,32,576.37,170.92,-33.60,1.00
50,33,576.37,170.92,-50.62,1.00
50,34,576.37,170.92,-67.64,1.00
50,35,576.37,170.92,-84.66,1.00
50,36,576.37,170.92,-101.68,1.00
50,37,576.37,170.92,-118.70,1.00
50,38,576.37,170.92,-135.72,1.00
50,39,576.37,170.92,-152.74,1.00
50,40,576.37,170.92,-169.76,1.00
50,41,576.37,170.92,-186.79,1.00
50,42,576.37,170.92,-203.81,1.00
50,43,576.37,170.92,-220.83,1.00
50,44,576.37,170.92,-237.85,1.00
50,45,576.37,170.92,-254.87,1.00
50,46,576.37,170.92,-271.89,1.00
50,47,576.37,170.92,-288.91,1.00
50,48,576.37,170.92,-305.93,1.00
50,49,576.37,170.92,-322.95,1.00
50,50,576.37,170.92,-339.97,1.00
50,51,576.37,170.92,-356.99,1.00
50,52,576.37,170.92,-374.01,1.00
50,53,576.37,170.92,-391.03,1.00
50,54,576.37,170.92,-408.06,1.00
50,55,576.37,170.92,-425.08,1.00
50,56,576.37,170.92,-442.10,1.00
50,57,576.37,170.92,-459.12,1.00
50,58,576.37,170.92,-476.14,1.00
50,59,576.37,170.92,-493.16,1.00
50,60,576.37,170.92,-510.18,1.00
51,1,-481.60,101.39,502.05,1.00
51,2,-481.60,101.39,485.03,1.00
51,3,-481.60,101.39,468.01,1.00
51,4,-481.60,101.39,450.99,1.00
51,5,-481.60,101.39,433.97,1.00
51,6,-481.60,101.39,416.95,1.00
51,7,-481.60,101.39,399.93,1.00
51,8,-481.60,101.39,382.91,1.00
51,9,-481.60,101.39,365.89,1.00
51,10,-481.60,101.39,348.87,1.00
51,11,-481.60,101.39,331.85,1.00
51,12,-481.60,101.39,314.83,1.00
51,13,-481.60,101.39,297.81,1.00
51,14,-481.60,101.39,280.78,1.00
51,15,-481.60,101.39,263.76,1.00
51,16,-481.60,101.39,246.74,1.00
51,17,-481.60,101.39,229.72,1.00
51,18,-481.60,101.39,212.70,1.00
51,19,-481.60,101.39,195.68,1.00
51,20,-481.60,101.39,178.66,1.00
51,21,-481.60,101.39,161.64,1.00
51,22,-481.60,101.39,144.62,1.00
51,23,-481.60,101.39,127.60,1.00
51,24,-481.60,101.39,110.58,1.00
51,25,-481.60,101.39,93.56,1.00
51,26,-481.60,101.39,76.54,1.00
51,27,-481.60,101.39,59.51,1.00
51,28,-481.60,101.39,42.49,1.00
51,29,-481.60,101.39,25.47,1.00
51,30,-481.60,101.39,8.45,1.00
51,31,-481.60,101.39,-8.57,1.00
51,32,-481.60,101.39,-25.59,1.00
51,33,-481.60,101.39,-42.61,1.00
51,34,-481.60,101.39,-59.63,1.00
51,35,-481.60,101.39,-76.65,1.00
51,36,-481.60,101.39,-93.67,1.00
51,37,-481.60,101.39,-110.69,1.00
51,38,-481.60,101.39,-127.71,1.00
51,39,-481.60,101.39,-144.73,1.00
51,40,-481.60,101.39,-161.76,1.00
51,41,-481.60,101.39,-178.78,1.00
51,42,-481.60,101.39,-195.80,1.00
51,43,-481.60,101.39,-212.82,1.00
51,44,-481.60,101.39,-229.84,1.00
51,45,-481.60,101.39,-246.86,1.00
51,46,-481.60,101.39,-263.88,1.00
51,47,-481.60,101.39,-280.90,1.00
51,48,-481.60,101.39,-297.92,1.00
51,49,-481.60,101.39,-314.94,1.00
51,50,-481.60,101.39,-331.96,1.00
51,51,-481.60,101.39,-348.98,1.00
51,52,-481.60,101.39,-366.00,1.00
51,53,-481.60,101.39,-383.02,1.00
51,54,-481.60,101.39,-400.05,1.00
51,55,-481.60,101.39,-417.07,1.00
51,56,-481.60,101.39,-434.09,1.00
51,57,-481.60,101.39,-451.11,1.00
51,58,-481.60,101.39,-468.13,1.00
51,59,-481.60,101.39,-484.92,1.00
51,60,-481.60,101.39,-501.94,1.00
52,1,-358.44,120.56,498.06,1.00
52,2,-358.44,120.56,481.04,1.00
52,3,-358.44,120.56,464.02,1.00
52,4,-358.44,120.56,447.00,1.00
52,5,-358.44,120.56,429.98,1.00
52,6,-358.44,120.56,412.96,1.00
52,7,-358.44,120.56,395.94,1.00
52,8,-358.44,120.56,378.92,1.00
52,9,-358.44,120.56,361.90,1.00
52,10,-358.44,120.56,344.88,1.00
52,11,-358.44,120.56,327.86,1.00
52,12,-358.44,120.56,310.84,1.00
52,13,-358.44,120.56,293.82,1.00
52,14,-358.44,120.56,276.79,1.00
52,15,-358.44,120.56,259.77,1.00
52,16,-358.44,120.56,242.75,1.00
52,17,-358.44,120.56,225.73,1.00
52,18,-358.44,120.56,208.71,1.00
52,19,-358.44,120.56,191.69,1.00
52,20,-358.44,120.56,174.67,1.00
52,21,-358.44,120.56,157.65,1.00
52,22,-358.44,120.56,140.63,1.00
52,23,-358.44,120.56,123.61,1.00
52,24,-358.44,120.56,106.59,1.00
52,25,-358.44,120.56,89.57,1.00
52,26,-358.44,120.56,72.55,1.00
52,27,-358.44,120.56,55.53,1.00
52,28,-358.44,120.56,38.50,1.00
52,29,-358.44,120.56,21.48,1.00
52,30,-358.44,120.56,4.46,1.00
52,31,-358.44,120.56,-12.56,1.00
52,32,-358.44,120.56,-29.58,1.00
52,33,-358.44,120.56,-46.60,1.00
52,34,-358.44,120.56,-63.62,1.00
52,35,-358.44,120.56,-80.64,1.00
52,36,-358.44,120.56,-97.66,1.00
52,37,-358.44,120.56,-114.68,1.00
52,38,-358.44,120.56,-131.70,1.00
52,39,-358.44,120.56,-148.72,1.00
52,40,-358.44,120.56,-165.74,1.00
52,41,-358.44,120.56,-182.77,1.00
52,42,-358.44,120.56,-199.79,1.00
52,43,-358.44,120.56,-216.81,1.00
52,44,-358.44,120.56,-233.83,1.00
52,45,-358.44,120.56,-250.85,1.00
52,46,-358.44,120.56,-267.87,1.00
52,47,-358.44,120.56,-284.89,1.00
52,48,-358.44,120.56,-301.91,1.00
52,49,-358.44,120.56,-318.93,1.00
52,50,-358.44,120.56,-335.95,1.00
52,51,-358.44,120.56,-352.97,1.00
52,52,-358.44,120.56,-369.99,1.00
52,53,-358.44,120.56,-387.01,1.00
52,54,-358.44,120.56,-404.04,1.00
52,55,-358.44,120.56,-421.06,1.00
52,56,-358.44,120.56,-438.08,1.00
52,57,-358.44,120.56,-455.10,1.00
52,58,-358.44,120.56,-472.12,1.00
52,59,-358.44,120.56,-489.14,1.00
52,60,-358.44,120.56,-506.16,1.00
53,1,-234.95,140.44,500.06,1.00
53,2,-234.95,140.44,483.04,1.00
53,3,-234.95,140.44,466.02,1.00
53,4,-234.95,140.44,449.00,1.00
53,5,-234.95,140.44,431.98,1.00
53,6,-234.95,140.44,414.96,1.00
53,7,-234.95,140.44,397.94,1.00
53,8,-234.95,140.44,380.92,1.00
53,9,-234.95,140.44,363.90,1.00
53,10,-234.95,140.44,346.88,1.00
53,11,-234.95,140.44,329.86,1.00
53,12,-234.95,140.44,312.84,1.00
53,13,-234.95,140.44,295.82,1.00
53,14,-234.95,140.44,278.79,1.00
53,15,-234.95,140.44,261.77,1.00
53,16,-234.95,140.44,244.75,1.00
53,17,-234.95,140.44,227.73,1.00
53,18,-234.95,140.44,210.71,1.00
53,19,-234.95,140.44,193.69,1.00
53,20,-234.95,140.44,176.67,1.00
53,21,-234.95,140.44,159.65,1.00
53,22,-234.95,140.44,142.63,1.00
53,23,-234.95,140.44,125.61,1.00
53,24,-234.95,140.44,108.59,1.00
53,25,-234.95,140.44,91.57,1.00
53,26,-234.95,140.44,74.55,1.00
53,27,-234.95,140.44,57.53,1.00
53,28,-234.95,140.44,40.50,1.00
53,29,-234.95,140.44,23.48,1.00
53,30,-234.95,140.44,6.46,1.00
53,31,-234.95,140.44,-10.56,1.00
53,32,-234.95,140.44,-27.58,1.00
53,33,-234.95,140.44,-44.60,1.00
53,34,-234.95,140.44,-61.62,1.00
53,35,-234.95,140.44,-78.64,1.00
53,36,-234.95,140.44,-95.66,1.00
53,37,-234.95,140.44,-112.68,1.00
53,38,-234.95,140.44,-129.70,1.00
53,39,-234.95,140.44,-146.72,1.00
53,40,-234.95,140.44,-163.74,1.00
53,41,-234.95,140.44,-180.77,1.00
53,42,-234.95,140.44,-197.79,1.00
53,43,-234.95,140.44,-214.81,1.00
53,44,-234.95,140.44,-231.83,1.00
53,45,-234.95,140.44,-248.85,1.00
53,46,-234.95,140.44,-265.87,1.00
53,47,-234.95,140.44,-282.89,1.00
53,48,-234.95,140.44,-299.91,1.00
53,49,-234.95,140.44,-316.93,1.00
53,50,-234.95,140.44,-333.95,1.00
53,51,-234.95,140.44,-350.97,1.00
53,52,-234.95,140.44,-367.99,1.00
53,53,-234.95,140.44,-385.01,1.00
53,54,-234.95,140.44,-402.04,1.00
53,55,-234.95,140.44,-419.06,1.00
53,56,-234.95,140.44,-436.08,1.00
53,57,-234.95,140.44,-453.10,1.00
53,58,-234.95,140.44,-470.12,1.00
53,59,-234.95,140.44,-487.14,1.00
53,60,-234.95,140.44,-504.16,1.00
54,1,-111.51,159.98,500.53,1.00
54,2,-111.51,159.98,483.51,1.00
54,3,-111.51,159.98,466.49,1.00
54,4,-111.51,159.98,449.47,1.00
54,5,-111.51,159.98,432.45,1.00
54,6,-111.51,159.98,415.43,1.00
54,7,-111.51,159.98,398.41,1.00
54,8,-111.51,159.98,381.39,1.00
54,9,-111.51,159.98,364.37,1.00
54,10,-111.51,159.98,347.35,1.00
54,11,-111.51,159.98,330.33,1.00
54,12,-111.51,159.98,313.31,1.00
54,13,-111.51,159.98,296.29,1.00
54,14,-111.51,159.98,279.26,1.00
54,15,-111.51,159.98,262.24,1.00
54,16,-111.51,159.98,245.22,1.00
54,17,-111.51,159.98,228.20,1.00
54,18,-111.51,159.98,211.18,1.00
54,19,-111.51,159.98,194.16,1.00
54,20,-111.51,159.98,177.14,1.00
54,21,-111.51,159.98,160.12,1.00
54,22,-111.51,159.98,143.10,1.00
54,23,-111.51,159.98,126.08,1.00
54,24,-111.51,159.98,109.06,1.00
54,25,-111.51,159.98,92.04,1.00
54,26,-111.51,159.98,75.02,1.00
54,27,-111.51,159.98,58.00,1.00
54,28,-111.51,159.98,40.97,1.00
54,29,-111.51,159.98,23.95,1.00
54,30,-111.51,159.98,6.93,1.00
54,31,-111.51,159.98,-10.09,1.00
54,32,-111.51,159.98,-27.11,1.00
54,33,-111.51,159.98,-44.13,1.00
54,34,-111.51,159.98,-61.15,1.00
54,35,-111.51,159.98,-78.17,1.00
54,36,-111.51,159.98,-95.19,1.00
54,37,-111.51,159.98,-112.21,1.00
54,38,-111.51,159.98,-129.23,1.00
54,39,-111.51,159.98,-146.25,1.00
54,40,-111.51,159.98,-163.27,1.00
54,41,-111.51,159.98,-180.30,1.00
54,42,-111.51,159.98,-197.32,1.00
54,43,-111.51,159.98,-214.34,1.00
54,44,-111.51,159.98,-231.36,1.00
54,45,-111.51,159.98,-248.38,1.00
54,46,-111.51,159.98,-265.40,1.00
54,47,-111.51,159.98,-282.42,1.00
54,48,-111.51,159.98,-299.44,1.00
54,49,-111.51,159.98,-316.46,1.00
54,50,-111.51,159.98,-333.48,1.00
54,51,-111.51,159.98,-350.50,1.00
54,52,-111.51,159.98,-367.52,1.00
54,53,-111.51,159.98,-384.54,1.00
54,54,-111.51,159.98,-401.57,1.00
54,55,-111.51,159.98,-418.59,1.00
54,56,-111.51,159.98,-435.61,1.00
54,57,-111.51,159.98,-452.63,1.00
54,58,-111.51,159.98,-469.65,1.00
54,59,-111.51,159.98,-486.67,1.00
54,60,-111.51,159.98,-503.69,1.00
55,1,11.87,179.19,502.34,1.00
55,2,11.87,179.19,485.32,1.00
55,3,11.87,179.19,468.30,1.00
55,4,11.87,179.19,451.28,1.00
55,5,11.87,179.19,434.26,1.00
55,6,11.87,179.19,417.24,1.00
55,7,11.87,179.19,400.22,1.00
55,8,11.87,179.19,383.20,1.00
55,9,11.87,179.19,366.18,1.00
55,10,11.87,179.19,349.16,1.00
55,11,11.87,179.19,332.14,1.00
55,12,11.87,179.19,315.12,1.00
55,13,11.87,179.19,298.10,1.00
55,14,11.87,179.19,281.07,1.00
55,15,11.87,179.19,264.05,1.00
55,16,11.87,179.19,247.03,1.00
55,17,11.87,179.19,230.01,1.00
55,18,11.87,179.19,212.99,1.00
55,19,11.87,179.19,195.97,1.00
55,20,11.87,179.19,178.95,1.00
55,21,11.87,179.19,161.93,1.00
55,22,11.87,179.19,144.91,1.00
55,23,11.87,179.19,127.89,1.00
55,24,11.87,179.19,110.87,1.00
55,25,11.87,179.19,93.85,1.00
55,26,11.87,179.19,76.83,1.00
55,27,11.87,179.19,59.80,1.00
55,28,11.87,179.19,42.78,1.00
55,29,11.87,179.19,25.76,1.00
55,30,11.87,179.19,8.74,1.00
55,31,11.87,179.19,-8.28,1.00
55,32,11.87,179.19,-25.30,1.00
55,33,11.87,179.19,-42.32,1.00
55,34,11.87,179.19,-59.34,1.00
55,35,11.87,179.19,-76.36,1.00
55,36,11.87,179.19,-93.38,1.00
55,37,11.87,179.19,-110.40,1.00
55,38,11.87,179.19,-127.42,1.00
55,39,11.87,179.19,-144.44,1.00
55,40,11.87,179.19,-161.47,1.00
55,41,11.87,179.19,-178.49,1.00
55,42,11.87,179.19,-195.51,1.00
55,43,11.87,179.19,-212.53,1.00
55,44,11.87,179.19,-229.55,1.00
55,45,11.87,179.19,-246.57,1.00
55,46,11.87,179.19,-263.59,1.00
55,47,11.87,179.19,-280.61,1.00
55,48,11.87,179.19,-297.63,1.00
55,49,11.87,179.19,-314.65,1.00
55,50,11.87,179.19,-331.67,1.00
55,51,11.87,179.19,-348.69,1.00
55,52,11.87,179.19,-365.71,1.00
55,53,11.87,179.19,-382.74,1.00
55,54,11.87,179.19,-399.76,1.00
55,55,11.87,179.19,-416.78,1.00
55,56,11.87,179.19,-433.80,1.00
55,57,11.87,179.19,-450.32,1.00
55,58,11.87,179.19,-467.34,1.00
55,59,11.87,179.19,-484.36,1.00
55,60,11.87,179.19,-501.58,1.00
56,1,132.03,202.98,502.74,1.00
56,2,132.03,202.98,485.72,1.00
56,3,132.03,202.98,468.69,1.00
56,4,132.03,202.98,451.67,1.00
56,5,132.03,202.98,434.65,1.00
56,6,132.03,202.98,417.63,1.00
56,7,132.03,202.98,400.61,1.00
56,8,132.03,202.98,383.59,1.00
56,9,132.03,202.98,366.57,1.00
56,10,132.03,202.98,349.55,1.00
56,11,132.03,202.98,332.53,1.00
56,12,132.03,202.98,315.51,1.00
56,13,132.03,202.98,298.49,1.00
56,14,132.03,202.98,281.47,1.00
56,15,132.03,202.98,264.45,1.00
56,16,132.03,202.98,247.42,1.00
56,17,132.03,202.98,230.40,1.00
56,18,132.03,202.98,213.38,1.00
56,19,132.03,202.98,196.36,1.00
56,20,132.03,202.98,179.34,1.00
56,21,132.03,202.98,162.32,1.00
56,22,132.03,202.98,145.30,1.00
56,23,132.03,202.98,128.28,1.00
56,24,132.03,202.98,111.26,1.00
56,25,132.03,202.98,94.24,1.00
56,26,132.03,202.98,77.22,1.00
56,27,132.03,202.98,60.20,1.00
56,28,132.03,202.98,43.18,1.00
56,29,132.03,202.98,26.15,1.00
56,30,132.03,202.98,9.13,1.00
56,31,132.03,202.98,-7.89,1.00
56,32,132.03,202.98,-24.91,1.00
56,33,132.03,202.98,-41.93,1.00
56,34,132.03,202.98,-58.95,1.00
56,35,132.03,202.98,-75.97,1.00
56,36,132.03,202.98,-92.99,1.00
56,37,132.03,202.98,-110.01,1.00
56,38,132.03,202.98,-127.03,1.00
56,39,132.03,202.98,-144.05,1.00
56,40,132.03,202.98,-161.07,1.00
56,41,132.03,202.98,-178.09,1.00
56,42,132.03,202.98,-195.12,1.00
56,43,132.03,202.98,-212.14,1.00
56,44,132.03,202.98,-229.16,1.00
56,45,132.03,202.98,-246.18,1.00
56,46,132.03,202.98,-263.20,1.00
56,47,132.03,202.98,-280.22,1.00
56,48,132.03,202.98,-297.24,1.00
56,49,132.03,202.98,-314.26,1.00
56,50,132.03,202.98,-331.28,1.00
56,51,132.03,202.98,-348.30,1.00
56,52,132.03,202.98,-365.32,1.00
56,53,132.03,202.98,-382.34,1.00
56,54,132.03,202.98,-399.36,1.00
56,55,132.03,202.98,-416.39,1.00
56,56,132.03,202.98,-433.41,1.00
56,57,132.03,202.98,-450.43,1.00
56,58,132.03,202.98,-467.45,1.00
56,59,132.03,202.98,-484.47,1.00
56,60,132.03,202.98,-502.39,1.00
57,1,257.31,211.66,504.43,1.00
57,2,257.31,211.66,487.40,1.00
57,3,257.31,211.66,470.38,1.00
57,4,257.31,211.66,453.36,1.00
57,5,257.31,211.66,436.34,1.00
57,6,257.31,211.66,419.32,1.00
57,7,257.31,211.66,402.30,1.00
57,8,257.31,211.66,385.28,1.00
57,9,257.31,211.66,368.26,1.00
57,10,257.31,211.66,351.24,1.00
57,11,257.31,211.66,334.22,1.00
57,12,257.31,211.66,317.20,1.00
57,13,257.31,211.66,300.18,1.00
57,14,257.31,211.66,283.16,1.00
57,15,257.31,211.66,266.13,1.00
57,16,257.31,211.66,249.11,1.00
57,17,257.31,211.66,232.09,1.00
57,18,257.31,211.66,215.07,1.00
57,19,257.31,211.66,198.05,1.00
57,20,257.31,211.66,181.03,1.00
57,21,257.31,211.66,164.01,1.00
57,22,257.31,211.66,146.99,1.00
57,23,257.31,211.66,129.97,1.00
57,24,257.31,211.66,112.95,1.00
57,25,257.31,211.66,95.93,1.00
57,26,257.31,211.66,78.91,1.00
57,27,257.31,211.66,61.89,1.00
57,28,257.31,211.66,44.86,1.00
57,29,257.31,211.66,27.84,1.00
57,30,257.31,211.66,10.82,1.00
57,31,257.31,211.66,-6.20,1.00
57,32,257.31,211.66,-23.22,1.00
57,33,257.31,211.66,-40.24,1.00
57,34,257.31,211.66,-57.26,1.00
57,35,257.31,211.66,-74.28,1.00
57,36,257.31,211.66,-91.30,1.00
57,37,257.31,211.66,-108.32,1.00
57,38,257.31,211.66,-125.34,1.00
57,39,257.31,211.66,-142.36,1.00
57,40,257.31,211.66,-159.38,1.00
57,41,257.31,211.66,-176.41,1.00
57,42,257.31,211.66,-193.43,1.00
57,43,257.31,211.66,-210.45,1.00
57,44,257.31,211.66,-227.47,1.00
57,45,257.31,211.66,-244.49,1.00
57,46,257.31,211.66,-261.51,1.00
57,47,257.31,211.66,-278.53,1.00
57,48,257.31,211.66,-295.55,1.00
57,49,257.31,211.66,-312.57,1.00
57,50,257.31,211.66,-329.59,1.00
57,51,257.31,211.66,-346.61,1.00
57,52,257.31,211.66,-363.63,1.00
57,53,257.31,211.66,-380.65,1.00
57,54,257.31,211.66,-397.67,1.00
57,55,257.31,211.66,-414.70,1.00
57,56,257.31,211.66,-431.72,1.00
57,57,257.31,211.66,-448.74,1.00
57,58,257.31,211.66,-465.76,1.00
57,59,257.31,211.66,-482.78,1.00
57,60,257.31,211.66,-500.20,1.00
58,1,382.35,238.90,498.54,1.00
58,2,382.35,238.90,481.52,1.00
58,3,382.35,238.90,464.50,1.00
58,4,382.35,238.90,447.48,1.00
58,5,382.35,238.90,430.46,1.00
58,6,382.35,238.90,413.44,1.00
58,7,382.35,238.90,396.42,1.00
58,8,382.35,238.90,379.40,1.00
58,9,382.35,238.90,362.38,1.00
58,10,382.35,238.90,345.36,1.00
58,11,382.35,238.90,328.34,1.00
58,12,382.35,238.90,311.32,1.00
58,13,382.35,238.90,294.30,1.00
58,14,382.35,238.90,277.27,1.00
58,15,382.35,238.90,260.25,1.00
58,16,382.35,238.90,243.23,1.00
58,17,382.35,238.90,226.21,1.00
58,18,382.35,238.90,209.19,1.00
58,19,382.35,238.90,192.17,1.00
58,20,382.35,238.90,175.15,1.00
58,21,382.35,238.90,158.13,1.00
58,22,382.35,238.90,141.11,1.00
58,23,382.35,238.90,124.09,1.00
58,24,382.35,238.90,107.07,1.00
58,25,382.35,238.90,90.05,1.00
58,26,382.35,238.90,73.03,1.00
58,27,382.35,238.90,56.01,1.00
58,28,382.35,238.90,38.98,1.00
58,29,382.35,238.90,21.96,1.00
58,30,382.35,238.90,4.94,1.00
58,31,382.35,238.90,-12.08,1.00
58,32,382.35,238.90,-29.10,1.00
58,33,382.35,238.90,-46.12,1.00
58,34,382.35,238.90,-63.14,1.00
58,35,382.35,238.90,-80.16,1.00
58,36,382.35,238.90,-97.18,1.00
58,37,382.35,238.90,-114.20,1.00
58,38,382.35,238.90,-131.22,1.00
58,39,382.35,238.90,-148.24,1.00
58,40,382.35,238.90,-165.26,1.00
58,41,382.35,238.90,-182.29,1.00
58,42,382.35,238.90,-199.31,1.00
58,43,382.35,238.90,-216.33,1.00
58,44,382.35,238.90,-233.35,1.00
58,45,382.35,238.90,-250.37,1.00
58,46,382.35,238.90,-267.39,1.00
58,47,382.35,238.90,-284.41,1.00
58,48,382.35,238.90,-301.43,1.00
58,49,382.35,238.90,-318.45,1.00
58,50,382.35,238.90,-335.47,1.00
58,51,382.35,238.90,-352.49,1.00
58,52,382.35,238.90,-369.51,1.00
58,53,382.35,238.90,-386.53,1.00
58,54,382.35,238.90,-403.56,1.00
58,55,382.35,238.90,-420.58,1.00
58,56,382.35,238.90,-437.60,1.00
58,57,382.35,238.90,-454.62,1.00
58,58,382.35,238.90,-471.64,1.00
58,59,382.35,238.90,-488.66,1.00
58,60,382.35,238.90,-505.68,1.00
59,1,505.27,257.88,506.23,1.00
59,2,505.27,257.88,489.21,1.00
59,3,505.27,257.88,472.19,1.00
59,4,505.27,257.88,455.17,1.00
59,5,505.27,257.88,438.15,1.00
59,6,505.27,257.88,421.13,1.00
59,7,505.27,257.88,404.11,1.00
59,8,505.27,257.88,387.09,1.00
59,9,505.27,257.88,370.07,1.00
59,10,505.27,257.88,353.05,1.00
59,11,505.27,257.88,336.03,1.00
59,12,505.27,257.88,319.01,1.00
59,13,505.27,257.88,301.99,1.00
59,14,505.27,257.88,284.96,1.00
59,15,505.27,257.88,267.94,1.00
59,16,505.27,257.88,250.92,1.00
59,17,505.27,257.88,233.90,1.00
59,18,505.27,257.88,216.88,1.00
59,19,505.27,257.88,199.86,1.00
59,20,505.27,257.88,182.84,1.00
59,21,505.27,257.88,165.82,1.00
59,22,505.27,257.88,148.80,1.00
59,23,505.27,257.88,131.78,1.00
59,24,505.27,257.88,114.76,1.00
59,25,505.27,257.88,97.74,1.00
59,26,505.27,257.88,80.72,1.00
59,27,505.27,257.88,63.70,1.00
59,28,505.27,257.88,46.67,1.00
59,29,505.27,257.88,29.65,1.00
59,30,505.27,257.88,12.63,1.00
59,31,505.27,257.88,-4.39,1.00
59,32,505.27,257.88,-21.41,1.00
59,33,505.27,257.88,-38.43,1.00
59,34,505.27,257.88,-55.45,1.00
59,35,505.27,257.88,-72.47,1.00
59,36,505.27,257.88,-89.49,1.00
59,37,505.27,257.88,-106.51,1.00
59,38,505.27,257.88,-123.53,1.00
59,39,505.27,257.88,-140.55,1.00
59,40,505.27,257.88,-157.57,1.00
59,41,505.27,257.88,-174.60,1.00
59,42,505.27,257.88,-191.62,1.00
59,43,505.27,257.88,-208.64,1.00
59,44,505.27,257.88,-225.66,1.00
59,45,505.27,257.88,-242.68,1.00
59,46,505.27,257.88,-259.70,1.00
59,47,505.27,257.88,-276.72,1.00
59,48,505.27,257.88,-293.74,1.00
59,49,505.27,257.88,-310.76,1.00
59,50,505.27,257.88,-327.78,1.00
59,51,505.27,257.88,-344.80,1.00
59,52,505.27,257.88,-361.82,1.00
59,53,505.27,257.88,-378.84,1.00
59,54,505.27,257.88,-395.87,1.00
59,55,505.27,257.88,-412.89,1.00
59,56,505.27,257.88,-429.91,1.00
59,57,505.27,257.88,-446.93,1.00
59,58,505.27,257.88,-463.95,1.00
59,59,505.27,257.88,-480.97,1.00
59,60,505.27,257.88,-497.99,1.00
60,1,-437.04,217.80,501.47,1.00
60,2,-437.04,217.80,484.44,1.00
60,3,-437.04,217.80,467.77,1.00
60,4,-437.04,217.80,450.40,1.00
60,5,-437.04,217.80,433.38,1.00
60,6,-437.04,217.80,416.36,1.00
60,7,-437.04,217.80,399.34,1.00
60,8,-437.04,217.80,382.32,1.00
60,9,-437.04,217.80,365.30,1.00
60,10,-437.04,217.80,348.28,1.00
60,11,-437.04,217.80,331.26,1.00
60,12,-437.04,217.80,314.24,1.00
60,13,-437.04,217.80,297.22,1.00
60,14,-437.04,217.80,280.20,1.00
60,15,-437.04,217.80,263.18,1.00
60,16,-437.04,217.80,246.15,1.00
60,17,-437.04,217.80,229.13,1.00
60,18,-437.04,217.80,212.11,1.00
60,19,-437.04,217.80,195.09,1.00
60,20,-437.04,217.80,178.07,1.00
60,21,-437.04,217.80,161.05,1.00
60,22,-437.04,217.80,144.03,1.00
60,23,-437.04,217.80,127.01,1.00
60,24,-437.04,217.80,109.99,1.00
60,25,-437.04,217.80,92.97,1.00
60,26,-437.04,217.80,75.95,1.00
60,27,-437.04,217.80,58.93,1.00
60,28,-437.04,217.80,41.91,1.00
60,29,-437.04,217.80,24.88,1.00
60,30,-437.04,217.80,7.86,1.00
60,31,-437.04,217.80,-9.16,1.00
60,32,-437.04,217.80,-26.18,1.00
60,33,-437.04,217.80,-43.20,1.00
60,34,-437.04,217.80,-60.22,1.00
60,35,-437.04,217.80,-77.24,1.00
60,36,-437.04,217.80,-94.26,1.00
60,37,-437.04,217.80,-111.28,1.00
60,38,-437.04,217.80,-128.30,1.00
60,39,-437.04,217.80,-145.32,1.00
60,40,-437.04,217.80,-162.34,1.00
60,41,-437.04,217.80,-179.36,1.00
60,42,-437.04,217.80,-196.39,1.00
60,43,-437.04,217.80,-213.41,1.00
60,44,-437.04,217.80,-230.43,1.00
60,45,-437.04,217.80,-247.45,1.00
60,46,-437.04,217.80,-264.47,1.00
60,47,-437.04,217.80,-281.49,1.00
60,48,-437.04,217.80,-298.51,1.00
60,49,-437.04,217.80,-315.53,1.00
60,50,-437.04,217.80,-332.55,1.00
60,51,-437.04,217.80,-349.57,1.00
60,52,-437.04,217.80,-366.59,1.00
60,53,-437.04,217.80,-383.61,1.00
60,54,-437.04,217.80,-400.63,1.00
60,55,-437.04,217.80,-417.66,1.00
60,56,-437.04,217.80,-434.68,1.00
60,57,-437.04,217.80,-451.70,1.00
60,58,-437.04,217.80,-468.72,1.00
60,59,-437.04,217.80,-485.74,1.00
60,60,-437.04,217.80,-503.46,1.00
61,1,-313.60,237.44,501.19,1.00
61,2,-313.60,237.44,484.17,1.00
61,3,-313.60,237.44,467.15,1.00
61,4,-313.60,237.44,450.13,1.00
61,5,-313.60,237.44,433.11,1.00
61,6,-313.60,237.44,416.09,1.00
61,7,-313.60,237.44,399.07,1.00
61,8,-313.60,237.44,382.05,1.00
61,9,-313.60,237.44,365.03,1.00
61,10,-313.60,237.44,348.01,1.00
61,11,-313.60,237.44,330.99,1.00
61,12,-313.60,237.44,313.97,1.00
61,13,-313.60,237.44,296.95,1.00
61,14,-313.60,237.44,279.92,1.00
61,15,-313.60,237.44,262.90,1.00
61,16,-313.60,237.44,245.88,1.00
61,17,-313.60,237.44,228.86,1.00
61,18,-313.60,237.44,211.84,1.00
61,19,-313.60,237.44,194.82,1.00
61,20,-313.60,237.44,177.80,1.00
61,21,-313.60,237.44,160.78,1.00
61,22,-313.60,237.44,143.76,1.00
61,23,-313.60,237.44,126.74,1.00
61,24,-313.60,237.44,109.72,1.00
61,25,-313.60,237.44,92.70,1.00
61,26,-313.60,237.44,75.68,1.00
61,27,-313.60,237.44,58.66,1.00
61,28,-313.60,237.44,41.63,1.00
61,29,-313.60,237.44,24.61,1.00
61,30,-313.60,237.44,7.59,1.00
61,31,-313.60,237.44,-9.43,1.00
61,32,-313.60,237.44,-26.45,1.00
61,33,-313.60,237.44,-43.47,1.00
61,34,-313.60,237.44,-60.49,1.00
61,35,-313.60,237.44,-77.51,1.00
61,36,-313.60,237.44,-94.53,1.00
61,37,-313.60,237.44,-111.55,1.00
61,38,-313.60,237.44,-128.57,1.00
61,39,-313.60,237.44,-145.59,1.00
61,40,-313.60,237.44,-162.61,1.00
61,41,-313.60,237.44,-179.64,1.00
61,42,-313.60,237.44,-196.66,1.00
61,43,-313.60,237.44,-213.68,1.00
61,44,-313.60,237.44,-230.70,1.00
61,45,-313.60,237.44,-247.72,1.00
61,46,-313.60,237.44,-264.74,1.00
61,47,-313.60,237.44,-281.76,1.00
61,48,-313.60,237.44,-298.78,1.00
61,49,-313.60,237.44,-315.80,1.00
61,50,-313.60,237.44,-332.82,1.00
61,51,-313.60,237.44,-349.84,1.00
61,52,-313.60,237.44,-366.86,1.00
61,53,-313.60,237.44,-383.88,1.00
61,54,-313.60,237.44,-400.91,1.00
61,55,-313.60,237.44,-417.93,1.00
61,56,-313.60,237.44,-434.95,1.00
61,57,-313.60,237.44,-451.97,1.00
61,58,-313.60,237.44,-468.99,1.00
61,59,-313.60,237.44,-486.01,1.00
61,60,-313.60,237.44,-503.03,1.00
62,1,-189.98,257.42,501.35,1.00
62,2,-189.98,257.42,484.33,1.00
62,3,-189.98,257.42,467.31,1.00
62,4,-189.98,257.42,450.29,1.00
62,5,-189.98,257.42,433.27,1.00
62,6,-189.98,257.42,416.45,1.00
62,7,-189.98,257.42,399.23,1.00
62,8,-189.98,257.42,382.46,1.00
62,9,-189.98,257.42,365.19,1.00
62,10,-189.98,257.42,348.17,1.00
62,11,-189.98,257.42,331.15,1.00
62,12,-189.98,257.42,314.13,1.00
62,13,-189.98,257.42,297.11,1.00
62,14,-189.98,257.42,280.08,1.00
62,15,-189.98,257.42,263.06,1.00
62,16,-189.98,257.42,246.24,1.00
62,17,-189.98,257.42,229.02,1.00
62,18,-189.98,257.42,212.20,1.00
62,19,-189.98,257.42,194.98,1.00
62,20,-189.98,257.42,178.21,1.00
62,21,-189.98,257.42,160.94,1.00
62,22,-189.98,257.42,143.92,1.00
62,23,-189.98,257.42,126.90,1.00
62,24,-189.98,257.42,109.88,1.00
62,25,-189.98,257.42,92.86,1.00
62,26,-189.98,257.42,75.84,1.00
62,27,-189.98,257.42,58.82,1.00
62,28,-189.98,257.42,41.79,1.00
62,29,-189.98,257.42,24.77,1.00
62,30,-189.98,257.42,7.75,1.00
62,31,-189.98,257.42,-9.27,1.00
62,32,-189.98,257.42,-26.29,1.00
62,33,-189.98,257.42,-43.31,1.00
62,34,-189.98,257.42,-60.33,1.00
62,35,-189.98,257.42,-77.35,1.00
62,36,-189.98,257.42,-94.37,1.00
62,37,-189.98,257.42,-111.39,1.00
62,38,-189.98,257.42,-128.41,1.00
62,39,-189.98,257.42,-145.43,1.00
62,40,-189.98,257.42,-162.20,1.00
62,41,-189.98,257.42,-179.48,1.00
62,42,-189.98,257.42,-196.50,1.00
62,43,-189.98,257.42,-213.52,1.00
62,44,-189.98,257.42,-230.54,1.00
62,45,-189.98,257.42,-247.56,1.00
62,46,-189.98,257.42,-264.58,1.00
62,47,-189.98,257.42,-281.60,1.00
62,48,-189.98,257.42,-298.62,1.00
62,49,-189.98,257.42,-315.64,1.00
62,50,-189.98,257.42,-332.66,1.00
62,51,-189.98,257.42,-349.68,1.00
62,52,-189.98,257.42,-366.70,1.00
62,53,-189.98,257.42,-383.72,1.00
62,54,-189.98,257.42,-400.75,1.00
62,55,-189.98,257.42,-417.77,1.00
62,56,-189.98,257.42,-434.79,1.00
62,57,-189.98,257.42,-451.81,1.00
62,58,-189.98,257.42,-468.83,1.00
62,59,-189.98,257.42,-485.85,1.00
62,60,-189.98,257.42,-502.87,1.00
63,1,-66.70,276.92,497.82,1.00
63,2,-66.70,276.92,480.80,1.00
63,3,-66.70,276.92,463.78,1.00
63,4,-66.70,276.92,446.76,1.00
63,5,-66.70,276.92,429.74,1.00
63,6,-66.70,276.92,412.72,1.00
63,7,-66.70,276.92,395.70,1.00
63,8,-66.70,276.92,378.68,1.00
63,9,-66.70,276.92,361.66,1.00
63,10,-66.70,276.92,344.64,1.00
63,11,-66.70,276.92,327.62,1.00
63,12,-66.70,276.92,310.60,1.00
63,13,-66.70,276.92,293.58,1.00
63,14,-66.70,276.92,276.55,1.00
63,15,-66.70,276.92,259.53,1.00
63,16,-66.70,276.92,242.51,1.00
63,17,-66.70,276.92,225.49,1.00
63,18,-66.70,276.92,208.47,1.00
63,19,-66.70,276.92,191.45,1.00
63,20,-66.70,276.92,174.43,1.00
63,21,-66.70,276.92,157.41,1.00
63,22,-66.70,276.92,140.39,1.00
63,23,-66.70,276.92,123.37,1.00
63,24,-66.70,276.92,106.35,1.00
63,25,-66.70,276.92,89.33,1.00
63,26,-66.70,276.92,72.31,1.00
63,27,-66.70,276.92,55.29,1.00
63,28,-66.70,276.92,38.26,1.00
63,29,-66.70,276.92,21.24,1.00
63,30,-66.70,276.92,4.22,1.00
63,31,-66.70,276.92,-12.80,1.00
63,32,-66.70,276.92,-29.82,1.00
63,33,-66.70,276.92,-46.84,1.00
63,34,-66.70,276.92,-63.86,1.00
63,35,-66.70,276.92,-80.88,1.00
63,36,-66.70,276.92,-97.90,1.00
63,37,-66.70,276.92,-114.92,1.00
63,38,-66.70,276.92,-131.94,1.00
63,39,-66.70,276.92,-148.96,1.00
63,40,-66.70,276.92,-165.98,1.00
63,41,-66.70,276.92,-183.01,1.00
63,42,-66.70,276.92,-200.03,1.00
63,43,-66.70,276.92,-217.05,1.00
63,44,-66.70,276.92,-234.07,1.00
63,45,-66.70,276.92,-251.09,1.00
63,46,-66.70,276.92,-268.11,1.00
63,47,-66.70,276.92,-285.13,1.00
63,48,-66.70,276.92,-302.15,1.00
63,49,-66.70,276.92,-319.17,1.00
63,50,-66.70,276.92,-336.19,1.00
63,51,-66.70,276.92,-353.21,1.00
63,52,-66.70,276.92,-370.23,1.00
63,53,-66.70,276.92,-387.25,1.00
63,54,-66.70,276.92,-404.28,1.00
63,55,-66.70,276.92,-421.30,1.00
63,56,-66.70,276.92,-438.32,1.00
63,57,-66.70,276.92,-455.34,1.00
63,58,-66.70,276.92,-472.36,1.00
63,59,-66.70,276.92,-489.38,1.00
63,60,-66.70,276.92,-506.40,1.00
64,1,54.26,292.97,524.56,1.00
64,2,54.26,292.97,507.53,1.00
64,3,54.26,292.97,490.51,1.00
64,4,54.26,292.97,473.49,1.00
64,5,54.26,292.97,456.47,1.00
64,6,54.26,292.97,439.45,1.00
64,7,54.26,292.97,422.43,1.00
64,8,54.26,292.97,405.41,1.00
64,9,54.26,292.97,388.39,1.00
64,10,54.26,292.97,371.37,1.00
64,11,54.26,292.97,354.35,1.00
64,12,54.26,292.97,337.33,1.00
64,13,54.26,292.97,320.31,1.00
64,14,54.26,292.97,303.29,1.00
64,15,54.26,292.97,286.26,1.00
64,16,54.26,292.97,269.24,1.00
64,17,54.26,292.97,252.22,1.00
64,18,54.26,292.97,235.20,1.00
64,19,54.26,292.97,218.18,1.00
64,20,54.26,292.97,201.16,1.00
64,21,54.26,292.97,184.14,1.00
64,22,54.26,292.97,167.12,1.00
64,23,54.26,292.97,150.10,1.00
64,24,54.26,292.97,133.08,1.00
64,25,54.26,292.97,116.06,1.00
64,26,54.26,292.97,99.04,1.00
64,27,54.26,292.97,82.02,1.00
64,28,54.26,292.97,64.99,1.00
64,29,54.26,292.97,47.97,1.00
64,30,54.26,292.97,30.95,1.00
64,31,54.26,292.97,13.93,1.00
64,32,54.26,292.97,-3.09,1.00
64,33,54.26,292.97,-20.11,1.00
64,34,54.26,292.97,-37.13,1.00
64,35,54.26,292.97,-54.15,1.00
64,36,54.26,292.97,-71.17,1.00
64,37,54.26,292.97,-88.19,1.00
64,38,54.26,292.97,-105.21,1.00
64,39,54.26,292.97,-122.23,1.00
64,40,54.26,292.97,-139.25,1.00
64,41,54.26,292.97,-156.28,1.00
64,42,54.26,292.97,-173.30,1.00
64,43,54.26,292.97,-190.32,1.00
64,44,54.26,292.97,-207.34,1.00
64,45,54.26,292.97,-224.36,1.00
64,46,54.26,292.97,-241.38,1.00
64,47,54.26,292.97,-258.40,1.00
64,48,54.26,292.97,-275.42,1.00
64,49,54.26,292.97,-292.44,1.00
64,50,54.26,292.97,-309.46,1.00
64,51,54.26,292.97,-326.48,1.00
64,52,54.26,292.97,-343.50,1.00
64,53,54.26,292.97,-360.52,1.00
64,54,54.26,292.97,-377.54,1.00
64,55,54.26,292.97,-394.57,1.00
64,56,54.26,292.97,-411.59,1.00
64,57,54.26,292.97,-428.61,1.00
64,58,54.26,292.97,-445.63,1.00
64,59,54.26,292.97,-462.65,1.00
64,60,54.26,292.97,-480.07,1.00
65,1,174.47,315.54,512.74,1.00
65,2,174.47,315.54,495.72,1.00
65,3,174.47,315.54,478.70,1.00
65,4,174.47,315.54,461.68,1.00
65,5,174.47,315.54,444.66,1.00
65,6,174.47,315.54,427.64,1.00
65,7,174.47,315.54,410.62,1.00
65,8,174.47,315.54,393.60,1.00
65,9,174.47,315.54,376.58,1.00
65,10,174.47,315.54,359.56,1.00
65,11,174.47,315.54,342.54,1.00
65,12,174.47,315.54,325.52,1.00
65,13,174.47,315.54,308.50,1.00
65,14,174.47,315.54,291.47,1.00
65,15,174.47,315.54,274.45,1.00
65,16,174.47,315.54,257.43,1.00
65,17,174.47,315.54,240.41,1.00
65,18,174.47,315.54,223.39,1.00
65,19,174.47,315.54,206.37,1.00
65,20,174.47,315.54,189.35,1.00
65,21,174.47,315.54,172.33,1.00
65,22,174.47,315.54,155.31,1.00
65,23,174.47,315.54,138.29,1.00
65,24,174.47,315.54,121.27,1.00
65,25,174.47,315.54,104.25,1.00
65,26,174.47,315.54,87.23,1.00
65,27,174.47,315.54,70.21,1.00
65,28,174.47,315.54,53.18,1.00
65,29,174.47,315.54,36.16,1.00
65,30,174.47,315.54,19.14,1.00
65,31,174.47,315.54,2.12,1.00
65,32,174.47,315.54,-14.90,1.00
65,33,174.47,315.54,-31.92,1.00
65,34,174.47,315.54,-48.94,1.00
65,35,174.47,315.54,-65.96,1.00
65,36,174.47,315.54,-82.98,1.00
65,37,174.47,315.54,-100.00,1.00
65,38,174.47,315.54,-117.02,1.00
65,39,174.47,315.54,-134.04,1.00
65,40,174.47,315.54,-151.06,1.00
65,41,174.47,315.54,-168.09,1.00
65,42,174.47,315.54,-185.11,1.00
65,43,174.47,315.54,-202.13,1.00
65,44,174.47,315.54,-219.15,1.00
65,45,174.47,315.54,-236.17,1.00
65,46,174.47,315.54,-253.19,1.00
65,47,174.47,315.54,-270.21,1.00
65,48,174.47,315.54,-287.23,1.00
65,49,174.47,315.54,-304.25,1.00
65,50,174.47,315.54,-321.27,1.00
65,51,174.47,315.54,-338.29,1.00
65,52,174.47,315.54,-355.31,1.00
65,53,174.47,315.54,-372.33,1.00
65,54,174.47,315.54,-389.36,1.00
65,55,174.47,315.54,-406.38,1.00
65,56,174.47,315.54,-423.40,1.00
65,57,174.47,315.54,-440.42,1.00
65,58,174.47,315.54,-457.44,1.00
65,59,174.47,315.54,-474.46,1.00
65,60,174.47,315.54,-491.48,1.00
66,1,303.41,335.64,512.95,1.00
66,2,303.41,335.64,495.93,1.00
66,3,303.41,335.64,478.91,1.00
66,4,303.41,335.64,461.89,1.00
66,5,303.41,335.64,444.87,1.00
66,6,303.41,335.64,427.85,1.00
66,7,303.41,335.64,410.83,1.00
66,8,303.41,335.64,393.81,1.00
66,9,303.41,335.64,376.79,1.00
66,10,303.41,335.64,359.77,1.00
66,11,303.41,335.64,342.75,1.00
66,12,303.41,335.64,325.73,1.00
66,13,303.41,335.64,308.71,1.00
66,14,303.41,335.64,291.68,1.00
66,15,303.41,335.64,274.66,1.00
66,16,303.41,335.64,257.64,1.00
66,17,303.41,335.64,240.62,1.00
66,18,303.41,335.64,223.60,1.00
66,19,303.41,335.64,206.58,1.00
66,20,303.41,335.64,189.56,1.00
66,21,303.41,335.64,172.54,1.00
66,22,303.41,335.64,155.52,1.00
66,23,303.41,335.64,138.50,1.00
66,24,303.41,335.64,121.48,1.00
66,25,303.41,335.64,104.46,1.00
66,26,303.41,335.64,87.44,1.00
66,27,303.41,335.64,70.42,1.00
66,28,303.41,335.64,53.39,1.00
66,29,303.41,335.64,36.37,1.00
66,30,303.41,335.64,19.35,1.00
66,31,303.41,335.64,2.33,1.00
66,32,303.41,335.64,-14.69,1.00
66,33,303.41,335.64,-31.71,1.00
66,34,303.41,335.64,-48.73,1.00
66,35,303.41,335.64,-65.75,1.00
66,36,303.41,335.64,-82.77,1.00
66,37,303.41,335.64,-99.79,1.00
66,38,303.41,335.64,-116.81,1.00
66,39,303.41,335.64,-133.83,1.00
66,40,303.41,335.64,-150.85,1.00
66,41,303.41,335.64,-167.88,1.00
66,42,303.41,335.64,-184.90,1.00
66,43,303.41,335.64,-201.92,1.00
66,44,303.41,335.64,-218.94,1.00
66,45,303.41,335.64,-235.96,1.00
66,46,303.41,335.64,-252.98,1.00
66,47,303.41,335.64,-270.00,1.00
66,48,303.41,335.64,-287.02,1.00
66,49,303.41,335.64,-304.04,1.00
66,50,303.41,335.64,-321.06,1.00
66,51,303.41,335.64,-338.08,1.00
66,52,303.41,335.64,-355.10,1.00
66,53,303.41,335.64,-372.12,1.00
66,54,303.41,335.64,-389.15,1.00
66,55,303.41,335.64,-406.17,1.00
66,56,303.41,335.64,-423.19,1.00
66,57,303.41,335.64,-440.21,1.00
66,58,303.41,335.64,-457.23,1.00
66,59,303.41,335.64,-474.25,1.00
66,60,303.41,335.64,-491.27,1.00
67,1,429.76,351.02,506.14,1.00
67,2,429.76,351.02,489.12,1.00
67,3,429.76,351.02,472.10,1.00
67,4,429.76,351.02,455.08,1.00
67,5,429.76,351.02,438.06,1.00
67,6,429.76,351.02,421.04,1.00
67,7,429.76,351.02,404.02,1.00
67,8,429.76,351.02,387.00,1.00
67,9,429.76,351.02,369.98,1.00
67,10,429.76,351.02,352.96,1.00
67,11,429.76,351.02,335.94,1.00
67,12,429.76,351.02,318.92,1.00
67,13,429.76,351.02,301.90,1.00
67,14,429.76,351.02,284.87,1.00
67,15,429.76,351.02,267.85,1.00
67,16,429.76,351.02,250.83,1.00
67,17,429.76,351.02,233.81,1.00
67,18,429.76,351.02,216.79,1.00
67,19,429.76,351.02,199.77,1.00
67,20,429.76,351.02,182.75,1.00
67,21,429.76,351.02,165.73,1.00
67,22,429.76,351.02,148.71,1.00
67,23,429.76,351.02,131.69,1.00
67,24,429.76,351.02,114.67,1.00
67,25,429.76,351.02,97.65,1.00
67,26,429.76,351.02,80.63,1.00
67,27,429.76,351.02,63.61,1.00
67,28,429.76,351.02,46.58,1.00
67,29,429.76,351.02,29.56,1.00
67,30,429.76,351.02,12.54,1.00
67,31,429.76,351.02,-4.48,1.00
67,32,429.76,351.02,-21.50,1.00
67,33,429.76,351.02,-38.52,1.00
67,34,429.76,351.02,-55.54,1.00
67,35,429.76,351.02,-72.56,1.00
67,36,429.76,351.02,-89.58,1.00
67,37,429.76,351.02,-106.60,1.00
67,38,429.76,351.02,-123.62,1.00
67,39,429.76,351.02,-140.64,1.00
67,40,429.76,351.02,-157.66,1.00
67,41,429.76,351.02,-174.69,1.00
67,42,429.76,351.02,-191.71,1.00
67,43,429.76,351.02,-208.73,1.00
67,44,429.76,351.02,-225.75,1.00
67,45,429.76,351.02,-242.77,1.00
67,46,429.76,351.02,-259.79,1.00
67,47,429.76,351.02,-276.81,1.00
67,48,429.76,351.02,-293.83,1.00
67,49,429.76,351.02,-310.85,1.00
67,50,429.76,351.02,-327.87,1.00
67,51,429.76,351.02,-344.89,1.00
67,52,429.76,351.02,-361.91,1.00
67,53,429.76,351.02,-378.93,1.00
67,54,429.76,351.02,-395.96,1.00
67,55,429.76,351.02,-412.98,1.00
67,56,429.76,351.02,-430.00,1.00
67,57,429.76,351.02,-447.02,1.00
67,58,429.76,351.02,-464.04,1.00
67,59,429.76,351.02,-481.06,1.00
67,60,429.76,351.02,-498.08,1.00
68,1,-392.38,334.24,502.79,1.00
68,2,-392.38,334.24,485.77,1.00
68,3,-392.38,334.24,468.75,1.00
68,4,-392.38,334.24,451.73,1.00
68,5,-392.38,334.24,434.71,1.00
68,6,-392.38,334.24,417.69,1.00
68,7,-392.38,334.24,400.67,1.00
68,8,-392.38,334.24,383.65,1.00
68,9,-392.38,334.24,366.63,1.00
68,10,-392.38,334.24,349.61,1.00
68,11,-392.38,334.24,332.59,1.00
68,12,-392.38,334.24,315.57,1.00
68,13,-392.38,334.24,298.55,1.00
68,14,-392.38,334.24,281.52,1.00
68,15,-392.38,334.24,264.50,1.00
68,16,-392.38,334.24,247.48,1.00
68,17,-392.38,334.24,230.46,1.00
68,18,-392.38,334.24,213.44,1.00
68,19,-392.38,334.24,196.42,1.00
68,20,-392.38,334.24,179.40,1.00
68,21,-392.38,334.24,162.38,1.00
68,22,-392.38,334.24,145.36,1.00
68,23,-392.38,334.24,128.34,1.00
68,24,-392.38,334.24,111.32,1.00
68,25,-392.38,334.24,94.30,1.00
68,26,-392.38,334.24,77.28,1.00
68,27,-392.38,334.24,60.26,1.00
68,28,-392.38,334.24,43.23,1.00
68,29,-392.38,334.24,26.21,1.00
68,30,-392.38,334.24,9.19,1.00
68,31,-392.38,334.24,-7.83,1.00
68,32,-392.38,334.24,-24.85,1.00
68,33,-392.38,334.24,-41.87,1.00
68,34,-392.38,334.24,-58.89,1.00
68,35,-392.38,334.24,-75.91,1.00
68,36,-392.38,334.24,-92.93,1.00
68,37,-392.38,334.24,-109.95,1.00
68,38,-392.38,334.24,-126.97,1.00
68,39,-392.38,334.24,-143.99,1.00
68,40,-392.38,334.24,-161.01,1.00
68,41,-392.38,334.24,-178.04,1.00
68,42,-392.38,334.24,-195.06,1.00
68,43,-392.38,334.24,-212.08,1.00
68,44,-392.38,334.24,-229.10,1.00
68,45,-392.38,334.24,-246.12,1.00
68,46,-392.38,334.24,-263.14,1.00
68,47,-392.38,334.24,-280.16,1.00
68,48,-392.38,334.24,-297.18,1.00
68,49,-392.38,334.24,-314.20,1.00
68,50,-392.38,334.24,-331.22,1.00
68,51,-392.38,334.24,-348.24,1.00
68,52,-392.38,334.24,-365.26,1.00
68,53,-392.38,334.24,-382.28,1.00
68,54,-392.38,334.24,-399.31,1.00
68,55,-392.38,334.24,-416.33,1.00
68,56,-392.38,334.24,-433.35,1.00
68,57,-392.38,334.24,-450.37,1.00
68,58,-392.38,334.24,-467.39,1.00
68,59,-392.38,334.24,-484.41,1.00
68,60,-392.38,334.24,-501.43,1.00
69,1,-268.90,354.24,501.54,1.00
69,2,-268.90,354.24,484.51,1.00
69,3,-268.90,354.24,467.49,1.00
69,4,-268.90,354.24,450.47,1.00
69,5,-268.90,354.24,433.45,1.00
69,6,-268.90,354.24,416.43,1.00
69,7,-268.90,354.24,399.41,1.00
69,8,-268.90,354.24,382.39,1.00
69,9,-268.90,354.24,365.37,1.00
69,10,-268.90,354.24,348.35,1.00
69,11,-268.90,354.24,331.33,1.00
69,12,-268.90,354.24,314.31,1.00
69,13,-268.90,354.24,297.29,1.00
69,14,-268.90,354.24,280.27,1.00
69,15,-268.90,354.24,263.24,1.00
69,16,-268.90,354.24,246.22,1.00
69,17,-268.90,354.24,229.20,1.00
69,18,-268.90,354.24,212.18,1.00
69,19,-268.90,354.24,195.16,1.00
69,20,-268.90,354.24,178.14,1.00
69,21,-268.90,354.24,161.12,1.00
69,22,-268.90,354.24,144.10,1.00
69,23,-268.90,354.24,127.08,1.00
69,24,-268.90,354.24,110.06,1.00
69,25,-268.90,354.24,93.04,1.00
69,26,-268.90,354.24,76.02,1.00
69,27,-268.90,354.24,59.00,1.00
69,28,-268.90,354.24,41.97,1.00
69,29,-268.90,354.24,24.95,1.00
69,30,-268.90,354.24,7.93,1.00
69,31,-268.90,354.24,-9.09,1.00
69,32,-268.90,354.24,-26.11,1.00
69,33,-268.90,354.24,-43.13,1.00
69,34,-268.90,354.24,-60.15,1.00
69,35,-268.90,354.24,-77.17,1.00
69,36,-268.90,354.24,-94.19,1.00
69,37,-268.90,354.24,-111.21,1.00
69,38,-268.90,354.24,-128.23,1.00
69,39,-268.90,354.24,-145.25,1.00
69,40,-268.90,354.24,-162.27,1.00
69,41,-268.90,354.24,-179.30,1.00
69,42,-268.90,354.24,-196.32,1.00
69,43,-268.90,354.24,-213.34,1.00
69,44,-268.90,354.24,-230.36,1.00
69,45,-268.90,354.24,-247.38,1.00
69,46,-268.90,354.24,-264.40,1.00
69,47,-268.90,354.24,-281.42,1.00
69,48,-268.90,354.24,-298.44,1.00
69,49,-268.90,354.24,-315.46,1.00
69,50,-268.90,354.24,-332.48,1.00
69,51,-268.90,354.24,-349.50,1.00
69,52,-268.90,354.24,-366.52,1.00
69,53,-268.90,354.24,-383.54,1.00
69,54,-268.90,354.24,-400.57,1.00
69,55,-268.90,354.24,-417.59,1.00
69,56,-268.90,354.24,-434.61,1.00
69,57,-268.90,354.24,-451.63,1.00
69,58,-268.90,354.24,-468.65,1.00
69,59,-268.90,354.24,-485.67,1.00
69,60,-268.90,354.24,-502.89,1.00
70,1,-145.45,374.24,502.09,1.00
70,2,-145.45,374.24,485.07,1.00
70,3,-145.45,374.24,468.04,1.00
70,4,-145.45,374.24,451.02,1.00
70,5,-145.45,374.24,434.00,1.00
70,6,-145.45,374.24,416.98,1.00
70,7,-145.45,374.24,399.96,1.00
70,8,-145.45,374.24,382.94,1.00
70,9,-145.45,374.24,365.92,1.00
70,10,-145.45,374.24,348.90,1.00
70,11,-145.45,374.24,331.88,1.00
70,12,-145.45,374.24,314.86,1.00
70,13,-145.45,374.24,297.84,1.00
70,14,-145.45,374.24,280.82,1.00
70,15,-145.45,374.24,263.80,1.00
70,16,-145.45,374.24,246.77,1.00
70,17,-145.45,374.24,229.75,1.00
70,18,-145.45,374.24,212.73,1.00
70,19,-145.45,374.24,195.71,1.00
70,20,-145.45,374.24,178.69,1.00
70,21,-145.45,374.24,161.67,1.00
70,22,-145.45,374.24,144.65,1.00
70,23,-145.45,374.24,127.63,1.00
70,24,-145.45,374.24,110.61,1.00
70,25,-145.45,374.24,93.59,1.00
70,26,-145.45,374.24,76.57,1.00
70,27,-145.45,374.24,59.55,1.00
70,28,-145.45,374.24,42.53,1.00
70,29,-145.45,374.24,25.50,1.00
70,30,-145.45,374.24,8.48,1.00
70,31,-145.45,374.24,-8.54,1.00
70,32,-145.45,374.24,-25.56,1.00
70,33,-145.45,374.24,-42.58,1.00
70,34,-145.45,374.24,-59.60,1.00
70,35,-145.45,374.24,-76.62,1.00
70,36,-145.45,374.24,-93.64,1.00
70,37,-145.45,374.24,-110.66,1.00
70,38,-145.45,374.24,-127.68,1.00
70,39,-145.45,374.24,-144.70,1.00
70,40,-145.45,374.24,-161.72,1.00
70,41,-145.45,374.24,-178.74,1.00
70,42,-145.45,374.24,-195.77,1.00
70,43,-145.45,374.24,-212.79,1.00
70,44,-145.45,374.24,-229.81,1.00
70,45,-145.45,374.24,-246.83,1.00
70,46,-145.45,374.24,-263.85,1.00
70,47,-145.45,374.24,-280.87,1.00
70,48,-145.45,374.24,-297.89,1.00
70,49,-145.45,374.24,-314.91,1.00
70,50,-145.45,374.24,-331.93,1.00
70,51,-145.45,374.24,-348.95,1.00
70,52,-145.45,374.24,-365.97,1.00
70,53,-145.45,374.24,-382.99,1.00
70,54,-145.45,374.24,-400.01,1.00
70,55,-145.45,374.24,-417.03,1.00
70,56,-145.45,374.24,-434.06,1.00
70,57,-145.45,374.24,-451.08,1.00
70,58,-145.45,374.24,-468.10,1.00
70,59,-145.45,374.24,-485.12,1.00
70,60,-145.45,374.24,-503.14,1.00
71,1,-21.97,393.24,499.81,1.00
71,2,-21.97,393.24,482.79,1.00
71,3,-21.97,393.24,465.77,1.00
71,4,-21.97,393.24,448.75,1.00
71,5,-21.97,393.24,431.73,1.00
71,6,-21.97,393.24,414.71,1.00
71,7,-21.97,393.24,397.69,1.00
71,8,-21.97,393.24,380.67,1.00
71,9,-21.97,393.24,363.65,1.00
71,10,-21.97,393.24,346.63,1.00
71,11,-21.97,393.24,329.61,1.00
71,12,-21.97,393.24,312.59,1.00
71,13,-21.97,393.24,295.57,1.00
71,14,-21.97,393.24,278.54,1.00
71,15,-21.97,393.24,261.52,1.00
71,16,-21.97,393.24,244.50,1.00
71,17,-21.97,393.24,227.48,1.00
71,18,-21.97,393.24,210.46,1.00
71,19,-21.97,393.24,193.44,1.00
71,20,-21.97,393.24,176.42,1.00
71,21,-21.97,393.24,159.40,1.00
71,22,-21.97,393.24,142.38,1.00
71,23,-21.97,393.24,125.36,1.00
71,24,-21.97,393.24,108.34,1.00
71,25,-21.97,393.24,91.32,1.00
71,26,-21.97,393.24,74.30,1.00
71,27,-21.97,393.24,57.28,1.00
71,28,-21.97,393.24,40.25,1.00
71,29,-21.97,393.24,23.23,1.00
71,30,-21.97,393.24,6.21,1.00
71,31,-21.97,393.24,-10.81,1.00
71,32,-21.97,393.24,-27.83,1.00
71,33,-21.97,393.24,-44.85,1.00
71,34,-21.97,393.24,-61.87,1.00
71,35,-21.97,393.24,-78.89,1.00
71,36,-21.97,393.24,-95.91,1.00
71,37,-21.97,393.24,-112.93,1.00
71,38,-21.97,393.24,-129.95,1.00
71,39,-21.97,393.24,-146.97,1.00
71,40,-21.97,393.24,-163.99,1.00
71,41,-21.97,393.24,-181.02,1.00
71,42,-21.97,393.24,-198.04,1.00
71,43,-21.97,393.24,-215.06,1.00
71,44,-21.97,393.24,-232.08,1.00
71,45,-21.97,393.24,-249.10,1.00
71,46,-21.97,393.24,-266.12,1.00
71,47,-21.97,393.24,-283.14,1.00
71,48,-21.97,393.24,-300.16,1.00
71,49,-21.97,393.24,-317.18,1.00
71,50,-21.97,393.24,-334.20,1.00
71,51,-21.97,393.24,-351.22,1.00
71,52,-21.97,393.24,-368.24,1.00
71,53,-21.97,393.24,-385.26,1.00
71,54,-21.97,393.24,-402.29,1.00
71,55,-21.97,393.24,-419.31,1.00
71,56,-21.97,393.24,-436.33,1.00
71,57,-21.97,393.24,-453.35,1.00
71,58,-21.97,393.24,-470.37,1.00
71,59,-21.97,393.24,-487.39,1.00
71,60,-21.97,393.24,-504.41,1.00
72,1,101.04,412.79,504.42,1.00
72,2,101.04,412.79,487.39,1.00
72,3,101.04,412.79,470.37,1.00
72,4,101.04,412.79,453.35,1.00
72,5,101.04,412.79,436.33,1.00
72,6,101.04,412.79,419.31,1.00
72,7,101.04,412.79,402.29,1.00
72,8,101.04,412.79,385.27,1.00
72,9,101.04,412.79,368.25,1.00
72,10,101.04,412.79,351.23,1.00
72,11,101.04,412.79,334.21,1.00
72,12,101.04,412.79,317.19,1.00
72,13,101.04,412.79,300.17,1.00
72,14,101.04,412.79,283.15,1.00
72,15,101.04,412.79,266.13,1.00
72,16,101.04,412.79,249.10,1.00
72,17,101.04,412.79,232.08,1.00
72,18,101.04,412.79,215.06,1.00
72,19,101.04,412.79,198.04,1.00
72,20,101.04,412.79,181.02,1.00
72,21,101.04,412.79,164.00,1.00
72,22,101.04,412.79,146.98,1.00
72,23,101.04,412.79,129.96,1.00
72,24,101.04,412.79,112.94,1.00
72,25,101.04,412.79,95.92,1.00
72,26,101.04,412.79,78.90,1.00
72,27,101.04,412.79,61.88,1.00
72,28,101.04,412.79,44.86,1.00
72,29,101.04,412.79,27.83,1.00
72,30,101.04,412.79,10.81,1.00
72,31,101.04,412.79,-6.21,1.00
72,32,101.04,412.79,-23.23,1.00
72,33,101.04,412.79,-40.25,1.00
72,34,101.04,412.79,-57.27,1.00
72,35,101.04,412.79,-74.29,1.00
72,36,101.04,412.79,-91.31,1.00
72,37,101.04,412.79,-108.33,1.00
72,38,101.04,412.79,-125.35,1.00
72,39,101.04,412.79,-142.37,1.00
72,40,101.04,412.79,-159.39,1.00
72,41,101.04,412.79,-176.41,1.00
72,42,101.04,412.79,-193.44,1.00
72,43,101.04,412.79,-210.46,1.00
72,44,101.04,412.79,-227.48,1.00
72,45,101.04,412.79,-244.50,1.00
72,46,101.04,412.79,-261.52,1.00
72,47,101.04,412.79,-278.54,1.00
72,48,101.04,412.79,-295.56,1.00
72,49,101.04,412.79,-312.58,1.00
72,50,101.04,412.79,-329.60,1.00
72,51,101.04,412.79,-346.62,1.00
72,52,101.04,412.79,-363.64,1.00
72,53,101.04,412.79,-380.66,1.00
72,54,101.04,412.79,-397.68,1.00
72,55,101.04,412.79,-414.71,1.00
72,56,101.04,412.79,-431.73,1.00
72,57,101.04,412.79,-448.75,1.00
72,58,101.04,412.79,-465.77,1.00
72,59,101.04,412.79,-482.79,1.00
72,60,101.04,412.79,-500.51,1.00
73,1,224.58,432.35,497.06,1.00
73,2,224.58,432.35,480.04,1.00
73,3,224.58,432.35,463.02,1.00
73,4,224.58,432.35,446.00,1.00
73,5,224.58,432.35,428.98,1.00
73,6,224.58,432.35,411.96,1.00
73,7,224.58,432.35,394.94,1.00
73,8,224.58,432.35,377.92,1.00
73,9,224.58,432.35,360.90,1.00
73,10,224.58,432.35,343.88,1.00
73,11,224.58,432.35,326.86,1.00
73,12,224.58,432.35,309.84,1.00
73,13,224.58,432.35,292.82,1.00
73,14,224.58,432.35,275.79,1.00
73,15,224.58,432.35,258.77,1.00
73,16,224.58,432.35,241.75,1.00
73,17,224.58,432.35,224.73,1.00
73,18,224.58,432.35,207.71,1.00
73,19,224.58,432.35,190.69,1.00
73,20,224.58,432.35,173.67,1.00
73,21,224.58,432.35,156.65,1.00
73,22,224.58,432.35,139.63,1.00
73,23,224.58,432.35,122.61,1.00
73,24,224.58,432.35,105.59,1.00
73,25,224.58,432.35,88.57,1.00
73,26,224.58,432.35,71.55,1.00
73,27,224.58,432.35,54.53,1.00
73,28,224.58,432.35,37.50,1.00
73,29,224.58,432.35,20.48,1.00
73,30,224.58,432.35,3.46,1.00
73,31,224.58,432.35,-13.56,1.00
73,32,224.58,432.35,-30.58,1.00
73,33,224.58,432.35,-47.60,1.00
73,34,224.58,432.35,-64.62,1.00
73,35,224.58,432.35,-81.64,1.00
73,36,224.58,432.35,-98.66,1.00
73,37,224.58,432.35,-115.68,1.00
73,38,224.58,432.35,-132.70,1.00
73,39,224.58,432.35,-149.72,1.00
73,40,224.58,432.35,-166.74,1.00
73,41,224.58,432.35,-183.77,1.00
73,42,224.58,432.35,-200.79,1.00
73,43,224.58,432.35,-217.81,1.00
73,44,224.58,432.35,-234.83,1.00
73,45,224.58,432.35,-251.85,1.00
73,46,224.58,432.35,-268.87,1.00
73,47,224.58,432.35,-285.89,1.00
73,48,224.58,432.35,-302.91,1.00
73,49,224.58,432.35,-319.93,1.00
73,50,224.58,432.35,-336.95,1.00
73,51,224.58,432.35,-353.97,1.00
73,52,224.58,432.35,-370.99,1.00
73,53,224.58,432.35,-388.01,1.00
73,54,224.58,432.35,-405.04,1.00
73,55,224.58,432.35,-422.06,1.00
73,56,224.58,432.35,-439.08,1.00
73,57,224.58,432.35,-456.10,1.00
73,58,224.58,432.35,-473.12,1.00
73,59,224.58,432.35,-490.14,1.00
73,60,224.58,432.35,-507.16,1.00
74,1,338.44,463.72,505.72,1.00
74,2,338.44,463.72,488.70,1.00
74,3,338.44,463.72,471.68,1.00
74,4,338.44,463.72,454.66,1.00
74,5,338.44,463.72,437.64,1.00
74,6,338.44,463.72,420.62,1.00
74,7,338.44,463.72,403.60,1.00
74,8,338.44,463.72,386.58,1.00
74,9,338.44,463.72,369.56,1.00
74,10,338.44,463.72,352.54,1.00
74,11,338.44,463.72,335.52,1.00
74,12,338.44,463.72,318.50,1.00
74,13,338.44,463.72,301.48,1.00
74,14,338.44,463.72,284.45,1.00
74,15,338.44,463.72,267.43,1.00
74,16,338.44,463.72,250.41,1.00
74,17,338.44,463.72,233.39,1.00
74,18,338.44,463.72,216.37,1.00
74,19,338.44,463.72,199.35,1.00
74,20,338.44,463.72,182.33,1.00
74,21,338.44,463.72,165.31,1.00
74,22,338.44,463.72,148.29,1.00
74,23,338.44,463.72,131.27,1.00
74,24,338.44,463.72,114.25,1.00
74,25,338.44,463.72,97.23,1.00
74,26,338.44,463.72,80.21,1.00
74,27,338.44,463.72,63.19,1.00
74,28,338.44,463.72,46.16,1.00
74,29,338.44,463.72,29.14,1.00
74,30,338.44,463.72,12.12,1.00
74,31,338.44,463.72,-4.90,1.00
74,32,338.44,463.72,-21.92,1.00
74,33,338.44,463.72,-38.94,1.00
74,34,338.44,463.72,-55.96,1.00
74,35,338.44,463.72,-72.98,1.00
74,36,338.44,463.72,-90.00,1.00
74,37,338.44,463.72,-107.02,1.00
74,38,338.44,463.72,-124.04,1.00
74,39,338.44,463.72,-141.06,1.00
74,40,338.44,463.72,-158.08,1.00
74,41,338.44,463.72,-175.11,1.00
74,42,338.44,463.72,-192.13,1.00
74,43,338.44,463.72,-209.15,1.00
74,44,338.44,463.72,-226.17,1.00
74,45,338.44,463.72,-243.19,1.00
74,46,338.44,463.72,-260.21,1.00
74,47,338.44,463.72,-277.23,1.00
74,48,338.44,463.72,-294.25,1.00
74,49,338.44,463.72,-311.27,1.00
74,50,338.44,463.72,-328.29,1.00
74,51,338.44,463.72,-345.31,1.00
74,52,338.44,463.72,-362.33,1.00
74,53,338.44,463.72,-379.35,1.00
74,54,338.44,463.72,-396.38,1.00
74,55,338.44,463.72,-413.40,1.00
74,56,338.44,463.72,-430.42,1.00
74,57,338.44,463.72,-447.44,1.00
74,58,338.44,463.72,-464.46,1.00
74,59,338.44,463.72,-481.48,1.00
74,60,338.44,463.72,-498.50,1.00
75,1,-347.88,451.52,502.01,1.00
75,2,-347.88,451.52,484.98,1.00
75,3,-347.88,451.52,467.96,1.00
75,4,-347.88,451.52,450.94,1.00
75,5,-347.88,451.52,433.92,1.00
75,6,-347.88,451.52,416.90,1.00
75,7,-347.88,451.52,399.88,1.00
75,8,-347.88,451.52,382.86,1.00
75,9,-347.88,451.52,365.84,1.00
75,10,-347.88,451.52,348.82,1.00
75,11,-347.88,451.52,331.80,1.00
75,12,-347.88,451.52,314.78,1.00
75,13,-347.88,451.52,297.76,1.00
75,14,-347.88,451.52,280.74,1.00
75,15,-347.88,451.52,263.71,1.00
75,16,-347.88,451.52,246.69,1.00
75,17,-347.88,451.52,229.67,1.00
75,18,-347.88,451.52,212.65,1.00
75,19,-347.88,451.52,195.63,1.00
75,20,-347.88,451.52,178.61,1.00
75,21,-347.88,451.52,161.59,1.00
75,22,-347.88,451.52,144.57,1.00
75,23,-347.88,451.52,127.55,1.00
75,24,-347.88,451.52,110.53,1.00
75,25,-347.88,451.52,93.51,1.00
75,26,-347.88,451.52,76.49,1.00
75,27,-347.88,451.52,59.47,1.00
75,28,-347.88,451.52,42.44,1.00
75,29,-347.88,451.52,25.42,1.00
75,30,-347.88,451.52,8.40,1.00
75,31,-347.88,451.52,-8.62,1.00
75,32,-347.88,451.52,-25.64,1.00
75,33,-347.88,451.52,-42.66,1.00
75,34,-347.88,451.52,-59.68,1.00
75,35,-347.88,451.52,-76.70,1.00
75,36,-347.88,451.52,-93.72,1.00
75,37,-347.88,451.52,-110.74,1.00
75,38,-347.88,451.52,-127.76,1.00
75,39,-347.88,451.52,-144.78,1.00
75,40,-347.88,451.52,-161.80,1.00
75,41,-347.88,451.52,-178.83,1.00
75,42,-347.88,451.52,-195.85,1.00
75,43,-347.88,451.52,-212.87,1.00
75,44,-347.88,451.52,-229.89,1.00
75,45,-347.88,451.52,-246.91,1.00
75,46,-347.88,451.52,-263.93,1.00
75,47,-347.88,451.52,-280.95,1.00
75,48,-347.88,451.52,-297.97,1.00
75,49,-347.88,451.52,-314.99,1.00
75,50,-347.88,451.52,-332.01,1.00
75,51,-347.88,451.52,-349.03,1.00
75,52,-347.88,451.52,-366.05,1.00
75,53,-347.88,451.52,-383.07,1.00
75,54,-347.88,451.52,-400.09,1.00
75,55,-347.88,451.52,-417.12,1.00
75,56,-347.88,451.52,-434.14,1.00
75,57,-347.88,451.52,-451.16,1.00
75,58,-347.88,451.52,-468.18,1.00
75,59,-347.88,451.52,-485.20,1.00
75,60,-347.88,451.52,-502.62,1.00
76,1,-224.09,470.86,502.42,1.00
76,2,-224.09,470.86,485.40,1.00
76,3,-224.09,470.86,468.38,1.00
76,4,-224.09,470.86,451.36,1.00
76,5,-224.09,470.86,434.34,1.00
76,6,-224.09,470.86,417.32,1.00
76,7,-224.09,470.86,400.30,1.00
76,8,-224.09,470.86,383.28,1.00
76,9,-224.09,470.86,366.26,1.00
76,10,-224.09,470.86,349.24,1.00
76,11,-224.09,470.86,332.22,1.00
76,12,-224.09,470.86,315.20,1.00
76,13,-224.09,470.86,298.18,1.00
76,14,-224.09,470.86,281.15,1.00
76,15,-224.09,470.86,264.13,1.00
76,16,-224.09,470.86,247.11,1.00
76,17,-224.09,470.86,230.09,1.00
76,18,-224.09,470.86,213.07,1.00
76,19,-224.09,470.86,196.05,1.00
76,20,-224.09,470.86,179.03,1.00
76,21,-224.09,470.86,162.01,1.00
76,22,-224.09,470.86,144.99,1.00
76,23,-224.09,470.86,127.97,1.00
76,24,-224.09,470.86,110.95,1.00
76,25,-224.09,470.86,93.93,1.00
76,26,-224.09,470.86,76.91,1.00
76,27,-224.09,470.86,59.89,1.00
76,28,-224.09,470.86,42.86,1.00
76,29,-224.09,470.86,25.84,1.00
76,30,-224.09,470.86,8.82,1.00
76,31,-224.09,470.86,-8.20,1.00
76,32,-224.09,470.86,-25.22,1.00
76,33,-224.09,470.86,-42.24,1.00
76,34,-224.09,470.86,-59.26,1.00
76,35,-224.09,470.86,-76.28,1.00
76,36,-224.09,470.86,-93.30,1.00
76,37,-224.09,470.86,-110.32,1.00
76,38,-224.09,470.86,-127.34,1.00
76,39,-224.09,470.86,-144.36,1.00
76,40,-224.09,470.86,-161.38,1.00
76,41,-224.09,470.86,-178.41,1.00
76,42,-224.09,470.86,-195.43,1.00
76,43,-224.09,470.86,-212.45,1.00
76,44,-224.09,470.86,-229.47,1.00
76,45,-224.09,470.86,-246.49,1.00
76,46,-224.09,470.86,-263.51,1.00
76,47,-224.09,470.86,-280.53,1.00
76,48,-224.09,470.86,-297.55,1.00
76,49,-224.09,470.86,-314.57,1.00
76,50,-224.09,470.86,-331.59,1.00
76,51,-224.09,470.86,-348.61,1.00
76,52,-224.09,470.86,-365.63,1.00
76,53,-224.09,470.86,-382.65,1.00
76,54,-224.09,470.86,-399.68,1.00
76,55,-224.09,470.86,-416.70,1.00
76,56,-224.09,470.86,-433.72,1.00
76,57,-224.09,470.86,-450.74,1.00
76,58,-224.09,470.86,-467.76,1.00
76,59,-224.09,470.86,-484.78,1.00
76,60,-224.09,470.86,-501.80,1.00
77,1,-101.06,490.22,501.49,1.00
77,2,-101.06,490.22,484.46,1.00
77,3,-101.06,490.22,467.44,1.00
77,4,-101.06,490.22,450.42,1.00
77,5,-101.06,490.22,433.40,1.00
77,6,-101.06,490.22,416.38,1.00
77,7,-101.06,490.22,399.36,1.00
77,8,-101.06,490.22,382.34,1.00
77,9,-101.06,490.22,365.32,1.00
77,10,-101.06,490.22,348.30,1.00
77,11,-101.06,490.22,331.28,1.00
77,12,-101.06,490.22,314.26,1.00
77,13,-101.06,490.22,297.24,1.00
77,14,-101.06,490.22,280.22,1.00
77,15,-101.06,490.22,263.19,1.00
77,16,-101.06,490.22,246.17,1.00
77,17,-101.06,490.22,229.15,1.00
77,18,-101.06,490.22,212.13,1.00
77,19,-101.06,490.22,195.11,1.00
77,20,-101.06,490.22,178.09,1.00
77,21,-101.06,490.22,161.07,1.00
77,22,-101.06,490.22,144.05,1.00
77,23,-101.06,490.22,127.03,1.00
77,24,-101.06,490.22,110.01,1.00
77,25,-101.06,490.22,92.99,1.00
77,26,-101.06,490.22,75.97,1.00
77,27,-101.06,490.22,58.95,1.00
77,28,-101.06,490.22,41.92,1.00
77,29,-101.06,490.22,24.90,1.00
77,30,-101.06,490.22,7.88,1.00
77,31,-101.06,490.22,-9.14,1.00
77,32,-101.06,490.22,-26.16,1.00
77,33,-101.06,490.22,-43.18,1.00
77,34,-101.06,490.22,-60.20,1.00
77,35,-101.06,490.22,-77.22,1.00
77,36,-101.06,490.22,-94.24,1.00
77,37,-101.06,490.22,-111.26,1.00
77,38,-101.06,490.22,-128.28,1.00
77,39,-101.06,490.22,-145.30,1.00
77,40,-101.06,490.22,-162.32,1.00
77,41,-101.06,490.22,-179.34,1.00
77,42,-101.06,490.22,-196.37,1.00
77,43,-101.06,490.22,-213.39,1.00
77,44,-101.06,490.22,-230.41,1.00
77,45,-101.06,490.22,-247.43,1.00
77,46,-101.06,490.22,-264.45,1.00
77,47,-101.06,490.22,-281.47,1.00
77,48,-101.06,490.22,-298.49,1.00
77,49,-101.06,490.22,-315.51,1.00
77,50,-101.06,490.22,-332.53,1.00
77,51,-101.06,490.22,-349.55,1.00
77,52,-101.06,490.22,-366.57,1.00
77,53,-101.06,490.22,-383.59,1.00
77,54,-101.06,490.22,-400.61,1.00
77,55,-101.06,490.22,-417.64,1.00
77,56,-101.06,490.22,-434.66,1.00
77,57,-101.06,490.22,-451.68,1.00
77,58,-101.06,490.22,-468.70,1.00
77,59,-101.06,490.22,-485.72,1.00
77,60,-101.06,490.22,-503.24,1.00
78,1,22.11,509.50,504.66,1.00
78,2,22.11,509.50,487.64,1.00
78,3,22.11,509.50,470.62,1.00
78,4,22.11,509.50,453.60,1.00
78,5,22.11,509.50,436.58,1.00
78,6,22.11,509.50,419.56,1.00
78,7,22.11,509.50,402.54,1.00
78,8,22.11,509.50,385.52,1.00
78,9,22.11,509.50,368.50,1.00
78,10,22.11,509.50,351.48,1.00
78,11,22.11,509.50,334.46,1.00
78,12,22.11,509.50,317.44,1.00
78,13,22.11,509.50,300.42,1.00
78,14,22.11,509.50,283.39,1.00
78,15,22.11,509.50,266.37,1.00
78,16,22.11,509.50,249.35,1.00
78,17,22.11,509.50,232.33,1.00
78,18,22.11,509.50,215.31,1.00
78,19,22.11,509.50,198.29,1.00
78,20,22.11,509.50,181.27,1.00
78,21,22.11,509.50,164.25,1.00
78,22,22.11,509.50,147.23,1.00
78,23,22.11,509.50,130.21,1.00
78,24,22.11,509.50,113.19,1.00
78,25,22.11,509.50,96.17,1.00
78,26,22.11,509.50,79.15,1.00
78,27,22.11,509.50,62.13,1.00
78,28,22.11,509.50,45.10,1.00
78,29,22.11,509.50,28.08,1.00
78,30,22.11,509.50,11.06,1.00
78,31,22.11,509.50,-5.96,1.00
78,32,22.11,509.50,-22.98,1.00
78,33,22.11,509.50,-40.00,1.00
78,34,22.11,509.50,-57.02,1.00
78,35,22.11,509.50,-74.04,1.00
78,36,22.11,509.50,-91.06,1.00
78,37,22.11,509.50,-108.08,1.00
78,38,22.11,509.50,-125.10,1.00
78,39,22.11,509.50,-142.12,1.00
78,40,22.11,509.50,-159.14,1.00
78,41,22.11,509.50,-176.17,1.00
78,42,22.11,509.50,-193.19,1.00
78,43,22.11,509.50,-210.21,1.00
78,44,22.11,509.50,-227.23,1.00
78,45,22.11,509.50,-244.25,1.00
78,46,22.11,509.50,-261.27,1.00
78,47,22.11,509.50,-278.29,1.00
78,48,22.11,509.50,-295.31,1.00
78,49,22.11,509.50,-312.33,1.00
78,50,22.11,509.50,-329.35,1.00
78,51,22.11,509.50,-346.37,1.00
78,52,22.11,509.50,-363.39,1.00
78,53,22.11,509.50,-380.41,1.00
78,54,22.11,509.50,-397.44,1.00
78,55,22.11,509.50,-414.46,1.00
78,56,22.11,509.50,-431.48,1.00
78,57,22.11,509.50,-448.50,1.00
78,58,22.11,509.50,-465.52,1.00
78,59,22.11,509.50,-482.54,1.00
78,60,22.11,509.50,-499.56,1.00
79,1,31.25,-72.93,188.29,1.00
79,2,31.25,-72.93,178.28,1.00
79,3,31.25,-72.93,168.27,1.00
79,4,31.25,-72.93,158.26,1.00
79,5,31.25,-72.93,148.24,1.00
79,6,31.25,-72.93,138.23,1.00
79,7,31.25,-72.93,128.22,1.00
79,8,31.25,-72.93,118.21,1.00
79,9,31.25,-72.93,108.20,1.00
79,10,31.25,-72.93,98.18,1.00
79,11,31.25,-72.93,-159.13,1.00
79,12,31.25,-72.93,-166.14,1.00
79,13,31.25,-72.93,-173.15,1.00
79,14,31.25,-72.93,-180.16,1.00
79,15,31.25,-72.93,-187.16,1.00
79,16,31.25,-72.93,-194.17,1.00
79,17,31.25,-72.93,-201.18,1.00
79,18,31.25,-72.93,-208.19,1.00
79,19,31.25,-72.93,-215.20,1.00
79,20,31.25,-72.93,-222.21,1.00
79,21,31.25,-72.93,-229.22,1.00
79,22,31.25,-72.93,-236.22,1.00
79,23,31.25,-72.93,-243.23,1.00
79,24,31.25,-72.93,-250.24,1.00
79,25,31.25,-72.93,-257.25,1.00
79,26,31.25,-72.93,-264.26,1.00
79,27,31.25,-72.93,-271.27,1.00
79,28,31.25,-72.93,-278.28,1.00
79,29,31.25,-72.93,-285.28,1.00
79,30,31.25,-72.93,-292.29,1.35
79,31,31.25,-72.93,-299.30,1.35
79,32,31.25,-72.93,-306.31,1.00
79,33,31.25,-72.93,-313.32,1.35
79,34,31.25,-72.93,-320.33,1.35
79,35,31.25,-72.93,-327.34,1.35
79,36,31.25,-72.93,-334.34,1.35
79,37,31.25,-72.93,-341.35,1.35
79,38,31.25,-72.93,-348.36,1.35
79,39,31.25,-72.93,-355.37,1.35
79,40,31.25,-72.93,-362.38,1.35
79,41,31.25,-72.93,-369.39,1.00
79,42,31.25,-72.93,-376.40,1.35
79,43,31.25,-72.93,-383.40,1.00
79,44,31.25,-72.93,-390.41,1.35
79,45,31.25,-72.93,-397.42,1.00
79,46,31.25,-72.93,-404.43,1.00
79,47,31.25,-72.93,-411.44,1.00
79,48,31.25,-72.93,-418.45,1.00
79,49,31.25,-72.93,-425.45,1.00
79,50,31.25,-72.93,-432.46,1.00
79,51,31.25,-72.93,-439.47,1.00
79,52,31.25,-72.93,-446.48,1.00
79,53,31.25,-72.93,-453.49,1.00
79,54,31.25,-72.93,-460.50,1.00
79,55,31.25,-72.93,-467.51,1.00
79,56,31.25,-72.93,-474.51,1.00
79,57,31.25,-72.93,-481.52,1.00
79,58,31.25,-72.93,-488.53,1.00
79,59,31.25,-72.93,-495.54,1.00
79,60,31.25,-72.93,-503.42,1.00
80,1,72.37,-66.60,187.59,1.00
80,2,72.37,-66.60,177.58,1.00
80,3,72.37,-66.60,167.57,1.00
80,4,72.37,-66.60,157.56,1.00
80,5,72.37,-66.60,147.54,1.00
80,6,72.37,-66.60,137.53,1.00
80,7,72.37,-66.60,127.52,1.00
80,8,72.37,-66.60,117.51,1.00
80,9,72.37,-66.60,107.50,1.00
80,10,72.37,-66.60,97.48,1.00
80,11,72.37,-66.60,-159.83,1.00
80,12,72.37,-66.60,-166.84,1.00
80,13,72.37,-66.60,-173.85,1.00
80,14,72.37,-66.60,-180.86,1.00
80,15,72.37,-66.60,-187.86,1.00
80,16,72.37,-66.60,-194.87,1.00
80,17,72.37,-66.60,-201.88,1.00
80,18,72.37,-66.60,-208.89,1.00
80,19,72.37,-66.60,-215.90,1.00
80,20,72.37,-66.60,-222.91,1.00
80,21,72.37,-66.60,-229.92,1.00
80,22,72.37,-66.60,-236.92,1.00
80,23,72.37,-66.60,-243.93,1.00
80,24,72.37,-66.60,-250.94,1.00
80,25,72.37,-66.60,-257.95,1.00
80,26,72.37,-66.60,-264.96,1.00
80,27,72.37,-66.60,-271.97,1.00
80,28,72.37,-66.60,-278.98,1.00
80,29,72.37,-66.60,-285.98,1.00
80,30,72.37,-66.60,-292.99,1.35
80,31,72.37,-66.60,-300.00,1.35
80,32,72.37,-66.60,-307.01,1.35
80,33,72.37,-66.60,-314.02,1.35
80,34,72.37,-66.60,-321.03,1.35
80,35,72.37,-66.60,-328.04,1.35
80,36,72.37,-66.60,-335.04,1.35
80,37,72.37,-66.60,-342.05,1.35
80,38,72.37,-66.60,-349.06,1.35
80,39,72.37,-66.60,-356.07,1.35
80,40,72.37,-66.60,-363.08,1.35
80,41,72.37,-66.60,-370.09,1.35
80,42,72.37,-66.60,-377.10,1.35
80,43,72.37,-66.60,-384.10,1.35
80,44,72.37,-66.60,-391.11,1.00
80,45,72.37,-66.60,-398.12,1.00
80,46,72.37,-66.60,-405.13,1.00
80,47,72.37,-66.60,-412.14,1.00
80,48,72.37,-66.60,-419.15,1.00
80,49,72.37,-66.60,-426.16,1.00
80,50,72.37,-66.60,-433.16,1.00
80,51,72.37,-66.60,-440.17,1.00
80,52,72.37,-66.60,-447.18,1.00
80,53,72.37,-66.60,-454.19,1.00
80,54,72.37,-66.60,-461.20,1.00
80,55,72.37,-66.60,-468.21,1.00
80,56,72.37,-66.60,-475.22,1.00
80,57,72.37,-66.60,-482.22,1.00
80,58,72.37,-66.60,-489.23,1.00
80,59,72.37,-66.60,-496.24,1.00
80,60,72.37,-66.60,-503.63,1.00
81,1,41.60,35.49,189.52,1.35
81,2,41.60,35.49,179.51,1.35
81,3,41.60,35.49,169.50,1.35
81,4,41.60,35.49,159.49,1.35
81,5,41.60,35.49,149.47,1.35
81,6,41.60,35.49,139.46,1.35
81,7,41.60,35.49,129.45,1.35
81,8,41.60,35.49,119.44,1.35
81,9,41.60,35.49,109.43,1.35
81,10,41.60,35.49,99.41,1.35
81,11,41.60,35.49,-157.90,1.35
81,12,41.60,35.49,-164.91,1.35
81,13,41.60,35.49,-171.92,1.35
81,14,41.60,35.49,-178.93,1.35
81,15,41.60,35.49,-185.93,1.35
81,16,41.60,35.49,-192.94,1.35
81,17,41.60,35.49,-199.95,1.35
81,18,41.60,35.49,-206.96,1.35
81,19,41.60,35.49,-213.97,1.35
81,20,41.60,35.49,-220.98,1.35
81,21,41.60,35.49,-227.99,1.35
81,22,41.60,35.49,-234.99,1.35
81,23,41.60,35.49,-242.00,1.35
81,24,41.60,35.49,-249.01,1.35
81,25,41.60,35.49,-256.02,1.35
81,26,41.60,35.49,-263.03,1.35
81,27,41.60,35.49,-270.04,1.35
81,28,41.60,35.49,-277.05,1.35
81,29,41.60,35.49,-284.05,1.35
81,30,41.60,35.49,-291.06,1.35
81,31,41.60,35.49,-298.07,1.35
81,32,41.60,35.49,-305.08,1.35
81,33,41.60,35.49,-312.09,1.35
81,34,41.60,35.49,-319.10,1.35
81,35,41.60,35.49,-326.11,1.35
81,36,41.60,35.49,-333.11,1.35
81,37,41.60,35.49,-340.12,1.35
81,38,41.60,35.49,-347.13,1.35
81,39,41.60,35.49,-354.14,1.35
81,40,41.60,35.49,-361.15,1.35
81,41,41.60,35.49,-368.16,1.35
81,42,41.60,35.49,-375.17,1.35
81,43,41.60,35.49,-382.17,1.35
81,44,41.60,35.49,-389.18,1.35
81,45,41.60,35.49,-396.19,1.35
81,46,41.60,35.49,-403.20,1.35
81,47,41.60,35.49,-410.21,1.35
81,48,41.60,35.49,-417.22,1.35
81,49,41.60,35.49,-424.23,1.35
81,50,41.60,35.49,-431.23,1.35
81,51,41.60,35.49,-438.24,1.35
81,52,41.60,35.49,-445.25,1.35
81,53,41.60,35.49,-452.26,1.35
81,54,41.60,35.49,-459.27,1.35
81,55,41.60,35.49,-466.28,1.35
81,56,41.60,35.49,-473.29,1.35
81,57,41.60,35.49,-480.29,1.35
81,58,41.60,35.49,-487.30,1.35
81,59,41.60,35.49,-494.31,1.35
81,60,41.60,35.49,-501.61,1.35
82,1,106.94,27.09,186.66,1.35
82,2,106.94,27.09,176.65,1.35
82,3,106.94,27.09,166.64,1.35
82,4,106.94,27.09,156.63,1.35
82,5,106.94,27.09,146.61,1.35
82,6,106.94,27.09,136.60,1.35
82,7,106.94,27.09,126.59,1.35
82,8,106.94,27.09,116.58,1.35
82,9,106.94,27.09,106.56,1.35
82,10,106.94,27.09,96.55,1.35
82,11,106.94,27.09,-160.76,1.35
82,12,106.94,27.09,-167.77,1.35
82,13,106.94,27.09,-174.78,1.35
82,14,106.94,27.09,-181.79,1.35
82,15,106.94,27.09,-188.80,1.35
82,16,106.94,27.09,-195.80,1.35
82,17,106.94,27.09,-202.81,1.35
82,18,106.94,27.09,-209.82,1.35
82,19,106.94,27.09,-216.83,1.35
82,20,106.94,27.09,-223.84,1.35
82,21,106.94,27.09,-230.85,1.35
82,22,106.94,27.09,-237.86,1.35
82,23,106.94,27.09,-244.86,1.35
82,24,106.94,27.09,-251.87,1.35
82,25,106.94,27.09,-258.88,1.35
82,26,106.94,27.09,-265.89,1.35
82,27,106.94,27.09,-272.90,1.35
82,28,106.94,27.09,-279.91,1.35
82,29,106.94,27.09,-286.92,1.35
82,30,106.94,27.09,-293.92,1.35
82,31,106.94,27.09,-300.93,1.35
82,32,106.94,27.09,-307.94,1.35
82,33,106.94,27.09,-314.95,1.35
82,34,106.94,27.09,-321.96,1.35
82,35,106.94,27.09,-328.97,1.35
82,36,106.94,27.09,-335.98,1.35
82,37,106.94,27.09,-342.98,1.35
82,38,106.94,27.09,-349.99,1.35
82,39,106.94,27.09,-357.00,1.35
82,40,106.94,27.09,-364.01,1.35
82,41,106.94,27.09,-371.02,1.35
82,42,106.94,27.09,-378.03,1.35
82,43,106.94,27.09,-385.04,1.35
82,44,106.94,27.09,-392.04,1.35
82,45,106.94,27.09,-399.05,1.35
82,46,106.94,27.09,-406.06,1.35
82,47,106.94,27.09,-413.07,1.35
82,48,106.94,27.09,-420.08,1.35
82,49,106.94,27.09,-427.09,1.35
82,50,106.94,27.09,-434.10,1.35
82,51,106.94,27.09,-441.10,1.35
82,52,106.94,27.09,-448.11,1.35
82,53,106.94,27.09,-455.12,1.35
82,54,106.94,27.09,-462.13,1.35
82,55,106.94,27.09,-469.14,1.35
82,56,106.94,27.09,-476.15,1.35
82,57,106.94,27.09,-483.16,1.35
82,58,106.94,27.09,-490.16,1.35
82,59,106.94,27.09,-497.17,1.35
82,60,106.94,27.09,-503.62,1.35
83,1,113.19,-60.47,186.32,1.35
83,2,113.19,-60.47,176.31,1.35
83,3,113.19,-60.47,166.30,1.35
83,4,113.19,-60.47,156.29,1.35
83,5,113.19,-60.47,146.27,1.35
83,6,113.19,-60.47,136.26,1.35
83,7,113.19,-60.47,126.25,1.35
83,8,113.19,-60.47,116.24,1.35
83,9,113.19,-60.47,106.23,1.35
83,10,113.19,-60.47,96.21,1.35
83,11,113.19,-60.47,-161.10,1.35
83,12,113.19,-60.47,-168.11,1.35
83,13,113.19,-60.47,-175.12,1.35
83,14,113.19,-60.47,-182.13,1.35
83,15,113.19,-60.47,-189.13,1.35
83,16,113.19,-60.47,-196.14,1.35
83,17,113.19,-60.47,-203.15,1.35
83,18,113.19,-60.47,-210.16,1.35
83,19,113.19,-60.47,-217.17,1.35
83,20,113.19,-60.47,-224.18,1.35
83,21,113.19,-60.47,-231.19,1.35
83,22,113.19,-60.47,-238.19,1.35
83,23,113.19,-60.47,-245.20,1.35
83,24,113.19,-60.47,-252.21,1.35
83,25,113.19,-60.47,-259.22,1.35
83,26,113.19,-60.47,-266.23,1.35
83,27,113.19,-60.47,-273.24,1.35
83,28,113.19,-60.47,-280.25,1.35
83,29,113.19,-60.47,-287.25,1.35
83,30,113.19,-60.47,-294.26,1.35
83,31,113.19,-60.47,-301.27,1.35
83,32,113.19,-60.47,-308.28,1.35
83,33,113.19,-60.47,-315.29,1.35
83,34,113.19,-60.47,-322.30,1.35
83,35,113.19,-60.47,-329.31,1.35
83,36,113.19,-60.47,-336.31,1.35
83,37,113.19,-60.47,-343.32,1.35
83,38,113.19,-60.47,-350.33,1.35
83,39,113.19,-60.47,-357.34,1.35
83,40,113.19,-60.47,-364.35,1.35
83,41,113.19,-60.47,-371.36,1.35
83,42,113.19,-60.47,-378.37,1.35
83,43,113.19,-60.47,-385.37,1.35
83,44,113.19,-60.47,-392.38,1.35
83,45,113.19,-60.47,-399.39,1.35
83,46,113.19,-60.47,-406.40,1.35
83,47,113.19,-60.47,-413.41,1.35
83,48,113.19,-60.47,-420.42,1.35
83,49,113.19,-60.47,-427.42,1.35
83,50,113.19,-60.47,-434.43,1.35
83,51,113.19,-60.47,-441.44,1.35
83,52,113.19,-60.47,-448.45,1.35
83,53,113.19,-60.47,-455.46,1.35
83,54,113.19,-60.47,-462.47,1.35
83,55,113.19,-60.47,-469.48,1.35
83,56,113.19,-60.47,-476.48,1.35
83,57,113.19,-60.47,-483.49,1.35
83,58,113.19,-60.47,-490.50,1.35
83,59,113.19,-60.47,-497.28,1.35
83,60,113.19,-60.47,-505.41,1.35
84,1,57.20,-105.52,186.02,1.35
84,2,57.20,-105.52,176.01,1.35
84,3,57.20,-105.52,166.00,1.35
84,4,57.20,-105.52,155.99,1.35
84,5,57.20,-105.52,145.97,1.35
84,6,57.20,-105.52,135.96,1.35
84,7,57.20,-105.52,125.95,1.35
84,8,57.20,-105.52,115.94,1.35
84,9,57.20,-105.52,105.92,1.35
84,10,57.20,-105.52,95.91,1.35
84,11,57.20,-105.52,-161.40,1.35
84,12,57.20,-105.52,-168.41,1.35
84,13,57.20,-105.52,-175.42,1.35
84,14,57.20,-105.52,-182.43,1.35
84,15,57.20,-105.52,-189.44,1.35
84,16,57.20,-105.52,-196.44,1.35
84,17,57.20,-105.52,-203.45,1.35
84,18,57.20,-105.52,-210.46,1.35
84,19,57.20,-105.52,-217.47,1.35
84,20,57.20,-105.52,-224.48,1.35
84,21,57.20,-105.52,-231.49,1.35
84,22,57.20,-105.52,-238.50,1.35
84,23,57.20,-105.52,-245.50,1.35
84,24,57.20,-105.52,-252.51,1.35
84,25,57.20,-105.52,-259.52,1.35
84,26,57.20,-105.52,-266.53,1.35
84,27,57.20,-105.52,-273.54,1.35
84,28,57.20,-105.52,-280.55,1.35
84,29,57.20,-105.52,-287.56,1.35
84,30,57.20,-105.52,-294.56,1.35
84,31,57.20,-105.52,-301.57,1.35
84,32,57.20,-105.52,-308.58,1.35
84,33,57.20,-105.52,-315.59,1.35
84,34,57.20,-105.52,-322.60,1.35
84,35,57.20,-105.52,-329.61,1.35
84,36,57.20,-105.52,-336.62,1.35
84,37,57.20,-105.52,-343.62,1.35
84,38,57.20,-105.52,-350.63,1.35
84,39,57.20,-105.52,-357.64,1.35
84,40,57.20,-105.52,-364.65,1.35
84,41,57.20,-105.52,-371.66,1.35
84,42,57.20,-105.52,-378.67,1.35
84,43,57.20,-105.52,-385.68,1.35
84,44,57.20,-105.52,-392.68,1.35
84,45,57.20,-105.52,-399.69,1.35
84,46,57.20,-105.52,-406.70,1.35
84,47,57.20,-105.52,-413.71,1.35
84,48,57.20,-105.52,-420.72,1.35
84,49,57.20,-105.52,-427.73,1.35
84,50,57.20,-105.52,-434.74,1.35
84,51,57.20,-105.52,-441.74,1.35
84,52,57.20,-105.52,-448.75,1.35
84,53,57.20,-105.52,-455.76,1.35
84,54,57.20,-105.52,-462.77,1.35
84,55,57.20,-105.52,-469.78,1.35
84,56,57.20,-105.52,-476.79,1.35
84,57,57.20,-105.52,-483.79,1.35
84,58,57.20,-105.52,-490.80,1.35
84,59,57.20,-105.52,-497.81,1.35
84,60,57.20,-105.52,-504.30,1.35
85,1,-9.68,-79.50,191.01,1.35
85,2,-9.68,-79.50,181.00,1.35
85,3,-9.68,-79.50,170.99,1.35
85,4,-9.68,-79.50,160.98,1.35
85,5,-9.68,-79.50,150.96,1.35
85,6,-9.68,-79.50,140.95,1.35
85,7,-9.68,-79.50,130.94,1.35
85,8,-9.68,-79.50,120.93,1.35
85,9,-9.68,-79.50,110.91,1.35
85,10,-9.68,-79.50,100.90,1.35
85,11,-9.68,-79.50,-156.41,1.35
85,12,-9.68,-79.50,-163.42,1.35
85,13,-9.68,-79.50,-170.43,1.35
85,14,-9.68,-79.50,-177.44,1.35
85,15,-9.68,-79.50,-184.45,1.35
85,16,-9.68,-79.50,-191.45,1.35
85,17,-9.68,-79.50,-198.46,1.35
85,18,-9.68,-79.50,-205.47,1.35
85,19,-9.68,-79.50,-212.48,1.35
85,20,-9.68,-79.50,-219.49,1.35
85,21,-9.68,-79.50,-226.50,1.35
85,22,-9.68,-79.50,-233.51,1.35
85,23,-9.68,-79.50,-240.51,1.35
85,24,-9.68,-79.50,-247.52,1.35
85,25,-9.68,-79.50,-254.53,1.35
85,26,-9.68,-79.50,-261.54,1.35
85,27,-9.68,-79.50,-268.55,1.35
85,28,-9.68,-79.50,-275.56,1.35
85,29,-9.68,-79.50,-282.57,1.35
85,30,-9.68,-79.50,-289.57,1.35
85,31,-9.68,-79.50,-296.58,1.35
85,32,-9.68,-79.50,-303.59,1.35
85,33,-9.68,-79.50,-310.60,1.35
85,34,-9.68,-79.50,-317.61,1.35
85,35,-9.68,-79.50,-324.62,1.35
85,36,-9.68,-79.50,-331.63,1.35
85,37,-9.68,-79.50,-338.63,1.35
85,38,-9.68,-79.50,-345.64,1.35
85,39,-9.68,-79.50,-352.65,1.35
85,40,-9.68,-79.50,-359.66,1.35
85,41,-9.68,-79.50,-366.67,1.35
85,42,-9.68,-79.50,-373.68,1.35
85,43,-9.68,-79.50,-380.69,1.35
85,44,-9.68,-79.50,-387.69,1.35
85,45,-9.68,-79.50,-394.70,1.35
85,46,-9.68,-79.50,-401.71,1.35
85,47,-9.68,-79.50,-408.72,1.35
85,48,-9.68,-79.50,-415.73,1.35
85,49,-9.68,-79.50,-422.74,1.35
85,50,-9.68,-79.50,-429.75,1.35
85,51,-9.68,-79.50,-436.75,1.35
85,52,-9.68,-79.50,-443.76,1.35
85,53,-9.68,-79.50,-450.77,1.35
85,54,-9.68,-79.50,-457.78,1.35
85,55,-9.68,-79.50,-464.79,1.35
85,56,-9.68,-79.50,-471.80,1.35
85,57,-9.68,-79.50,-478.81,1.35
85,58,-9.68,-79.50,-485.81,1.35
85,59,-9.68,-79.50,-492.82,1.35
85,60,-9.68,-79.50,-499.28,1.35
86,1,-10.97,6.72,190.42,1.35
86,2,-10.97,6.72,180.41,1.35
86,3,-10.97,6.72,170.40,1.35
86,4,-10.97,6.72,160.39,1.35
86,5,-10.97,6.72,150.37,1.35
86,6,-10.97,6.72,140.36,1.35
86,7,-10.97,6.72,130.35,1.35
86,8,-10.97,6.72,120.34,1.35
86,9,-10.97,6.72,110.33,1.35
86,10,-10.97,6.72,100.31,1.35
86,11,-10.97,6.72,-157.00,1.35
86,12,-10.97,6.72,-164.01,1.35
86,13,-10.97,6.72,-171.02,1.35
86,14,-10.97,6.72,-178.03,1.35
86,15,-10.97,6.72,-185.03,1.35
86,16,-10.97,6.72,-192.04,1.35
86,17,-10.97,6.72,-199.05,1.35
86,18,-10.97,6.72,-206.06,1.35
86,19,-10.97,6.72,-213.07,1.35
86,20,-10.97,6.72,-220.08,1.35
86,21,-10.97,6.72,-227.09,1.35
86,22,-10.97,6.72,-234.09,1.35
86,23,-10.97,6.72,-241.10,1.35
86,24,-10.97,6.72,-248.11,1.35
86,25,-10.97,6.72,-255.12,1.35
86,26,-10.97,6.72,-262.13,1.35
86,27,-10.97,6.72,-269.14,1.00
86,28,-10.97,6.72,-276.15,1.00
86,29,-10.97,6.72,-283.15,1.35
86,30,-10.97,6.72,-290.16,1.35
86,31,-10.97,6.72,-297.17,1.35
86,32,-10.97,6.72,-304.18,1.35
86,33,-10.97,6.72,-311.19,1.35
86,34,-10.97,6.72,-318.20,1.35
86,35,-10.97,6.72,-325.21,1.35
86,36,-10.97,6.72,-332.21,1.35
86,37,-10.97,6.72,-339.22,1.35
86,38,-10.97,6.72,-346.23,1.35
86,39,-10.97,6.72,-353.24,1.35
86,40,-10.97,6.72,-360.25,1.35
86,41,-10.97,6.72,-367.26,1.35
86,42,-10.97,6.72,-374.27,1.35
86,43,-10.97,6.72,-381.27,1.35
86,44,-10.97,6.72,-388.28,1.35
86,45,-10.97,6.72,-395.29,1.35
86,46,-10.97,6.72,-402.30,1.35
86,47,-10.97,6.72,-409.31,1.35
86,48,-10.97,6.72,-416.32,1.35
86,49,-10.97,6.72,-423.33,1.35
86,50,-10.97,6.72,-430.33,1.35
86,51,-10.97,6.72,-437.34,1.35
86,52,-10.97,6.72,-444.35,1.35
86,53,-10.97,6.72,-451.36,1.35
86,54,-10.97,6.72,-458.37,1.35
86,55,-10.97,6.72,-465.38,1.35
86,56,-10.97,6.72,-472.39,1.35
86,57,-10.97,6.72,-479.39,1.35
86,58,-10.97,6.72,-486.40,1.35
86,59,-10.97,6.72,-493.41,1.35
86,60,-10.97,6.72,-500.73,1.35
